date,GOLD_open,GOLD_high,GOLD_low,GOLD_close,GOLD_volume,SILVER_open,SILVER_high,SILVER_low,SILVER_close,SILVER_volume,GOLD_FUT_open,GOLD_FUT_high,GOLD_FUT_low,GOLD_FUT_close,GOLD_FUT_volume,SILVER_FUT_open,SILVER_FUT_high,SILVER_FUT_low,SILVER_FUT_close,SILVER_FUT_volume,GOLD_INR_open,GOLD_INR_high,GOLD_INR_low,GOLD_INR_close,GOLD_INR_volume,SILVER_INR_open,SILVER_INR_high,SILVER_INR_low,SILVER_INR_close,SILVER_INR_volume,USDINR_open,USDINR_high,USDINR_low,USDINR_close,USDINR_volume,DXY_open,DXY_high,DXY_low,DXY_close,DXY_volume,US10Y_open,US10Y_high,US10Y_low,US10Y_close,US10Y_volume,US2Y_open,US2Y_high,US2Y_low,US2Y_close,US2Y_volume,REAL_YIELD_open,REAL_YIELD_high,REAL_YIELD_low,REAL_YIELD_close,REAL_YIELD_volume,CRUDE_OIL_open,CRUDE_OIL_high,CRUDE_OIL_low,CRUDE_OIL_close,CRUDE_OIL_volume,BRENT_OIL_open,BRENT_OIL_high,BRENT_OIL_low,BRENT_OIL_close,BRENT_OIL_volume,SP500_open,SP500_high,SP500_low,SP500_close,SP500_volume,NASDAQ_open,NASDAQ_high,NASDAQ_low,NASDAQ_close,NASDAQ_volume,DOW_open,DOW_high,DOW_low,DOW_close,DOW_volume,NIFTY50_open,NIFTY50_high,NIFTY50_low,NIFTY50_close,NIFTY50_volume,VIX_open,VIX_high,VIX_low,VIX_close,VIX_volume,INDIA_VIX_open,INDIA_VIX_high,INDIA_VIX_low,INDIA_VIX_close,INDIA_VIX_volume,GOLD_INR_calc_10g,SILVER_INR_calc_kg,gold_sma_5,gold_sma_10,gold_sma_20,gold_sma_50,gold_sma_100,gold_sma_200,gold_ema_9,gold_ema_20,gold_ema_50,gold_ema_200,gold_rsi_14,gold_stoch_rsi,gold_macd,gold_macd_signal,gold_macd_hist,gold_roc_10,gold_momentum_10,gold_atr_14,gold_historical_vol_20,gold_bb_upper,gold_bb_lower,gold_bb_width,gold_volume_sma_20,gold_relative_volume,gold_obv,gold_dist_sma_20,gold_dist_sma_50,gold_dist_sma_200,gold_dist_52w_high,gold_dist_52w_low,gold_golden_cross,gold_death_cross,gold_breakout_52w,gold_breakdown_52w,corr_GOLD_close_vs_DXY_close_20d,corr_GOLD_close_vs_DXY_close_60d,corr_GOLD_close_vs_DXY_close_120d,corr_GOLD_close_vs_DXY_close_252d,corr_GOLD_close_vs_US10Y_close_20d,corr_GOLD_close_vs_US10Y_close_60d,corr_GOLD_close_vs_US10Y_close_120d,corr_GOLD_close_vs_US10Y_close_252d,corr_GOLD_close_vs_REAL_YIELD_close_20d,corr_GOLD_close_vs_REAL_YIELD_close_60d,corr_GOLD_close_vs_REAL_YIELD_close_120d,corr_GOLD_close_vs_REAL_YIELD_close_252d,corr_GOLD_close_vs_CRUDE_OIL_close_20d,corr_GOLD_close_vs_CRUDE_OIL_close_60d,corr_GOLD_close_vs_CRUDE_OIL_close_120d,corr_GOLD_close_vs_CRUDE_OIL_close_252d,corr_GOLD_close_vs_SP500_close_20d,corr_GOLD_close_vs_SP500_close_60d,corr_GOLD_close_vs_SP500_close_120d,corr_GOLD_close_vs_SP500_close_252d,corr_GOLD_close_vs_VIX_close_20d,corr_GOLD_close_vs_VIX_close_60d,corr_GOLD_close_vs_VIX_close_120d,corr_GOLD_close_vs_VIX_close_252d,silver_sma_5,silver_sma_10,silver_sma_20,silver_sma_50,silver_sma_100,silver_sma_200,silver_ema_9,silver_ema_20,silver_ema_50,silver_ema_200,silver_rsi_14,silver_stoch_rsi,silver_macd,silver_macd_signal,silver_macd_hist,silver_roc_10,silver_momentum_10,silver_atr_14,silver_historical_vol_20,silver_bb_upper,silver_bb_lower,silver_bb_width,silver_volume_sma_20,silver_relative_volume,silver_obv,silver_dist_sma_20,silver_dist_sma_50,silver_dist_sma_200,silver_dist_52w_high,silver_dist_52w_low,silver_golden_cross,silver_death_cross,silver_breakout_52w,silver_breakdown_52w,corr_SILVER_close_vs_DXY_close_20d,corr_SILVER_close_vs_DXY_close_60d,corr_SILVER_close_vs_DXY_close_120d,corr_SILVER_close_vs_DXY_close_252d,corr_SILVER_close_vs_US10Y_close_20d,corr_SILVER_close_vs_US10Y_close_60d,corr_SILVER_close_vs_US10Y_close_120d,corr_SILVER_close_vs_US10Y_close_252d,corr_SILVER_close_vs_REAL_YIELD_close_20d,corr_SILVER_close_vs_REAL_YIELD_close_60d,corr_SILVER_close_vs_REAL_YIELD_close_120d,corr_SILVER_close_vs_REAL_YIELD_close_252d,corr_SILVER_close_vs_CRUDE_OIL_close_20d,corr_SILVER_close_vs_CRUDE_OIL_close_60d,corr_SILVER_close_vs_CRUDE_OIL_close_120d,corr_SILVER_close_vs_CRUDE_OIL_close_252d,corr_SILVER_close_vs_SP500_close_20d,corr_SILVER_close_vs_SP500_close_60d,corr_SILVER_close_vs_SP500_close_120d,corr_SILVER_close_vs_SP500_close_252d,corr_SILVER_close_vs_VIX_close_20d,corr_SILVER_close_vs_VIX_close_60d,corr_SILVER_close_vs_VIX_close_120d,corr_SILVER_close_vs_VIX_close_252d,corr_SILVER_close_vs_GOLD_close_20d,corr_SILVER_close_vs_GOLD_close_60d,corr_SILVER_close_vs_GOLD_close_120d,corr_SILVER_close_vs_GOLD_close_252d,gold_silver_ratio,ratio_zscore_252d,ratio_percentile_252d,gold_trend_regime,gold_volatility_regime,silver_trend_regime,silver_volatility_regime,DXY_close_ret_20d,US10Y_close_chg_20d,CRUDE_OIL_close_ret_20d,SP500_close_ret_20d,macro_regime,GOLD_ret_1d,GOLD_ret_5d,GOLD_ret_20d,SILVER_ret_1d,SILVER_ret_5d,SILVER_ret_20d,DXY_ret_1d,DXY_ret_5d,DXY_ret_20d,SP500_ret_1d,SP500_ret_5d,SP500_ret_20d,NIFTY50_ret_1d,NIFTY50_ret_5d,NIFTY50_ret_20d,CRUDE_OIL_ret_1d,CRUDE_OIL_ret_5d,CRUDE_OIL_ret_20d,US10Y_chg_1d,US10Y_chg_5d,US10Y_chg_20d,VIX_chg_1d,VIX_chg_5d,VIX_chg_20d,days_since_macro_event,days_to_macro_event,target_gold_future_ret_1d,target_gold_future_dir_1d,target_gold_future_ret_3d,target_gold_future_dir_3d,target_gold_future_ret_5d,target_gold_future_dir_5d,target_gold_future_ret_10d,target_gold_future_dir_10d,target_gold_future_ret_20d,target_gold_future_dir_20d,target_gold_future_ret_60d,target_gold_future_dir_60d,target_silver_future_ret_1d,target_silver_future_dir_1d,target_silver_future_ret_3d,target_silver_future_dir_3d,target_silver_future_ret_5d,target_silver_future_dir_5d,target_silver_future_ret_10d,target_silver_future_dir_10d,target_silver_future_ret_20d,target_silver_future_dir_20d,target_silver_future_ret_60d,target_silver_future_dir_60d
2026-08-25,4650.0,4697.7001953125,4616.0,4664.0,140302.0,69.42900085449219,69.42900085449219,69.42900085449219,69.42900085449219,23252.0,4650.0,4697.7001953125,4616.0,4664.0,140302.0,69.42900085449219,69.42900085449219,69.42900085449219,69.42900085449219,23252.0,133.02000427246094,133.4499969482422,132.27999877929688,132.77999877929688,39819108.0,228.6300048828125,231.0500030517578,228.1300048828125,229.0,19888848.0,95.72309875488281,95.78350067138672,95.20459747314453,95.72309875488281,0,99.12000274658203,99.26000213623047,99.06999969482422,99.16000366210938,0.0,4.664000034332275,4.671999931335449,4.63700008392334,4.638999938964844,0.0,3.7049999237060547,3.7100000381469727,3.703000068664551,3.7049999237060547,0.0,107.47000122070312,107.5199966430664,107.37999725341797,107.51000213623047,1265900.0,82.0,84.2699966430664,80.6500015258789,83.52999877929688,220113.0,87.55999755859375,90.33999633789062,86.29000091552734,89.69999694824219,9814.0,7666.8798828125,7690.72998046875,7657.41015625,7675.7001953125,4100600000.0,26099.580078125,26189.810546875,26021.630859375,26130.19921875,7065320000.0,53547.6796875,53639.75,53379.3984375,53463.87890625,426130000.0,24175.75,24334.55078125,24115.44921875,24334.55078125,239500.0,15.710000038146973,16.299999237060547,15.130000114440918,15.449999809265137,0.0,11.529999732971191,11.619999885559082,9.449999809265137,11.079999923706055,0.0,143537.82230312383,213672.5468982747,4664.0,4664.0,4664.0,4664.0,4664.0,4664.0,4664.0,4664.0,4664.0,4664.0,50.0,0.0,0.0,0.0,0.0,,,81.7001953125,,,,,140302.0,1.0,0.0,0.0,0.0,0.0,0.0,0.0,False,False,True,True,,,,,,,,,,,,,,,,,,,,,,,,,69.42900085449219,69.42900085449219,69.42900085449219,69.42900085449219,69.42900085449219,69.42900085449219,69.42900085449219,69.42900085449219,69.42900085449219,69.42900085449219,50.0,0.0,0.0,0.0,0.0,,,0.0,,,,,23252.0,1.0,0.0,0.0,0.0,0.0,0.0,0.0,False,False,True,True,,,,,,,,,,,,,,,,,,,,,,,,,,,,,67.17653923573971,,,Range,Normal Volatility,Range,Normal Volatility,,,,,Neutral,,,,,,,,,,,,,,,,,,,,,,,,,524,999,0.0,0,-0.028752165020636794,0,-0.05737566416300386,0,-0.04824185248713551,0,-0.061663828828527015,0,,0,0.0,0,-0.03505736908141999,0,-0.06929387690245861,0,-0.0451108865982916,0,-0.05036802495945693,0,,0
2026-08-26,4650.0,4697.7001953125,4616.0,4664.0,140302.0,69.42900085449219,69.42900085449219,69.42900085449219,69.42900085449219,23252.0,4650.0,4697.7001953125,4616.0,4664.0,140302.0,69.42900085449219,69.42900085449219,69.42900085449219,69.42900085449219,23252.0,132.30999755859375,133.27000427246094,132.25,132.3699951171875,22841519.0,232.38999938964844,232.4499969482422,229.7100067138672,230.1300048828125,14687980.0,93.54609680175781,95.4124984741211,93.54609680175781,93.54609680175781,0,99.12000274658203,99.26000213623047,99.06999969482422,99.16000366210938,0.0,4.632999897003174,4.670000076293945,4.620999813079834,4.664000034332275,0.0,3.694999933242798,3.700000047683716,3.684999942779541,3.690000057220459,0.0,107.47000122070312,107.5199966430664,107.37999725341797,107.51000213623047,1265900.0,82.0,84.2699966430664,80.6500015258789,83.52999877929688,220113.0,87.55999755859375,90.33999633789062,86.29000091552734,89.69999694824219,9814.0,7666.8798828125,7690.72998046875,7657.41015625,7675.7001953125,4100600000.0,26099.580078125,26189.810546875,26021.630859375,26130.19921875,7065320000.0,53547.6796875,53639.75,53379.3984375,53463.87890625,426130000.0,24341.94921875,24378.599609375,24207.75,24207.75,244800.0,15.649999618530273,15.739999771118164,15.210000038146973,15.210000038146973,0.0,11.079999923706055,11.079999923706055,10.130000114440918,10.569999694824219,0.0,140273.38431933708,208813.0557412042,4664.0,4664.0,4664.0,4664.0,4664.0,4664.0,4664.0,4664.0,4664.0,4664.0,50.0,0.0,0.0,0.0,0.0,,,81.7001953125,,4664.0,4664.0,0.0,140302.0,1.0,0.0,0.0,0.0,0.0,0.0,0.0,False,False,True,True,,,,,,,,,,,,,,,,,,,,,,,,,69.42900085449219,69.42900085449219,69.42900085449219,69.42900085449219,69.42900085449219,69.42900085449219,69.42900085449219,69.42900085449219,69.42900085449219,69.42900085449219,50.0,0.0,0.0,0.0,0.0,,,0.0,,69.42900085449219,69.42900085449219,0.0,23252.0,1.0,0.0,0.0,0.0,0.0,0.0,0.0,False,False,True,True,,,,,,,,,,,,,,,,,,,,,,,,,,,,,67.17653923573971,,,Range,Normal Volatility,Range,Normal Volatility,,,,,Neutral,0.0,,,0.0,,,0.0,,,0.0,,,-0.00521073030646213,,,0.0,,,0.02500009536743164,,,-0.23999977111816406,,,525,999,0.0,0,-0.0391295025728988,0,-0.05347339244076973,0,-0.04358915194843482,0,-0.07409950635854416,0,,0,0.0,0,-0.046205478166519015,0,-0.06778149222687242,0,-0.021417555969661318,0,-0.0726929238242948,0,,0
2026-08-27,4650.0,4697.7001953125,4616.0,4664.0,140302.0,69.42900085449219,69.42900085449219,69.42900085449219,69.42900085449219,23252.0,4650.0,4697.7001953125,4616.0,4664.0,140302.0,69.42900085449219,69.42900085449219,69.42900085449219,69.42900085449219,23252.0,131.24000549316406,131.49000549316406,128.14999389648438,130.0500030517578,43844954.0,228.89999389648438,228.97999572753906,223.75999450683594,226.3699951171875,27766700.0,95.4302978515625,95.57230377197266,95.18949890136719,95.4302978515625,0,99.12000274658203,99.26000213623047,99.06999969482422,99.16000366210938,0.0,4.6579999923706055,4.679999828338623,4.64900016784668,4.671999931335449,0.0,3.680000066757202,3.684999942779541,3.677999973297119,3.677999973297119,0.0,107.54000091552734,107.55999755859375,107.41999816894531,107.44000244140625,1460700.0,82.0,84.2699966430664,80.6500015258789,83.52999877929688,220113.0,87.55999755859375,90.33999633789062,86.29000091552734,89.69999694824219,9814.0,7710.33984375,7741.27001953125,7689.89013671875,7730.990234375,4362240000.0,26356.98046875,26553.900390625,26273.869140625,26541.349609375,7448410000.0,53613.66015625,53707.62109375,53345.62109375,53569.44140625,640810000.0,24277.599609375,24297.44921875,24090.849609375,24090.849609375,323400.0,14.920000076293945,15.130000114440918,14.420000076293945,14.510000228881836,0.0,10.569999694824219,11.279999732971191,10.359999656677246,11.069999694824219,0.0,143098.76418050073,213018.9584169117,4664.0,4664.0,4664.0,4664.0,4664.0,4664.0,4664.0,4664.0,4664.0,4664.0,50.0,0.0,0.0,0.0,0.0,,,81.7001953125,0.0,4664.0,4664.0,0.0,140302.0,1.0,0.0,0.0,0.0,0.0,0.0,0.0,False,False,True,True,,,,,,,,,,,,,,,,,,,,,,,,,69.42900085449219,69.42900085449219,69.42900085449219,69.42900085449219,69.42900085449219,69.42900085449219,69.42900085449219,69.42900085449219,69.42900085449219,69.42900085449219,50.0,0.0,0.0,0.0,0.0,,,0.0,0.0,69.42900085449219,69.42900085449219,0.0,23252.0,1.0,0.0,0.0,0.0,0.0,0.0,0.0,False,False,True,True,,,,,,,,,,,,,,,,,,,,,,,,,,,,,67.17653923573971,,,Range,Low Volatility,Range,Low Volatility,,,,,Neutral,0.0,,,0.0,,,0.0,,,0.0072032567265023495,,,-0.00482904816122931,,,0.0,,,0.007999897003173828,,,-0.6999998092651367,,,526,999,-0.028752165020636794,0,-0.05737566416300386,0,-0.026608082687875213,0,-0.05503863535859777,0,-0.07847341337907375,0,,0,-0.03505736908141999,0,-0.06929387690245861,0,-0.03537428526280417,0,-0.07410454146162535,0,-0.08601593064238822,0,,0
2026-08-28,4656.0,4688.0,4495.0,4529.89990234375,274603.0,69.3499984741211,71.16000366210938,66.2300033569336,66.99500274658203,4329.0,4656.0,4688.0,4495.0,4529.89990234375,274603.0,69.3499984741211,71.16000366210938,66.2300033569336,66.99500274658203,4329.0,129.64999389648438,131.0800018310547,129.1300048828125,130.85000610351562,26501307.0,226.27999877929688,231.8300018310547,225.4199981689453,230.4199981689453,26759523.0,95.47039794921875,95.61530303955078,95.31919860839844,95.47039794921875,0,99.11000061035156,99.7300033569336,99.0999984741211,99.69999694824219,0.0,4.688000202178955,4.730000019073486,4.6539998054504395,4.71999979019165,0.0,3.674999952316284,3.734999895095825,3.6600000858306885,3.7300000190734863,0.0,107.38999938964844,107.54000091552734,106.91999816894531,106.94000244140625,1573800.0,83.66999816894531,83.77999877929688,82.25,83.4000015258789,167615.0,89.51000213623047,90.16000366210938,88.9000015258789,89.30999755859375,26729.0,7735.169921875,7771.47998046875,7700.91015625,7711.759765625,4297560000.0,26515.990234375,26700.6796875,26359.26953125,26402.419921875,8457870000.0,53611.94140625,53819.6484375,53489.41015625,53559.98828125,507510000.0,24122.599609375,24188.30078125,24076.849609375,24175.650390625,296100.0,14.569999694824219,14.84000015258789,14.130000114440918,14.430000305175781,0.0,11.069999694824219,11.140000343322754,10.529999732971191,10.680000305175781,0.0,139042.76654592034,205637.44734881827,4630.4749755859375,4630.4749755859375,4630.4749755859375,4630.4749755859375,4630.4749755859375,4630.4749755859375,4637.179980468751,4651.228562127976,4658.741172640931,4662.665670670087,0.0,0.0,-10.69744368767806,-2.139488737535612,-8.557954950142449,,,109.525146484375,0.26351794520185956,4764.5750732421875,4496.3748779296875,0.05792066617929667,173877.25,1.5792922880940434,-274603.0,-0.02172024981723625,-0.02172024981723625,-0.02172024981723625,-0.028752165020636794,0.0,False,False,False,True,,,,,,,,,,,,,,,,,,,,,,,,,68.82050132751465,68.82050132751465,68.82050132751465,68.82050132751465,68.82050132751465,68.82050132751465,68.94220123291016,69.1971915108817,69.33354994829963,69.40478196784632,0.0,0.0,-0.19416509122929426,-0.03883301824585886,-0.1553320729834354,,,1.2325000762939453,0.3213060949632232,71.2544994354248,66.38650321960449,0.07073468111854735,18521.25,0.23373152460012148,-4329.0,-0.026525505419455253,-0.026525505419455253,-0.026525505419455253,-0.03505736908141999,0.0,False,False,False,True,,,,,,,,,,,,,,,,,,,,,,,,,,,,,67.61548946387434,,,Bearish Trend,High Volatility,Bearish Trend,High Volatility,,,,,Neutral,-0.028752165020636822,,,-0.03505736908141999,,,0.005445676343184269,,,-0.0024874522107780628,,,0.0035200411203846205,,,-0.0015562942094785592,,,0.04799985885620117,,,-0.07999992370605469,,,527,999,-0.010684541245317166,0,-0.025453057942371838,0,-0.011766221293305602,0,-0.026711407008661526,0,-0.04607159352975321,0,,0,-0.011553131479419198,0,-0.03391302456426929,0,-0.014150393871248805,0,-0.03643558164066766,0,-0.0327487148920605,0,,0
2026-08-31,4483.2001953125,4521.5,4445.60009765625,4481.5,152216.0,66.01000213623047,67.18499755859375,65.8499984741211,66.22100067138672,423.0,4483.2001953125,4521.5,4445.60009765625,4481.5,152216.0,66.01000213623047,67.18499755859375,65.8499984741211,66.22100067138672,423.0,127.79000091552734,127.79000091552734,126.08000183105469,127.31999969482422,48850744.0,220.77000427246094,223.75,219.6999969482422,223.2100067138672,28887685.0,95.38030242919922,95.8678970336914,95.0718994140625,95.38030242919922,0,99.69999694824219,99.70999908447266,99.38999938964844,99.43000030517578,0.0,4.728000164031982,4.76800012588501,4.72599983215332,4.757999897003174,0.0,3.7279999256134033,3.743000030517578,3.7279999256134033,3.7320001125335693,0.0,106.86000061035156,106.87000274658203,106.72000122070312,106.81999969482422,2235500.0,84.69000244140625,86.79000091552734,84.11000061035156,85.76000213623047,235761.0,89.30999755859375,91.5,89.02999877929688,90.48999786376953,23556.0,7697.52001953125,7697.52001953125,7665.06005859375,7686.14013671875,5386090000.0,26358.560546875,26398.330078125,26249.76953125,26370.890625,7679730000.0,53462.6015625,53462.6015625,53123.62109375,53185.8984375,489140000.0,24117.55078125,24128.69921875,23993.599609375,24080.400390625,710900.0,15.239999771118164,15.479999542236328,14.859999656677246,14.920000076293945,0.0,10.680000305175781,11.4399995803833,10.680000305175781,11.1899995803833,0.0,137427.34552956998,203069.87260025763,4600.67998046875,4600.67998046875,4600.67998046875,4600.67998046875,4600.67998046875,4600.67998046875,4606.043984375001,4635.063937163407,4651.790538419718,4660.863027180832,0.0,0.0,-22.81768444262252,-6.275127878552994,-16.54255656406953,,,104.480078125,0.2153387309252162,4777.433938908798,4423.9260220287015,0.07683818878531924,169545.0,0.8977911468931552,-426819.0,-0.025904862101842372,-0.025904862101842372,-0.025904862101842372,-0.0391295025728988,0.0,False,False,False,True,,,,,,,,,,,,,,,,,,,,,,,,,68.30060119628907,68.30060119628907,68.30060119628907,68.30060119628907,68.30060119628907,68.30060119628907,68.39796112060549,68.91374476426313,69.21148919234226,69.37310255196115,0.0,0.0,-0.4058197858976911,-0.11223037177622532,-0.2935894141214658,,,1.2529998779296876,0.26234744098947627,71.43894200330004,65.16226038927809,0.09189789700362082,14901.6,0.028386213560959897,-4752.0,-0.030447763101320056,-0.030447763101320056,-0.030447763101320056,-0.046205478166519015,0.0,False,False,False,True,,,,,,,,,,,,,,,,,,,,,,,,,,,,,67.67490606550741,,,Bearish Trend,Normal Volatility,Bearish Trend,High Volatility,,,,,Neutral,-0.010684541245317147,,,-0.011553131479419165,,,-0.0027080907856654735,,,-0.0033221508040809367,,,-0.003939914685270995,,,0.028297368910949583,,,0.03800010681152344,,,0.48999977111816406,,,530,999,-0.01898919952164454,0,0.013031329319145376,1,-0.0010933621206627245,0,-0.028918910555896463,0,-0.03576923009873926,0,,0,-0.02420688964700355,0,0.011355897581477004,1,-0.002627619626856584,0,-0.04089337454357681,0,-0.021443320918568907,0,,0
2026-09-01,4498.7001953125,4510.5,4369.7001953125,4396.39990234375,198560.0,66.51000213623047,66.71499633789062,63.869998931884766,64.61799621582031,1138.0,4498.7001953125,4510.5,4369.7001953125,4396.39990234375,198560.0,66.51000213623047,66.71499633789062,63.869998931884766,64.61799621582031,1138.0,127.19000244140625,127.80000305175781,125.0199966430664,125.33999633789062,35522261.0,222.3699951171875,223.89999389648438,217.25999450683594,217.72000122070312,32758030.0,95.1144027709961,95.2197036743164,94.72869873046875,95.1144027709961,0,99.41999816894531,99.72000122070312,99.3499984741211,99.66999816894531,0.0,4.788000106811523,4.800000190734863,4.751999855041504,4.796000003814697,0.0,3.765000104904175,3.7780001163482666,3.765000104904175,3.7720000743865967,0.0,106.69000244140625,106.9000015258789,106.69000244140625,106.80999755859375,2191400.0,86.30999755859375,90.97000122070312,86.12999725341797,90.22000122070312,331106.0,90.8499984741211,95.44999694824219,90.7300033569336,94.6500015258789,38404.0,7635.47021484375,7663.6298828125,7611.2001953125,7631.47021484375,4858180000.0,26031.669921875,26260.6796875,25995.529296875,26099.76953125,6750660000.0,53083.578125,53176.6015625,52691.30859375,52766.87890625,403940000.0,24077.55078125,24143.150390625,23952.55078125,24055.80078125,334200.0,14.949999809265137,16.799999237060547,14.949999809265137,16.34000015258789,0.0,11.1899995803833,12.119999885559082,9.25,11.489999771118164,0.0,134441.8676223011,197601.77159121435,4547.1599609375,4566.63330078125,4566.63330078125,4566.63330078125,4566.63330078125,4566.63330078125,4564.115167968751,4612.334029085345,4641.775219357915,4658.231553301856,0.0,0.0,-38.842180750924854,-12.788538453027368,-26.053642297897486,,,110.53336588541667,0.19743172405444498,4796.44583961501,4336.82076194749,0.1006485626049477,174380.83333333334,1.1386572492198588,-625379.0,-0.037277658884582836,-0.037277658884582836,-0.037277658884582836,-0.05737566416300386,0.0,False,False,False,True,,,,,,,,,,,,,,,,,,,,,,,,,67.3384002685547,67.68683369954427,67.68683369954427,67.68683369954427,67.68683369954427,67.68683369954427,67.64196813964845,68.50462585488762,69.0313522128708,69.32578806105428,0.0,0.0,-0.6948963860289723,-0.22876357462677474,-0.46613281140219753,,,1.518332799275716,0.24405564228991872,71.80027500558099,63.57339239350755,0.12154332183112342,12607.666666666666,0.09026253866694868,-5890.0,-0.045338765547022715,-0.045338765547022715,-0.045338765547022715,-0.06929387690245861,0.0,False,False,False,True,,,,,,,,,,,,,,,,,,,,,,,,,,,,,68.03677241336969,,,Bearish Trend,Normal Volatility,Bearish Trend,Normal Volatility,,,,,Neutral,-0.018989199521644573,-0.05737566416300388,,-0.02420688964700357,-0.06929387690245858,,0.00241373693083502,0.005143147317478558,,-0.007112792754561781,-0.005762338202808026,,-0.0010215614763854353,-0.011454906338964732,,0.052005585044038405,0.08009101567309473,,0.03800010681152344,0.15700006484985352,,1.4200000762939453,0.8900003433227539,,531,999,0.004139795222631444,1,0.018242242992896243,1,0.0096897685839588,1,-0.014466404119048488,0,,0,,0,0.001624986274456557,1,0.022114595595310763,1,0.025983486842959713,1,-0.021387171310131164,0,,0,,0
2026-09-02,4377.2001953125,4444.39990234375,4329.2001953125,4414.60009765625,187568.0,63.36000061035156,65.05000305175781,63.36000061035156,64.7229995727539,71.0,4377.2001953125,4444.39990234375,4329.2001953125,4414.60009765625,187568.0,63.36000061035156,65.05000305175781,63.36000061035156,64.7229995727539,71.0,123.47000122070312,124.29000091552734,122.75,123.5199966430664,36173459.0,214.7899932861328,216.7899932861328,214.02999877929688,215.4499969482422,18590941.0,94.95349884033203,95.07140350341797,94.25659942626953,94.9552001953125,0,99.66999816894531,99.86000061035156,99.44000244140625,99.55999755859375,0.0,4.776000022888184,4.806000232696533,4.76800012588501,4.796000003814697,0.0,3.7750000953674316,3.7750000953674316,3.7699999809265137,3.7720000743865967,0.0,106.91999816894531,106.93000030517578,106.7699966430664,106.86000061035156,1700600.0,90.6500015258789,92.29000091552734,88.97000122070312,91.01000213623047,283450.0,95.2300033569336,97.01000213623047,93.5199966430664,95.62999725341797,41717.0,7634.580078125,7681.18994140625,7633.6201171875,7666.60009765625,4738910000.0,26094.0,26245.0390625,26062.6796875,26217.830078125,7442550000.0,52829.578125,53227.5,52829.578125,53061.94921875,414520000.0,23858.0,23914.44921875,23786.80078125,23914.44921875,318900.0,16.389999389648438,16.81999969482422,15.119999885559082,15.199999809265137,0.0,11.489999771118164,12.109999656677246,10.550000190734863,11.59000015258789,0.0,134772.46892707358,197591.5882713142,4497.27998046875,4544.914271763393,4544.914271763393,4544.914271763393,4544.914271763393,4544.914271763393,4534.212153906251,4593.502226092098,4632.866391055889,4655.807359713343,6.368151384117041,0.12736302765686822,-49.5024721840573,-20.131325199233356,-29.37114698482394,,,111.19998604910714,0.20420941061235826,4784.120368478647,4305.708175048139,0.105263194160291,176264.7142857143,1.064126763885163,-437811.0,-0.02867252632613072,-0.02867252632613072,-0.02867252632613072,-0.05347339244076973,0.004139795222631444,False,False,False,False,,,,,,,,,,,,,,,,,,,,,,,,,66.39720001220704,67.26342882428851,67.26342882428851,67.26342882428851,67.26342882428851,67.26342882428851,67.05817442626955,68.14447097087489,68.86239720737602,69.27998917062344,2.135947643442776,0.042718952860311736,-0.9050855185014655,-0.36402796340171295,-0.5410575550997525,,,1.5428570338657923,0.2410811080447587,71.63606419556109,62.89079345301593,0.1300152385241961,10816.714285714286,0.006563915633213149,-5819.0,-0.03776835787201599,-0.03776835787201599,-0.03776835787201599,-0.06778149222687242,0.001624986274456557,False,False,False,False,,,,,,,,,,,,,,,,,,,,,,,,,,,,,68.20759431419555,,,Bearish Trend,Normal Volatility,Bearish Trend,Normal Volatility,,,,,Neutral,0.004139795222631415,-0.05347339244076976,,0.001624986274456619,-0.06778149222687246,,-0.0011036481626608419,0.004033822929730535,,0.004603291610071336,-0.0011855723158399334,,-0.005875986577431824,-0.012115986874038254,,0.008756383338931473,0.08954870664726422,,0.0,0.13199996948242188,,-1.140000343322754,-0.010000228881835938,,532,999,0.028383047595641284,1,0.01404430721435365,1,0.010442644098323866,1,-0.006138743500376779,0,,0,,0,0.03476353096816561,1,0.020456368003623087,1,0.04973505231940173,1,-0.006720911599666784,0,,0,,0
2026-09-03,4436.39990234375,4558.5,4426.7001953125,4539.89990234375,209167.0,65.55500030517578,67.30000305175781,65.44000244140625,66.9729995727539,57.0,4436.39990234375,4558.5,4426.7001953125,4539.89990234375,209167.0,65.55500030517578,67.30000305175781,65.44000244140625,66.9729995727539,57.0,126.08000183105469,126.68000030517578,125.80000305175781,126.2300033569336,29706695.0,220.0500030517578,221.99000549316406,219.41000366210938,219.8800048828125,16902866.0,94.48780059814453,94.61869812011719,94.23179626464844,94.48770141601562,0,99.5999984741211,99.61000061035156,98.83000183105469,99.0,0.0,4.765999794006348,4.76800012588501,4.73199987411499,4.76200008392334,0.0,3.7679998874664307,3.7679998874664307,3.740000009536743,3.740000009536743,0.0,107.12999725341797,107.22000122070312,106.98999786376953,107.0,1432100.0,90.69999694824219,93.13999938964844,89.56999969482422,91.30000305175781,324521.0,95.33000183105469,97.61000061035156,94.04000091552734,95.5199966430664,48231.0,7686.7099609375,7756.759765625,7686.7099609375,7747.7099609375,4726400000.0,26336.3203125,26644.5703125,26325.060546875,26584.060546875,7600140000.0,53309.171875,53746.5,53286.1484375,53686.109375,410260000.0,23997.94921875,24025.400390625,23873.44921875,23873.44921875,239100.0,15.25,15.4399995803833,14.229999542236328,14.319999694824219,0.0,11.59000015258789,11.59000015258789,10.75,11.34000015258789,0.0,137915.35563357171,203453.93626751442,4472.4599609375,4544.2874755859375,4544.2874755859375,4544.2874755859375,4544.2874755859375,4544.2874755859375,4535.349703593751,4588.397242877969,4629.220646400511,4654.654051679815,34.90634052828432,0.698126810426061,-47.29499561461307,-25.5640592823093,-21.73093633230377,,,115.2874755859375,0.29187221029286364,4765.777670108292,4322.797281063583,0.09748071428680723,180377.5,1.15960693545481,-228644.0,-0.0009655140141902596,-0.0009655140141902596,-0.0009655140141902596,-0.026608082687875213,0.032640342823112886,False,False,False,False,,,,,,,,,,,,,,,,,,,,,,,,,65.90599975585937,67.22712516784668,67.22712516784668,67.22712516784668,67.22712516784668,67.22712516784668,67.04113945556642,68.03290226629194,68.78830318248887,69.25703405024662,32.863532365269364,0.6572706471739331,-0.8799620693730645,-0.4672147845959833,-0.4127472847770812,,,1.6721253395080566,0.354389029700095,71.28060449458631,63.173645841107046,0.120590589486588,9471.75,0.0060178953202945605,-5762.0,-0.003780105046263623,-0.003780105046263623,-0.003780105046263623,-0.03537428526280417,0.03644500750329708,False,False,False,False,,,,,,,,,,,,,,,,,,,,,,,,,,,,,67.78701762360188,,,Bearish Trend,High Volatility,Bearish Trend,High Volatility,,,,,Neutral,0.028383047595641253,-0.02660808268787518,,0.034763530968165535,-0.03537428526280417,,-0.005624724511108736,-0.0016135907240846237,,0.01057963924661287,0.0021626888736914207,,-0.0017144446700387839,-0.009024189439146957,,0.0031864730108812633,0.09302052419503637,,-0.03399991989135742,0.09000015258789062,,-0.880000114440918,-0.1900005340576172,,533,999,-0.013942995671517142,0,-0.022225138111890932,0,-0.029207713938317104,0,-0.030881673615506606,0,,0,,0,-0.01382650483551172,0,-0.010093657246261656,0,-0.04015055332562112,0,-0.02244185510039831,0,,0,,0
2026-09-04,4522.0,4537.7998046875,4412.0,4476.60009765625,189656.0,66.5250015258789,66.54000091552734,65.46499633789062,66.0469970703125,94.0,4522.0,4537.7998046875,4412.0,4476.60009765625,189656.0,66.5250015258789,66.54000091552734,65.46499633789062,66.0469970703125,94.0,126.8499984741211,127.72000122070312,126.77999877929688,127.16999816894531,20415178.0,222.1199951171875,223.74000549316406,221.25,222.77999877929688,16085668.0,94.49490356445312,94.63500213623047,94.33509826660156,94.49490356445312,0,99.02999877929688,99.38999938964844,98.91999816894531,99.16000366210938,0.0,4.754000186920166,4.811999797821045,4.748000144958496,4.783999919891357,0.0,3.744999885559082,3.7699999809265137,3.7300000190734863,3.756999969482422,0.0,106.94999694824219,107.05000305175781,106.86000061035156,106.97000122070312,1017300.0,91.66999816894531,92.16999816894531,88.72000122070312,91.4800033569336,273129.0,95.87999725341797,96.55999755859375,93.16999816894531,96.27999877929688,35106.0,7750.18994140625,7750.18994140625,7706.1201171875,7718.60009765625,4103570000.0,26587.900390625,26628.580078125,26444.83984375,26506.990234375,6529110000.0,53584.890625,53635.3515625,53289.87890625,53414.25,381130000.0,23910.900390625,24005.75,23895.849609375,23897.69921875,231400.0,14.149999618530273,14.579999923706055,13.800000190734863,14.529999732971191,0.0,11.34000015258789,11.34000015258789,10.569999694824219,10.680000305175781,0.0,136002.76819363446,200656.1729099333,4461.8,4536.766655815973,4536.766655815973,4536.766655815973,4536.766655815973,4536.766655815973,4523.599782406251,4577.749895713996,4623.235526841913,4652.882370545252,30.248741471287218,0.6049748293047494,-50.07607393995477,-30.466462213838398,-19.60961172611637,,,116.68885633680556,0.2762682384621542,4748.808930530944,4324.724381101001,0.09347726731465936,181408.44444444444,1.0454640112306421,-418300.0,-0.013261990912094025,-0.013261990912094025,-0.013261990912094025,-0.04018008197764794,0.018242242992896243,False,False,False,False,,,,,,,,,,,,,,,,,,,,,,,,,65.71639862060547,67.09599982367621,67.09599982367621,67.09599982367621,67.09599982367621,67.09599982367621,66.84231097851564,67.84376843810342,68.68080098201138,69.22509338377961,29.102821326072274,0.5820564264050342,-0.9241195431068405,-0.5585957362981548,-0.3655238068086857,,,1.6538895501030817,0.3318879103886475,70.96844564416034,63.22355400319208,0.11543000568321984,8429.777777777777,0.011150946380555703,-5856.0,-0.015634356088595713,-0.015634356088595713,-0.015634356088595713,-0.048711687372076956,0.022114595595310763,False,False,False,False,,,,,,,,,,,,,,,,,,,,,,,,,,,,,67.77901034456629,,,Bearish Trend,High Volatility,Bearish Trend,High Volatility,,,,,Neutral,-0.013942995671517133,-0.011766221293305623,,-0.013826504835511733,-0.014150393871248834,,0.0016161986071654422,-0.005416181571330836,,-0.0037572216084515997,0.0008870001451213305,,0.0010157727849795517,-0.011497153846284358,,0.0019715257301113898,0.09688251418733462,,0.021999835968017578,0.06400012969970703,,0.21000003814697266,0.09999942779541016,,534,999,0.0,0,-0.0035517808151044107,0,-0.015123127783503564,0,-0.011548986772253331,0,,0,,0,0.0,0,0.028691755212482233,1,-0.022605058247097812,0,0.007706674158175571,1,,0,,0
2026-09-07,4522.0,4537.7998046875,4412.0,4476.60009765625,189656.0,66.5250015258789,66.54000091552734,65.46499633789062,66.0469970703125,94.0,4522.0,4537.7998046875,4412.0,4476.60009765625,189656.0,66.5250015258789,66.54000091552734,65.46499633789062,66.0469970703125,94.0,125.69999694824219,125.91999816894531,124.75,125.58000183105469,20788912.0,220.75,220.75,218.6199951171875,219.9600067138672,13898563.0,94.4302978515625,94.60310363769531,94.36380004882812,94.4302978515625,0,99.02999877929688,99.38999938964844,98.91999816894531,99.16000366210938,0.0,4.754000186920166,4.811999797821045,4.748000144958496,4.783999919891357,0.0,3.744999885559082,3.7699999809265137,3.7300000190734863,3.756999969482422,0.0,106.94999694824219,107.05000305175781,106.86000061035156,106.97000122070312,1017300.0,91.66999816894531,92.16999816894531,88.72000122070312,91.4800033569336,273129.0,95.87999725341797,96.55999755859375,93.16999816894531,96.27999877929688,35106.0,7750.18994140625,7750.18994140625,7706.1201171875,7718.60009765625,4103570000.0,26587.900390625,26628.580078125,26444.83984375,26506.990234375,6529110000.0,53584.890625,53635.3515625,53289.87890625,53414.25,381130000.0,23883.150390625,23890.0,23737.900390625,23779.150390625,205900.0,15.020000457763672,15.319999694824219,14.989999771118164,15.300000190734863,0.0,10.680000305175781,11.350000381469727,10.279999732971191,11.15999984741211,0.0,135909.78375253966,200518.98524575506,4460.82001953125,4530.75,4530.75,4530.75,4530.75,4530.75,4514.199845456251,4568.116581613258,4617.48511785424,4651.128318078695,30.248741471287218,0.6049748293047494,-51.684313950521755,-34.71003256117507,-16.974281389346686,,,117.599951171875,0.25976574938853686,4734.254699133631,4327.245300866369,0.08983267632671466,182233.2,1.0407324241685927,-418300.0,-0.01195164207774651,-0.01195164207774651,-0.01195164207774651,-0.04018008197764794,0.018242242992896243,False,False,False,False,,,,,,,,,,,,,,,,,,,,,,,,,65.68159790039063,66.99109954833985,66.99109954833985,66.99109954833985,66.99109954833985,66.99109954833985,66.68324819687501,67.67264735545666,68.57751455410163,69.19347053488939,29.102821326072274,0.5820564264050342,-0.9481845775922011,-0.6365135045569641,-0.311671073035237,,,1.5960010528564452,0.3120891560592943,70.70186702595464,63.28033207072506,0.1107838952527463,7596.2,0.012374608356809985,-5856.0,-0.014092953905706465,-0.014092953905706465,-0.014092953905706465,-0.048711687372076956,0.022114595595310763,False,False,False,False,,,,,,,,,,,,,,,,,,,,,,,,,,,,,67.77901034456629,0.380333106387778,50.0,Bearish Trend,High Volatility,Bearish Trend,High Volatility,,,,,Neutral,0.0,-0.0010933621206626887,,0.0,-0.0026276196268565366,,0.0,-0.0027154444557750956,,0.0,0.004223180993335074,,-0.004960679563327464,-0.012510174046660882,,0.0,0.06669777376657304,,0.0,0.026000022888183594,,0.7700004577636719,0.38000011444091797,,537,999,-0.008399253191263554,0,-0.015480563699454095,0,-0.027856005136082516,0,-0.02070772311358205,0,,0,,0,0.0037851834464760646,1,-0.026693121057485624,0,-0.038366567662926454,0,-0.00336124474870485,0,,0,,0
2026-09-08,4466.5,4488.7998046875,4381.0,4439.0,217162.0,65.9749984741211,66.2969970703125,65.59500122070312,66.2969970703125,95.0,4466.5,4488.7998046875,4381.0,4439.0,217162.0,65.9749984741211,66.2969970703125,65.59500122070312,66.2969970703125,95.0,126.0,126.69999694824219,125.29000091552734,125.83999633789062,19795291.0,222.3000030517578,223.64999389648438,220.00999450683594,221.1699981689453,16238547.0,94.49199676513672,94.88059997558594,94.42630004882812,94.49189758300781,0,98.8499984741211,99.0199966430664,98.72000122070312,98.83999633789062,0.0,4.794000148773193,4.811999797821045,4.760000228881836,4.806000232696533,0.0,3.765000104904175,3.7780001163482666,3.759999990463257,3.7750000953674316,0.0,107.0999984741211,107.0999984741211,106.93000030517578,107.05000305175781,1186900.0,92.26000213623047,94.7300033569336,90.87000274658203,93.02999877929688,435231.0,96.9000015258789,99.44999694824219,95.97000122070312,97.91999816894531,71135.0,7717.81005859375,7717.81005859375,7666.990234375,7673.52001953125,4966930000.0,26528.5703125,26542.140625,26341.169921875,26421.41015625,7714560000.0,53110.44921875,53110.44921875,52721.62109375,52786.0703125,417970000.0,23743.099609375,23758.94921875,23623.099609375,23635.099609375,230100.0,15.5600004196167,15.9399995803833,15.220000267028809,15.720000267028809,0.0,11.15999984741211,11.399999618530273,10.449999809265137,11.229999542236328,0.0,134856.15645739375,201409.2860907736,4469.3400390625,4508.25,4522.409090909091,4522.409090909091,4522.409090909091,4522.409090909091,4499.159876365001,4555.819764316757,4610.4857014678,4649.017588545574,28.02734375,0.5605468748878906,-55.35477401171556,-38.83898085128317,-16.515793160432395,-4.824185248713553,-225.0,116.70902876420455,0.24571979862456372,4723.2420064107255,4321.5761754074565,0.08881678391516908,185408.54545454544,1.1712620875570117,-635462.0,-0.018443508588543937,-0.018443508588543937,-0.018443508588543937,-0.04824185248713551,0.0096897685839588,False,False,False,False,-0.8014726719131836,-0.8014726719131836,-0.8014726719131836,-0.8014726719131836,-0.9402825733373567,-0.9402825733373567,-0.9402825733373567,-0.9402825733373567,0.718156851302545,0.718156851302545,0.718156851302545,0.718156851302545,-0.31567146450177225,-0.31567146450177225,-0.31567146450177225,-0.31567146450177225,0.8219049743345155,0.8219049743345155,0.8219049743345155,0.8219049743345155,-0.58270998305392,-0.58270998305392,-0.58270998305392,-0.58270998305392,66.01739807128907,66.67789916992187,66.92799932306463,66.92799932306463,66.92799932306463,66.92799932306463,66.60599797156252,67.54163304258579,68.48808249591382,69.16464990340106,31.227524318550138,0.6245504862460927,-0.9362904071452078,-0.6964688850746128,-0.23982152207059504,-4.511088659829154,-3.1320037841796875,1.514727852561257,0.29780166715436673,70.47313794327988,63.38286070284938,0.10593887927540457,6914.272727272727,0.013739695228578567,-5761.0,-0.009428075829762185,-0.009428075829762185,-0.009428075829762185,-0.0451108865982916,0.025983486842959713,False,False,False,False,-0.8807034198243872,-0.8807034198243872,-0.8807034198243872,-0.8807034198243872,-0.910446988821086,-0.910446988821086,-0.910446988821086,-0.910446988821086,0.7687782056765555,0.7687782056765555,0.7687782056765555,0.7687782056765555,-0.30247835645448534,-0.30247835645448534,-0.30247835645448534,-0.30247835645448534,0.7191874452095447,0.7191874452095447,0.7191874452095447,0.7191874452095447,-0.5216848117640004,-0.5216848117640004,-0.5216848117640004,-0.5216848117640004,0.9684432045306598,0.9684432045306598,0.9684432045306598,0.9684432045306598,66.95627549000653,-1.5501590356127848,0.0,Bearish Trend,Normal Volatility,Bearish Trend,High Volatility,,,,,Neutral,-0.008399253191263556,0.009689768583958758,,0.003785183446476159,0.025983486842959813,,-0.0032271814481692473,-0.008327499210422307,,-0.005840447432778451,0.005510052912964358,,-0.00605786072604142,-0.017488554037365933,,0.01694354356673511,0.03114605986004948,,0.02200031280517578,0.010000228881835938,,0.4200000762939453,-0.619999885559082,,538,999,0.004888532397499437,1,-0.006780828487553503,0,-0.02392435127562514,0,-0.01410229728683262,0,,0,,0,0.024812651328932712,1,-0.026290726470940242,0,-0.04617097522578507,0,-0.005505496174772834,0,,0,,0
2026-09-09,4399.0,4479.0,4384.10009765625,4460.7001953125,164390.0,66.30000305175781,68.1050033569336,66.30000305175781,67.94200134277344,138.0,4399.0,4479.0,4384.10009765625,4460.7001953125,164390.0,66.30000305175781,68.1050033569336,66.30000305175781,67.94200134277344,138.0,125.5,126.30999755859375,125.1500015258789,125.77999877929688,15054022.0,221.49000549316406,223.64999389648438,221.49000549316406,222.58999633789062,13917585.0,94.84300231933594,95.22000122070312,94.79319763183594,94.822998046875,0,98.80999755859375,98.9000015258789,98.5999984741211,98.7699966430664,0.0,4.808000087738037,4.85699987411499,4.794000148773193,4.836999893188477,0.0,3.802999973297119,3.812999963760376,3.7950000762939453,3.805000066757202,0.0,107.02999877929688,107.06999969482422,106.69999694824219,106.80000305175781,2074700.0,94.30999755859375,96.93000030517578,93.76000213623047,96.05000305175781,325209.0,99.52999877929688,101.70999908447266,98.83000183105469,101.20999908447266,51567.0,7660.68017578125,7660.68017578125,7624.16015625,7636.35986328125,4896940000.0,26325.060546875,26366.560546875,26184.2109375,26253.33984375,7379700000.0,52707.8984375,52707.8984375,52314.609375,52380.66015625,403100000.0,23522.05078125,23571.55078125,23431.5,23431.5,352900.0,15.649999618530273,16.68000030517578,15.569999694824219,16.459999084472656,0.0,11.229999542236328,12.050000190734863,10.550000190734863,11.920000076293945,0.0,135990.25235269265,207130.03572084857,4478.56005859375,4487.92001953125,4517.266682942708,4517.266682942708,4517.266682942708,4517.266682942708,4491.467940154501,4546.760757744923,4604.611760049945,4647.143783637782,30.95374458609099,0.6190748915980049,-55.86859723687485,-42.24490412840151,-13.62369310847334,-4.358915194843482,-203.2998046875,114.8916015625,0.23770091227429,4712.039562659903,4322.493803225513,0.08623483774055726,183657.0,0.8950924821814579,-471072.0,-0.012522282079073226,-0.012522282079073226,-0.012522282079073226,-0.04358915194843482,0.01462566972910519,False,False,False,False,-0.7931259081679995,-0.7931259081679995,-0.7931259081679995,-0.7931259081679995,-0.8725273026222097,-0.8725273026222097,-0.8725273026222097,-0.8725273026222097,0.5924361399993945,0.5924361399993945,0.5924361399993945,0.5924361399993945,-0.21589253891854557,-0.21589253891854557,-0.21589253891854557,-0.21589253891854557,0.7288983051420682,0.7288983051420682,0.7288983051420682,0.7288983051420682,-0.5011228737870027,-0.5011228737870027,-0.5011228737870027,-0.5011228737870027,66.66119842529297,66.52919921875,67.0124994913737,67.0124994913737,67.0124994913737,67.0124994913737,66.8731986458047,67.57976335688937,68.46666754873185,69.15248424608139,42.55533537353955,0.8511067073005696,-0.7850762244374749,-0.7141903529471852,-0.07088587149028969,-2.141755596966133,-1.48699951171875,1.5391677220662434,0.3153258179723644,70.44297978353512,63.58201919921228,0.1023832961969435,6349.583333333333,0.021733709560994817,-5623.0,0.013870574272780059,0.013870574272780059,0.013870574272780059,-0.021417555969661318,0.051440857371236694,False,False,False,False,-0.8060524835096528,-0.8060524835096528,-0.8060524835096528,-0.8060524835096528,-0.7235498922264006,-0.7235498922264006,-0.7235498922264006,-0.7235498922264006,0.49154008387756737,0.49154008387756737,0.49154008387756737,0.49154008387756737,-0.08857726790846383,-0.08857726790846383,-0.08857726790846383,-0.08857726790846383,0.5088851766537293,0.5088851766537293,0.5088851766537293,0.5088851766537293,-0.33613852605717204,-0.33613852605717204,-0.33613852605717204,-0.33613852605717204,0.9377941273508933,0.9377941273508933,0.9377941273508933,0.9377941273508933,65.65453043998323,-2.6145770656835206,0.0,Bearish Trend,Normal Volatility,Bullish Trend,High Volatility,,,,,Neutral,0.004888532397499423,0.01044264409832385,,0.024812651328932622,0.049735052319401785,,-0.0007082122361166121,-0.007934923010242234,,-0.004842647983639425,-0.003944412645736528,,-0.008614290302979777,-0.02019487107281348,,0.03246269280972003,0.05537853859164943,,0.03099966049194336,0.0409998893737793,,0.7399988174438477,1.2599992752075195,,539,999,-0.011971302326283994,0,-0.024390855292871313,0,-0.01641002356298726,0,-0.0319008870217921,0,,0,,0,-0.0538401090407571,0,-0.06518796572016601,0,-0.05378115534422558,0,-0.05239759630619719,0,,0,,0
2026-09-10,4448.0,4479.89990234375,4354.7001953125,4407.2998046875,201300.0,64.19499969482422,64.41000366210938,64.1449966430664,64.28399658203125,275.0,4448.0,4479.89990234375,4354.7001953125,4407.2998046875,201300.0,64.19499969482422,64.41000366210938,64.1449966430664,64.28399658203125,275.0,126.41000366210938,126.93000030517578,126.05000305175781,126.19999694824219,15916449.0,224.9499969482422,226.39999389648438,223.25,223.52999877929688,16509484.0,95.11019897460938,95.658203125,95.07330322265625,95.11180114746094,0,98.76000213623047,99.19999694824219,98.70999908447266,99.08999633789062,0.0,4.88100004196167,4.952000141143799,4.879000186920166,4.943999767303467,0.0,3.806999921798706,3.8480000495910645,3.802999973297119,3.8450000286102295,0.0,106.41999816894531,106.58999633789062,106.25,106.33000183105469,2014400.0,96.87999725341797,104.04000091552734,95.37000274658203,102.4800033569336,437382.0,101.80000305175781,109.05000305175781,100.19000244140625,107.62999725341797,72538.0,7594.740234375,7612.85986328125,7580.06005859375,7591.7001953125,4893500000.0,26021.05078125,26178.25,25979.5390625,26081.720703125,7174170000.0,52291.8515625,52291.8515625,51962.7109375,52064.1015625,397900000.0,23446.599609375,23494.94921875,23380.099609375,23477.80078125,253200.0,16.309999465942383,18.170000076293945,16.290000915527344,17.84000015258789,0.0,11.920000076293945,11.960000038146973,11.529999732971191,11.800000190734863,0.0,134771.50008537984,196575.0240460004,4452.0400390625,4462.25,4508.807692307692,4508.807692307692,4508.807692307692,4508.807692307692,4474.6343130611,4533.478762215645,4596.874036310241,4644.757276384545,28.138312117114197,0.5627662422297307,-59.89434634078225,-45.77479257087766,-14.119553769904591,-5.503863535859777,-256.7001953125,115.68453275240384,0.22960667896681383,4705.0115071461805,4312.603877469204,0.08703135206818606,185014.15384615384,1.0880248662888161,-672372.0,-0.022513243976533124,-0.022513243976533124,-0.022513243976533124,-0.05503863535859777,0.002479279088769698,False,False,False,False,-0.7901375837014127,-0.7901375837014127,-0.7901375837014127,-0.7901375837014127,-0.6905932861214042,-0.6905932861214042,-0.6905932861214042,-0.6905932861214042,0.571661988054136,0.571661988054136,0.571661988054136,0.571661988054136,-0.26521230792968337,-0.26521230792968337,-0.26521230792968337,-0.26521230792968337,0.7357367426987028,0.7357367426987028,0.7357367426987028,0.7357367426987028,-0.516650075111935,-0.516650075111935,-0.516650075111935,-0.516650075111935,66.12339782714844,66.0146987915039,66.80261465219351,66.80261465219351,66.80261465219351,66.80261465219351,66.35535823305001,67.26588080690289,68.30264123631221,69.1040415827575,31.146951601359817,0.6229390319026085,-0.9494634841480405,-0.7612449791873563,-0.18821850496068415,-7.410454146162538,-5.1450042724609375,1.7128474895770733,0.3837853413715287,70.41899373805443,63.18623556633259,0.10827058505687308,5882.307692307692,0.04675035961815091,-5898.0,-0.03770238759778186,-0.03770238759778186,-0.03770238759778186,-0.07410454146162535,0.0,False,False,False,True,-0.8069896172877927,-0.8069896172877927,-0.8069896172877927,-0.8069896172877927,-0.8410861813419676,-0.8410861813419676,-0.8410861813419676,-0.8410861813419676,0.6709039256992807,0.6709039256992807,0.6709039256992807,0.6709039256992807,-0.4737368516670936,-0.4737368516670936,-0.4737368516670936,-0.4737368516670936,0.5549976974194188,0.5549976974194188,0.5549976974194188,0.5549976974194188,-0.49672504925581695,-0.49672504925581695,-0.49672504925581695,-0.49672504925581695,0.8247658732672677,0.8247658732672677,0.8247658732672677,0.8247658732672677,68.55982886912533,1.4648411426432237,92.3076923076923,Bearish Trend,Normal Volatility,Bearish Trend,High Volatility,,,,,Neutral,-0.011971302326283961,-0.029207713938317115,,-0.05384010904075709,-0.04015055332562112,,0.003239847177282318,0.0009090539180871549,,-0.005848292742657635,-0.02013624237504652,,0.0019760058574995742,-0.01657273877246279,,0.06694430089409664,0.12245344941377345,,0.10699987411499023,0.18199968338012695,,1.3800010681152344,3.520000457763672,,540,999,0.00036305623106196996,1,-0.016903774034333574,0,-0.0017243232164322552,0,-0.024799720811198574,0,,0,,0,0.0042001786885852935,1,-0.016302603707265943,0,0.018449454012375275,1,-0.012864723626106004,0,,0,,0
2026-09-11,4359.39990234375,4444.89990234375,4333.0,4408.89990234375,187975.0,63.290000915527344,64.55400085449219,63.099998474121094,64.55400085449219,526.0,4359.39990234375,4444.89990234375,4333.0,4408.89990234375,187975.0,63.290000915527344,64.55400085449219,63.099998474121094,64.55400085449219,526.0,124.55000305175781,125.79000091552734,123.91000366210938,125.12000274658203,22473340.0,216.7899932861328,218.0,214.02000427246094,216.72000122070312,31806842.0,95.69450378417969,95.80979919433594,95.48570251464844,95.69450378417969,0,99.0999984741211,99.37000274658203,98.97000122070312,99.12000274658203,0.0,4.954999923706055,4.985000133514404,4.9039998054504395,4.974999904632568,0.0,3.8399999141693115,3.9130001068115234,3.8299999237060547,3.9130001068115234,0.0,106.31999969482422,106.37999725341797,105.81999969482422,105.83999633789062,2661900.0,104.31999969482422,104.45999908447266,98.4800033569336,100.05000305175781,399142.0,109.16000366210938,110.19000244140625,103.4800033569336,104.61000061035156,61285.0,7636.75,7677.02001953125,7636.75,7656.97998046875,4722480000.0,26289.41015625,26431.220703125,26283.109375,26333.0390625,6587900000.0,52204.4609375,52720.23828125,52204.4609375,52573.2890625,354460000.0,23270.30078125,23448.099609375,23231.400390625,23398.099609375,293000.0,17.510000228881836,17.709999084472656,15.59000015258789,15.84000015258789,0.0,11.800000190734863,12.569999694824219,11.020000457763672,12.289999961853027,0.0,135646.40734597988,198610.04989172597,4438.5,4450.15,4501.671421595982,4501.671421595982,4501.671421595982,4501.671421595982,4461.48743091763,4521.614108894512,4589.502501644888,4642.41043684185,28.3336333075936,0.5666726660385375,-62.238223502708934,-49.06747875724391,-13.170744745465022,-2.671140700866148,-121.0,115.41420200892857,0.2209196561543316,4697.596374521735,4305.746468670229,0.08704542583265291,185225.64285714287,1.0148432857375886,-484397.0,-0.020608238710443576,-0.020608238710443576,-0.020608238710443576,-0.05469556124705189,0.002843235437553387,False,False,False,False,-0.7823726458551631,-0.7823726458551631,-0.7823726458551631,-0.7823726458551631,-0.6829225545198311,-0.6829225545198311,-0.6829225545198311,-0.6829225545198311,0.44893440459103723,0.44893440459103723,0.44893440459103723,0.44893440459103723,-0.27987955077606425,-0.27987955077606425,-0.27987955077606425,-0.27987955077606425,0.7012975843210882,0.7012975843210882,0.7012975843210882,0.7012975843210882,-0.4812729922375509,-0.4812729922375509,-0.4812729922375509,-0.4812729922375509,65.82479858398438,65.77059860229492,66.64199938092914,66.64199938092914,66.64199938092914,66.64199938092914,65.99508675733846,67.00760652572092,68.1556357311428,69.05876754566034,32.48296205321651,0.6496592409343983,-1.0458980221962122,-0.8181755877891276,-0.22772243440708462,-3.6435581640667625,-2.4410018920898438,1.6943585532052177,0.3702477883910969,70.31852346569612,62.96547529616216,0.11033654809039492,5499.714285714285,0.09564133201724766,-5372.0,-0.03133157086872259,-0.03133157086872259,-0.03133157086872259,-0.07021561508881455,0.0042001786885852935,False,False,False,False,-0.7961881733304379,-0.7961881733304379,-0.7961881733304379,-0.7961881733304379,-0.8294458234740533,-0.8294458234740533,-0.8294458234740533,-0.8294458234740533,0.5221877207411102,0.5221877207411102,0.5221877207411102,0.5221877207411102,-0.47379320031585664,-0.47379320031585664,-0.47379320031585664,-0.47379320031585664,0.5487787687239314,0.5487787687239314,0.5487787687239314,0.5487787687239314,-0.4770327311613284,-0.4770327311613284,-0.4770327311613284,-0.4770327311613284,0.8266648805647671,0.8266648805647671,0.8266648805647671,0.8266648805647671,68.29785673984208,1.01714960485068,85.71428571428571,Bearish Trend,Normal Volatility,Bearish Trend,High Volatility,,,,,Neutral,0.0003630562310619201,-0.015123127783503554,,0.004200178688585243,-0.022605058247097798,,0.0003028197577996661,-0.0004033976810211559,,0.008598836028398171,-0.007983328117518451,,-0.0033947460674703667,-0.02090576188116955,,-0.023711945995085415,0.09368167228182189,,0.031000137329101562,0.19099998474121094,,-2.0,1.3100004196166992,,541,999,-0.01292839512407598,0,-0.004853796370467362,0,0.003629023192723082,1,-0.01989151692571411,0,,0,,0,-0.016126039477512823,0,-0.00412056319997277,0,0.031012778059717614,1,0.00382627946648841,1,,0,,0
2026-09-14,4375.0,4396.7998046875,4293.0,4351.89990234375,164499.0,63.51300048828125,63.70000076293945,63.02000045776367,63.51300048828125,365.0,4375.0,4396.7998046875,4293.0,4351.89990234375,164499.0,63.51300048828125,63.70000076293945,63.02000045776367,63.51300048828125,365.0,125.12000274658203,125.12000274658203,125.12000274658203,125.12000274658203,0.0,216.72000122070312,216.72000122070312,216.72000122070312,216.72000122070312,0.0,94.79309844970703,95.94120025634766,94.48760223388672,95.03279876708984,0,99.0999984741211,99.73999786376953,99.06999969482422,99.45999908447266,0.0,4.979000091552734,5.01200008392334,4.934000015258789,4.960999965667725,0.0,3.9079999923706055,3.934999942779541,3.9079999923706055,3.934999942779541,0.0,105.94999694824219,106.16000366210938,105.77999877929688,105.81999969482422,2189700.0,102.25,104.94999694824219,100.52999877929688,101.38999938964844,413090.0,106.88999938964844,109.77999877929688,104.81999969482422,105.68000030517578,69743.0,7611.43994140625,7647.990234375,7592.27978515625,7619.97998046875,4963750000.0,26018.5,26329.98046875,25992.55078125,26186.41015625,7179780000.0,52750.87890625,52750.87890625,52278.890625,52421.19921875,442650000.0,23270.30078125,23448.099609375,23231.400390625,23398.099609375,293000.0,17.5,18.170000076293945,16.579999923706055,17.100000381469727,0.0,11.800000190734863,12.569999694824219,11.020000457763672,12.289999961853027,0.0,132966.88030514694,194056.06110558388,4413.5599609375,4437.189990234375,4491.686653645834,4491.686653645834,4491.686653645834,4491.686653645834,4439.569925202854,4505.450851127773,4580.184752652686,4639.519784757293,25.83244794482738,0.5166489587932178,-67.91233554122573,-52.83645011404028,-15.075885427185447,-2.891891055589646,-129.60009765625,117.85703822544643,0.2154384940460562,4695.7121999772835,4287.661107314384,0.09084585015112098,183843.86666666667,0.8947755668034252,-648896.0,-0.031121216166898235,-0.031121216166898235,-0.031121216166898235,-0.06691683054379288,0.0,False,False,False,True,-0.7854151914724594,-0.7854151914724594,-0.7854151914724594,-0.7854151914724594,-0.5823000170429414,-0.5823000170429414,-0.5823000170429414,-0.5823000170429414,0.41567686642325224,0.41567686642325224,0.41567686642325224,0.41567686642325224,-0.27406988995806514,-0.27406988995806514,-0.27406988995806514,-0.27406988995806514,0.7115271068295828,0.7115271068295828,0.7115271068295828,0.7115271068295828,-0.5040703092165199,-0.5040703092165199,-0.5040703092165199,-0.5040703092165199,65.31799926757813,65.49979858398437,66.4333994547526,66.4333994547526,66.4333994547526,66.4333994547526,65.49866950352703,66.67478690310762,67.97357160397176,69.00358578389539,30.22201522611661,0.6044403044014441,-1.1925758459237557,-0.8930556394160533,-0.2995202065077024,-4.089337454357677,-2.7080001831054688,1.8039300101143974,0.35865903443899866,70.32726351086747,62.53953539863773,0.11722609675474926,5157.4,0.0707720944662039,-5737.0,-0.04395980019749583,-0.04395980019749583,-0.04395980019749583,-0.0852093547854673,0.0,False,False,False,True,-0.7895063751188103,-0.7895063751188103,-0.7895063751188103,-0.7895063751188103,-0.7382097976566798,-0.7382097976566798,-0.7382097976566798,-0.7382097976566798,0.4964107308001691,0.4964107308001691,0.4964107308001691,0.4964107308001691,-0.4686562681603124,-0.4686562681603124,-0.4686562681603124,-0.4686562681603124,0.5589783118288577,0.5589783118288577,0.5589783118288577,0.5589783118288577,-0.48905573226585364,-0.48905573226585364,-0.48905573226585364,-0.48905573226585364,0.8296524524832192,0.8296524524832192,0.8296524524832192,0.8296524524832192,68.51982852151217,1.208799597537305,86.66666666666667,Bearish Trend,Normal Volatility,Bearish Trend,High Volatility,,,,,Neutral,-0.012928395124075953,-0.02785600513608255,,-0.016126039477512788,-0.038366567662926454,,0.0034301485923067254,0.0030253671972979568,,-0.004832192338804386,-0.012776943479355318,,0.0,-0.016024575100051952,,0.01339326633700777,0.10832964220659624,,-0.01399993896484375,0.1770000457763672,,1.260000228881836,1.8000001907348633,,544,999,-0.004388910150705326,0,0.010983775831564227,1,0.007353110300805896,1,-0.007054322875100236,0,,0,,0,-0.004361318550793439,0,0.03081260084355423,1,0.036401940424583196,1,0.020279344453232134,1,,0,,0
2026-09-15,4340.2998046875,4358.2001953125,4301.60009765625,4332.7998046875,146019.0,63.029998779296875,63.63999938964844,63.029998779296875,63.236000061035156,164.0,4340.2998046875,4358.2001953125,4301.60009765625,4332.7998046875,146019.0,63.029998779296875,63.63999938964844,63.029998779296875,63.236000061035156,164.0,124.80000305175781,124.80000305175781,123.37999725341797,123.62000274658203,23136571.0,216.4499969482422,216.5399932861328,213.8300018310547,214.6699981689453,16405242.0,95.83540344238281,95.95269775390625,95.57530212402344,95.83540344238281,0,99.4800033569336,99.69000244140625,99.4800033569336,99.6500015258789,0.0,5.010000228881836,5.015999794006348,4.986999988555908,4.995999813079834,0.0,3.953000068664551,3.9600000381469727,3.953000068664551,3.9600000381469727,0.0,105.7300033569336,105.87000274658203,105.68000030517578,105.79000091552734,1408800.0,102.01000213623047,106.75,101.20999908447266,105.83000183105469,371490.0,106.30999755859375,109.44999694824219,105.11000061035156,108.75,51174.0,7612.2998046875,7617.259765625,7572.68994140625,7585.72998046875,5154930000.0,26140.23046875,26172.119140625,25943.310546875,25981.5703125,7934200000.0,52303.23828125,52336.609375,51875.6484375,52093.109375,374460000.0,23576.150390625,23592.849609375,23118.599609375,23118.599609375,338800.0,17.56999969482422,18.030000686645508,16.790000915527344,17.200000762939453,0.0,12.289999961853027,13.59000015258789,11.930000305175781,13.430000305175781,0.0,133501.35098636433,194841.48402122842,4392.319921875,4430.82998046875,4481.7562255859375,4481.7562255859375,4481.7562255859375,4481.7562255859375,4418.215901099784,4489.007894323938,4570.483382144247,4636.467844657095,25.090267291070518,0.5018053457210493,-73.10758968026312,-56.89067802728486,-16.21691165297826,-1.4466404119048537,-63.60009765625,116.06417410714286,0.2076103121346028,4694.271134110258,4269.241317061617,0.09483555009578251,181479.8125,0.8046018892597214,-794915.0,-0.03323617202739829,-0.03323617202739829,-0.03323617202739829,-0.07101204873767153,0.0,False,False,False,True,-0.7747084183906144,-0.7747084183906144,-0.7747084183906144,-0.7747084183906144,-0.5792907004027726,-0.5792907004027726,-0.5792907004027726,-0.5792907004027726,0.41412537275293504,0.41412537275293504,0.41412537275293504,0.41412537275293504,-0.2570867177438375,-0.2570867177438375,-0.2570867177438375,-0.2570867177438375,0.6984691559590789,0.6984691559590789,0.6984691559590789,0.6984691559590789,-0.5041273261294089,-0.5041273261294089,-0.5041273261294089,-0.5041273261294089,64.70579986572265,65.36159896850586,66.23356199264526,66.23356199264526,66.23356199264526,66.23356199264526,65.04613561502866,66.3472833943388,67.78778448464092,68.94619687123011,29.67245193509241,0.5934490385831585,-1.3160006610356305,-0.9776446437399687,-0.3383560172956618,-2.1387171310131126,-1.3819961547851562,1.847501482282366,0.34568610098293123,70.32100693895006,62.146117046340464,0.12342518878144224,4845.3125,0.033847146081909064,-5901.0,-0.04525744715259258,-0.04525744715259258,-0.04525744715259258,-0.08919904819653375,0.0,False,False,False,True,-0.7768482030623223,-0.7768482030623223,-0.7768482030623223,-0.7768482030623223,-0.7334783685960389,-0.7334783685960389,-0.7334783685960389,-0.7334783685960389,0.4955517604126499,0.4955517604126499,0.4955517604126499,0.4955517604126499,-0.4379293252867576,-0.4379293252867576,-0.4379293252867576,-0.4379293252867576,0.5462194822165118,0.5462194822165118,0.5462194822165118,0.5462194822165118,-0.4891922036939529,-0.4891922036939529,-0.4891922036939529,-0.4891922036939529,0.8296291494585804,0.8296291494585804,0.8296291494585804,0.8296291494585804,68.5179296683139,1.1173626883597139,81.25,Bearish Trend,Normal Volatility,Bearish Trend,High Volatility,,,,,Neutral,-0.004388910150705305,-0.02392435127562509,,-0.004361318550793469,-0.04617097522578506,,0.0019103402690048288,0.008195115520029272,,-0.004494762464965607,-0.01144064768698716,,-0.011945414570677881,-0.021853091737981445,,0.043791325260226444,0.13759005933262847,,0.034999847412109375,0.18999958038330078,,0.10000038146972656,1.4800004959106445,,545,999,0.012624676370535706,1,0.021256485830850116,1,0.01006279994960317,1,,0,,0,,0,0.01663612423476519,1,0.05250173463880965,1,0.04263392913697331,1,,0,,0,,0
2026-09-16,4333.5,4413.10009765625,4273.2998046875,4387.5,249081.0,64.41999816894531,64.53500366210938,63.70000076293945,64.28800201416016,13.0,4333.5,4413.10009765625,4273.2998046875,4387.5,249081.0,64.41999816894531,64.53500366210938,63.70000076293945,64.28800201416016,13.0,124.5999984741211,125.05000305175781,124.43000030517578,124.91000366210938,13858810.0,217.77000427246094,219.27999877929688,217.77000427246094,218.4600067138672,14593538.0,95.9926986694336,95.99310302734375,95.82689666748047,95.9926986694336,0,99.69999694824219,100.3499984741211,99.54000091552734,100.30999755859375,0.0,4.979000091552734,5.00600004196167,4.939000129699707,5.00600004196167,0.0,3.950000047683716,3.9700000286102295,3.9200000762939453,3.9700000286102295,0.0,105.9000015258789,106.05999755859375,105.37999725341797,105.38999938964844,2194500.0,105.4800033569336,105.62999725341797,100.97000122070312,102.43000030517578,301167.0,108.55000305175781,108.58999633789062,104.05999755859375,105.83000183105469,52162.0,7601.25,7626.7900390625,7507.77001953125,7551.81005859375,5307920000.0,26108.4609375,26225.08984375,25802.9609375,25978.4296875,9968640000.0,52115.3984375,52173.69921875,51186.671875,51461.8984375,395270000.0,23201.599609375,23284.75,23116.099609375,23217.599609375,261600.0,16.90999984741211,18.940000534057617,16.399999618530273,17.709999084472656,0.0,13.430000305175781,13.579999923706055,12.869999885559082,13.170000076293945,0.0,135408.64518790384,198408.00580227148,4377.6798828125,4428.119970703125,4476.211741727941,4476.211741727941,4476.211741727941,4476.211741727941,4412.072720879827,4479.340475816896,4563.30756323663,4633.990552670458,30.785293626631955,0.8819398754466251,-71.9812622180525,-59.90879486543839,-12.072467352614119,-0.6138743500376798,-27.10009765625,120.21418108258929,0.21218132232767672,4686.996781955277,4265.426701500606,0.09418010245688975,185456.35294117648,1.3430707336243377,-545834.0,-0.019818486444900897,-0.019818486444900897,-0.019818486444900897,-0.05928387650085763,0.012624676370535706,False,False,False,False,-0.47386862197154955,-0.47386862197154955,-0.47386862197154955,-0.47386862197154955,-0.5815497237348622,-0.5815497237348622,-0.5815497237348622,-0.5815497237348622,0.26009799993138205,0.26009799993138205,0.26009799993138205,0.26009799993138205,-0.36579936641381205,-0.36579936641381205,-0.36579936641381205,-0.36579936641381205,0.5979963851039863,0.5979963851039863,0.5979963851039863,0.5979963851039863,-0.4459573741952323,-0.4459573741952323,-0.4459573741952323,-0.4459573741952323,63.975,65.31809921264649,66.11911728802849,66.11911728802849,66.11911728802849,66.11911728802849,64.89450889485497,66.15116135813132,67.65053811324952,68.89984667364733,34.215565063848345,0.8040252709906491,-1.3137834725003756,-1.0448724094920503,-0.26891106300832535,-0.6720911599666812,-0.43499755859375,1.9402874537876673,0.3458211543523351,70.18773400018796,62.050500575869016,0.12306929913887807,4561.058823529412,0.0028502153782661403,-5888.0,-0.027694188140649542,-0.027694188140649542,-0.027694188140649542,-0.0740468504091889,0.01663612423476519,False,False,False,False,-0.52248537374484,-0.52248537374484,-0.52248537374484,-0.52248537374484,-0.733534003881674,-0.733534003881674,-0.733534003881674,-0.733534003881674,0.3644500177392507,0.3644500177392507,0.3644500177392507,0.3644500177392507,-0.49492033208591624,-0.49492033208591624,-0.49492033208591624,-0.49492033208591624,0.47792944674333016,0.47792944674333016,0.47792944674333016,0.47792944674333016,-0.4477222850145147,-0.4477222850145147,-0.4477222850145147,-0.4477222850145147,0.8420432811255559,0.8420432811255559,0.8420432811255559,0.8420432811255559,68.24757128139717,0.7219245377844975,70.58823529411765,Bearish Trend,Normal Volatility,Bearish Trend,High Volatility,,,,,Neutral,0.01262467637053577,-0.016410023562987264,,0.016636124234765237,-0.05378115534422556,,0.006623141220358564,0.015591788679436558,,-0.004471543537976519,-0.011072003703498812,,0.004282266299549198,-0.009128753627595354,,-0.03212700998821316,0.06642370693085797,,0.010000228881835938,0.16900014877319336,,0.5099983215332031,1.25,,546,999,0.0027806712962962963,1,-0.0008205350783475784,0,-0.015749310007122506,0,,0,,0,,0,0.0183860000234977,1,0.02390795927587687,1,0.0014621977207944074,1,,0,,0,,0
2026-09-17,4301.39990234375,4423.2998046875,4294.5,4399.7001953125,169188.0,65.47000122070312,65.47000122070312,65.47000122070312,65.47000122070312,157.0,4301.39990234375,4423.2998046875,4294.5,4399.7001953125,169188.0,65.47000122070312,65.47000122070312,65.47000122070312,65.47000122070312,157.0,124.26000213623047,125.0,123.66999816894531,124.43000030517578,22769280.0,216.00999450683594,217.5800018310547,215.1699981689453,216.63999938964844,13737345.0,96.1323013305664,96.13259887695312,95.65779876708984,96.1323013305664,0,100.2699966430664,100.37000274658203,100.0199966430664,100.22000122070312,0.0,4.953000068664551,4.9629998207092285,4.940999984741211,4.947000026702881,0.0,3.9570000171661377,3.9649999141693115,3.9570000171661377,3.9649999141693115,0.0,105.55999755859375,105.75,105.51000213623047,105.70999908447266,2468600.0,102.18000030517578,102.47000122070312,99.0999984741211,101.91000366210938,265972.0,105.30999755859375,106.0,101.55000305175781,104.81999969482422,50042.0,7631.43994140625,7646.85986328125,7611.81005859375,7637.759765625,5058210000.0,26377.859375,26460.640625,26289.939453125,26418.30078125,9884890000.0,51882.53125,51935.96875,51607.6484375,51778.0390625,406100000.0,23195.25,23363.55078125,23193.650390625,23270.599609375,259700.0,16.030000686645508,16.290000915527344,15.380000114440918,15.4399995803833,0.0,13.170000076293945,13.170000076293945,12.140000343322754,12.289999961853027,0.0,135982.64517487417,202349.78635768406,4376.1599609375,4414.1,4471.961100260417,4471.961100260417,4471.961100260417,4471.961100260417,4409.598215766362,4471.75568719743,4556.891588023919,4631.659305333564,39.10646979663972,0.9999999997442878,-69.30527768890806,-61.788091430132326,-7.517186258775737,-3.0881673615506644,-140.19970703125,115.62845284598214,0.20696663772185028,4679.609063844432,4264.313136676402,0.09286662335766876,184552.55555555556,0.9167469910708964,-376646.0,-0.01615866134070553,-0.01615866134070553,-0.01615866134070553,-0.05666805417828045,0.01544045274204058,False,False,False,False,-0.481965162576003,-0.481965162576003,-0.481965162576003,-0.481965162576003,-0.5509267106970669,-0.5509267106970669,-0.5509267106970669,-0.5509267106970669,0.2848475919510733,0.2848475919510733,0.2848475919510733,0.2848475919510733,-0.3784799287732906,-0.3784799287732906,-0.3784799287732906,-0.3784799287732906,0.5787164203920026,0.5787164203920026,0.5787164203920026,0.5787164203920026,-0.44289867092623086,-0.44289867092623086,-0.44289867092623086,-0.44289867092623086,64.21220092773437,65.16779937744141,66.08305528428819,66.08305528428819,66.08305528428819,66.08305528428819,65.0096073600246,66.08628896409054,67.56502686256142,68.86571885819515,44.92782970439132,0.9999999997774208,-1.2027839325562155,-1.0764547141048832,-0.12632921845133227,-2.244185510039831,-1.5029983520507812,1.6725730895996094,0.34631004600169585,70.04203646768747,62.12407410088891,0.11981834575801034,4316.388888888889,0.03637299697535234,-5731.0,-0.009277023602309541,-0.009277023602309541,-0.009277023602309541,-0.05702227577905448,0.03532799603883419,False,False,False,False,-0.5335478822191686,-0.5335478822191686,-0.5335478822191686,-0.5335478822191686,-0.7345034140001373,-0.7345034140001373,-0.7345034140001373,-0.7345034140001373,0.4308002889657964,0.4308002889657964,0.4308002889657964,0.4308002889657964,-0.5151669148250172,-0.5151669148250172,-0.5151669148250172,-0.5151669148250172,0.5279002573382628,0.5279002573382628,0.5279002573382628,0.5279002573382628,-0.5025351592073332,-0.5025351592073332,-0.5025351592073332,-0.5025351592073332,0.8390694395380025,0.8390694395380025,0.8390694395380025,0.8390694395380025,67.2017735341238,-0.6690061306226542,27.77777777777778,Bearish Trend,Normal Volatility,Bearish Trend,High Volatility,,,,,Neutral,0.002780671296296333,-0.001724323216432233,,0.01838600002349766,0.018449454012375188,,-0.0008971821361879462,0.01140382404455087,,0.01138133856179846,0.006067095529001421,,0.0022827510548764085,-0.008825408044201288,,-0.005076604915719485,-0.005562057729827874,,-0.05900001525878906,0.0030002593994140625,,-2.2699995040893555,-2.40000057220459,,547,999,0.005727596407159312,1,-0.005295881977043447,0,-0.02311525576693902,0,,0,,0,,0,0.016587727430999837,1,0.007056636279605709,1,-0.03074691386510457,0,,0,,0,,0
2026-09-18,4381.60009765625,4439.7998046875,4372.2001953125,4424.89990234375,142919.0,66.94000244140625,66.94000244140625,66.55599975585938,66.55599975585938,97.0,4381.60009765625,4439.7998046875,4372.2001953125,4424.89990234375,142919.0,66.94000244140625,66.94000244140625,66.55599975585938,66.55599975585938,97.0,125.51000213623047,126.94999694824219,125.47000122070312,126.4800033569336,28783409.0,221.10000610351562,225.0,221.10000610351562,224.07000732421875,28477957.0,95.79920196533203,96.03179931640625,95.66290283203125,95.79920196533203,0,100.23999786376953,100.55999755859375,100.16999816894531,100.22000122070312,0.0,4.980000019073486,5.007999897003174,4.9710001945495605,4.998000144958496,0.0,3.9649999141693115,3.9820001125335693,3.9649999141693115,3.9779999256134033,0.0,105.4800033569336,105.4800033569336,105.2699966430664,105.2699966430664,2122800.0,101.05999755859375,103.4800033569336,99.19000244140625,100.30000305175781,112698.0,104.08999633789062,105.0199966430664,101.94000244140625,103.87000274658203,37226.0,7657.169921875,7657.169921875,7610.52001953125,7650.5,8858350000.0,26522.08984375,26544.9296875,26333.98046875,26522.5390625,13286960000.0,51826.78125,51826.78125,51497.46875,51682.640625,846980000.0,23334.69921875,23389.150390625,23286.599609375,23346.400390625,375300.0,15.069999694824219,15.630000114440918,14.800000190734863,14.8100004196167,0.0,12.289999961853027,12.289999961853027,11.3100004196167,11.390000343322754,0.0,136287.61895229892,204993.53508338853,4379.3599609375,4408.92998046875,4469.4841951069075,4469.4841951069075,4469.4841951069075,4469.4841951069075,4412.658553081839,4467.29323149708,4551.715443487442,4629.601997841129,45.07311881520572,0.9999999997781382,-64.40867183949013,-62.31220751200389,-2.0964643274862382,-1.1548986772253356,-51.7001953125,114.43558175223214,0.2036369791378026,4672.4337326461155,4266.5346575676995,0.09081564166236125,182361.31578947368,0.7837133625696817,-233727.0,-0.00997526578390575,-0.00997526578390575,-0.00997526578390575,-0.05126502951463336,0.021256485830850116,False,False,False,False,-0.48288000735119824,-0.48288000735119824,-0.48288000735119824,-0.48288000735119824,-0.4967032475160368,-0.4967032475160368,-0.4967032475160368,-0.4967032475160368,0.21069719224151023,0.21069719224151023,0.21069719224151023,0.21069719224151023,-0.40327477777151455,-0.40327477777151455,-0.40327477777151455,-0.40327477777151455,0.5815483017381791,0.5815483017381791,0.5815483017381791,0.5815483017381791,-0.4573175612316436,-0.4573175612316436,-0.4573175612316436,-0.4573175612316436,64.61260070800782,65.2186996459961,66.10794709858142,66.10794709858142,66.10794709858142,66.10794709858142,65.31888583919157,66.13102332521139,67.52545717210252,68.84273657856991,51.0915560708655,0.9999999998042729,-1.0154791798518232,-1.0642596072542714,0.048780427402448145,0.7706674158175497,0.509002685546875,1.6822160993303572,0.34404867347777596,69.96150000673998,62.25439419042286,0.11658365074964652,4094.315789473684,0.0236913821472645,-5634.0,0.006777591453714493,0.006777591453714493,0.006777591453714493,-0.0413804183161729,0.05250173463880965,False,False,False,False,-0.531031609105307,-0.531031609105307,-0.531031609105307,-0.531031609105307,-0.6568170372131218,-0.6568170372131218,-0.6568170372131218,-0.6568170372131218,0.32682690168346074,0.32682690168346074,0.32682690168346074,0.32682690168346074,-0.541273000032372,-0.541273000032372,-0.541273000032372,-0.541273000032372,0.5302592311205716,0.5302592311205716,0.5302592311205716,0.5302592311205716,-0.5182725909172241,-0.5182725909172241,-0.5182725909172241,-0.5182725909172241,0.8438158844495187,0.8438158844495187,0.8438158844495187,0.8438158844495187,66.48386198953004,-1.5058349529007071,5.263157894736842,Bearish Trend,Normal Volatility,Bullish Trend,High Volatility,,,,,Neutral,0.005727596407159252,0.0036290231927231797,,0.016587727430999788,0.031012778059717583,,0.0,0.011097643700973547,,0.0016680590599797984,-0.0008462841074782235,,0.0032573626173113546,-0.0022095477672591235,,-0.015798258782225627,0.00249875054846993,,0.051000118255615234,0.023000240325927734,,-0.6299991607666016,-1.0299997329711914,,548,999,-0.009265746323048666,0,-0.024068341058650803,0,-0.023435492173805573,0,,0,,0,,0,-0.01098327438996711,0,-0.03266416220407381,0,-0.026368730991280235,0,,0,,0,,0
2026-09-21,4413.0,4422.10009765625,4360.2998046875,4383.89990234375,138203.0,66.44000244140625,66.66500091552734,65.82499694824219,65.82499694824219,88.0,4413.0,4422.10009765625,4360.2998046875,4383.89990234375,138203.0,66.44000244140625,66.66500091552734,65.82499694824219,65.82499694824219,88.0,126.63999938964844,126.63999938964844,125.41000366210938,125.56999969482422,19462259.0,223.99000549316406,223.99000549316406,221.25999450683594,222.2100067138672,14139354.0,96.01439666748047,96.06590270996094,95.7228012084961,96.01309967041016,0,100.25,100.44999694824219,100.18000030517578,100.43000030517578,0.0,4.953000068664551,4.97599983215332,4.951000213623047,4.9629998207092285,0.0,3.9730000495910645,3.986999988555908,3.9730000495910645,3.9820001125335693,0.0,105.55000305175781,105.69000244140625,105.45999908447266,105.68000030517578,1757600.0,101.0,101.08000183105469,94.22000122070312,95.77999877929688,76449.0,104.75,104.98999786376953,99.0,100.33999633789062,36907.0,7692.830078125,7779.22021484375,7691.18994140625,7764.7001953125,4828050000.0,26723.189453125,27183.9296875,26707.419921875,27122.08984375,8813260000.0,51936.76171875,52128.578125,51747.6796875,52048.828125,444350000.0,23330.19921875,23466.80078125,23314.80078125,23414.30078125,213600.0,14.960000038146973,15.130000114440918,14.600000381469727,14.869999885559082,0.0,11.390000343322754,11.829999923706055,11.180000305175781,11.25,0.0,135326.29196901608,203194.71142840284,4385.7599609375,4399.6599609375,4465.20498046875,4465.20498046875,4465.20498046875,4465.20498046875,4406.906822934222,4459.351009672954,4545.1344418739645,4627.157200871005,48.82142357300176,0.9999999997644469,-63.108953047615614,-62.47155661912624,-0.6373964284893745,-2.0707723113582044,-92.7001953125,108.99274553571429,0.1992776977806798,4666.415398820225,4263.994562117276,0.09012370954148315,180153.4,0.7671406701177996,-371930.0,-0.01820858806720785,-0.01820858806720785,-0.01820858806720785,-0.06005576707895583,0.011793782302373317,False,False,False,False,-0.48998617577025605,-0.48998617577025605,-0.48998617577025605,-0.48998617577025605,-0.4247710491289381,-0.4247710491289381,-0.4247710491289381,-0.4247710491289381,0.13087006396415832,0.13087006396415832,0.13087006396415832,0.13087006396415832,-0.3041259029248821,-0.3041259029248821,-0.3041259029248821,-0.3041259029248821,0.43886510887966007,0.43886510887966007,0.43886510887966007,0.43886510887966007,-0.45595919448502376,-0.45595919448502376,-0.45595919448502376,-0.45595919448502376,65.075,65.19649963378906,66.09379959106445,66.09379959106445,66.09379959106445,66.09379959106445,65.4201080610017,66.10187795597622,67.45877245744134,68.81270931856665,54.16982954209998,0.9999999998078175,-0.9154716439548594,-1.034502014594389,0.1190303706395297,-0.3361244748704806,-0.2220001220703125,1.5390022822788783,0.3359094127852766,69.84670647338763,62.34089270874128,0.11356305449355791,3894.0,0.022598870056497175,-5722.0,-0.004066987289055877,-0.004066987289055877,-0.004066987289055877,-0.05190920021740186,0.04094181929135526,False,False,False,False,-0.5361878921508789,-0.5361878921508789,-0.5361878921508789,-0.5361878921508789,-0.5830662300369706,-0.5830662300369706,-0.5830662300369706,-0.5830662300369706,0.2435832730366704,0.2435832730366704,0.2435832730366704,0.2435832730366704,-0.4371048400661942,-0.4371048400661942,-0.4371048400661942,-0.4371048400661942,0.40675122015045356,0.40675122015045356,0.40675122015045356,0.40675122015045356,-0.5173331452699339,-0.5173331452699339,-0.5173331452699339,-0.5173331452699339,0.8453837901582376,0.8453837901582376,0.8453837901582376,0.8453837901582376,66.59931797324327,-1.2613091561987584,10.0,Bearish Trend,Normal Volatility,Bearish Trend,High Volatility,,,,,Neutral,-0.009265746323048663,0.007353110300805987,,-0.010983274389967157,0.03640194042458322,,0.002095380980990047,0.009752676750773848,,0.014927154475197657,0.018992204075954477,,0.002908387995104622,0.0006924140056445705,,-0.04506484680891265,-0.05533090683620545,,-0.03500032424926758,0.0019998550415039062,,0.05999946594238281,-2.2300004959106445,,551,999,-0.0017108054853146395,0,-0.01959440321569058,0,-0.014302267028891116,0,,0,,0,,0,0.0016255566010115656,1,-0.035974118125402334,0,-0.015556315887199237,0,,0,,0,,0
2026-09-22,4382.5,4414.10009765625,4327.60009765625,4376.39990234375,178132.0,65.38999938964844,65.93199920654297,65.38999938964844,65.93199920654297,99.0,4382.5,4414.10009765625,4327.60009765625,4376.39990234375,178132.0,65.38999938964844,65.93199920654297,65.38999938964844,65.93199920654297,99.0,125.55999755859375,125.56999969482422,124.27999877929688,125.0,21852347.0,222.25,222.49000549316406,218.4199981689453,220.27000427246094,17443388.0,95.71199798583984,95.83499908447266,95.46730041503906,95.71199798583984,0,100.41999816894531,100.69999694824219,100.30999755859375,100.5999984741211,0.0,4.928999900817871,4.98199987411499,4.926000118255615,4.9679999351501465,0.0,4.005000114440918,4.010000228881836,4.002999782562256,4.005000114440918,0.0,105.63999938964844,105.68000030517578,105.45999908447266,105.55999755859375,1729200.0,95.38999938964844,97.41999816894531,92.4000015258789,94.58999633789062,422683.0,99.87999725341797,102.29000091552734,97.36000061035156,99.25,47365.0,7770.81005859375,7782.18994140625,7756.259765625,7764.64013671875,5286270000.0,27161.19921875,27288.7890625,27161.19921875,27244.279296875,9334690000.0,52301.921875,52319.01171875,51726.078125,51863.69140625,444770000.0,23454.05078125,23489.0,23285.75,23329.0,244100.0,14.640000343322754,14.949999809265137,14.1899995803833,14.210000038146973,0.0,11.25,11.40999984741211,10.619999885559082,11.0,0.0,134671.11131394634,202886.75172349333,4394.47998046875,4393.399951171875,4450.824975585938,4460.976167224702,4460.976167224702,4460.976167224702,4400.805438816128,4451.45090421303,4538.5174011080735,4624.662103373222,46.32408080876425,0.8947652299990699,-61.96975509902313,-62.37119631510562,0.40144121608248895,-1.4102297286832655,-62.60009765625,106.94276646205357,0.19403274106502372,4632.3610792616455,4269.28887191023,0.0815741372314057,182044.9,0.9785058521276894,-550062.0,-0.01672163557327707,-0.01895913847340044,-0.01895913847340044,-0.061663828828527015,0.01006279994960317,False,False,False,False,-0.486133675049477,-0.486133675049477,-0.486133675049477,-0.486133675049477,-0.425421971824395,-0.425421971824395,-0.425421971824395,-0.425421971824395,0.1302118593505621,0.1302118593505621,0.1302118593505621,0.1302118593505621,-0.3043771336151306,-0.3043771336151306,-0.3043771336151306,-0.3043771336151306,0.4380324567587298,0.4380324567587298,0.4380324567587298,0.4380324567587298,-0.45426259806524383,-0.45426259806524383,-0.45426259806524383,-0.45426259806524383,65.61419982910157,65.15999984741211,65.918949508667,66.08609481084915,66.08609481084915,66.08609481084915,65.52248629010995,66.08569902745877,67.39889899662181,68.78404553635747,54.176158374928185,0.9999999996011699,-0.8181496434422968,-0.9912315403639707,0.17308189692167386,-0.5505496174772806,-0.36499786376953125,1.4570020948137556,0.3272920205101819,69.3276576662098,62.51024135112419,0.10342119171952607,2736.35,0.03617958229027719,-5623.0,0.0001979658045711895,-0.002331740205670027,-0.002331740205670027,-0.05036802495945693,0.04263392913697331,False,False,False,False,-0.530315172849868,-0.530315172849868,-0.530315172849868,-0.530315172849868,-0.5842465490901146,-0.5842465490901146,-0.5842465490901146,-0.5842465490901146,0.24228526371389206,0.24228526371389206,0.24228526371389206,0.24228526371389206,-0.43830883169726637,-0.43830883169726637,-0.43830883169726637,-0.43830883169726637,0.40525768466965284,0.40525768466965284,0.40525768466965284,0.40525768466965284,-0.5174781568600928,-0.5174781568600928,-0.5174781568600928,-0.5174781568600928,0.8454237613812722,0.8454237613812722,0.8454237613812722,0.8454237613812722,66.3774791453532,-1.4298887291120428,4.761904761904762,Bearish Trend,Normal Volatility,Bearish Trend,High Volatility,0.014521931815558942,0.32899999618530273,0.13240749096401272,0.011587208872561927,Tightening,-0.0017108054853146593,0.01006279994960324,-0.061663828828527056,0.0016255566010114908,0.04263392913697328,-0.050368024959456914,0.0016927030611246785,0.009533336013000104,0.014521931815558942,-7.734824557181774e-06,0.023585094211189483,0.011587208872561927,-0.00364310606782281,0.009100914163489238,-0.04132193728535094,-0.012424331348639295,-0.1062081196134479,0.13240749096401272,0.005000114440917969,-0.0279998779296875,0.32899999618530273,-0.6599998474121094,-2.9900007247924805,-1.239999771118164,552,999,-0.013252902224254806,0,-0.012613040001597704,0,,0,,0,,0,,0,-0.023509000804111255,0,-0.017153987710254726,0,,0,,0,,0,,0
2026-09-23,4394.7001953125,4407.5,4310.7001953125,4318.39990234375,143873.0,66.20500183105469,66.22000122070312,64.38200378417969,64.38200378417969,216.0,4394.7001953125,4407.5,4310.7001953125,4318.39990234375,143873.0,66.20500183105469,66.22000122070312,64.38200378417969,64.38200378417969,216.0,125.29000091552734,125.51000213623047,124.58999633789062,124.7300033569336,14210476.0,222.6199951171875,223.6300048828125,219.86000061035156,220.25999450683594,16219218.0,95.69149780273438,95.83889770507812,95.19740295410156,95.6897964477539,0,100.55999755859375,101.2300033569336,100.54000091552734,101.0999984741211,0.0,4.989999771118164,5.135000228881836,4.984000205993652,5.113999843597412,0.0,4.005000114440918,4.03000020980835,4.002999782562256,4.0279998779296875,0.0,105.4800033569336,105.4800033569336,104.69999694824219,104.80999755859375,2362600.0,89.88999938964844,93.05999755859375,88.70999908447266,92.16000366210938,370714.0,99.05000305175781,103.86000061035156,97.93000030517578,103.08000183105469,51561.0,7761.93994140625,7761.93994140625,7694.89013671875,7706.02978515625,5110910000.0,27213.51953125,27217.330078125,26873.5390625,26936.0390625,8491740000.0,51771.41015625,51846.80859375,51477.53125,51511.58984375,428070000.0,23352.150390625,23466.900390625,23349.55078125,23446.80078125,237600.0,14.15999984741211,15.449999809265137,14.119999885559082,15.180000305175781,0.0,11.0,11.039999961853027,10.220000267028809,10.350000381469727,0.0,132855.50367644874,198071.13129573595,4380.6599609375,4379.169921875,4433.544970703125,4454.495427911932,4454.495427911932,4454.495427911932,4384.324331521652,4438.77938022548,4529.885342333002,4621.6147182883515,25.51408164851584,0.017858984713249017,-64.99779368518102,-62.896515789120706,-2.101277896060317,-3.1900887021792057,-142.30029296875,103.57847377232143,0.19690033138517907,4594.240028805901,4272.849912600349,0.07249055063821352,182223.45,0.7895416314420564,-693935.0,-0.025971331997364115,-0.030552399877976186,-0.030552399877976186,-0.07409950635854416,0.0,False,False,False,True,-0.5087598243150198,-0.5111583588920104,-0.5111583588920104,-0.5111583588920104,-0.4443057155422683,-0.4420349770131982,-0.4420349770131982,-0.4420349770131982,0.1962336019326057,0.20164547089466547,0.20164547089466547,0.20164547089466547,-0.24162437702657516,-0.2436707025348465,-0.2436707025348465,-0.2436707025348465,0.4651798009782744,0.46361198620784605,0.46361198620784605,0.46361198620784605,-0.4756892328011653,-0.4778389556356392,-0.4778389556356392,-0.4778389556356392,65.63300018310547,64.80400009155274,65.66659965515137,66.00863612781872,66.00863612781872,66.00863612781872,65.29438978892391,65.92344233762267,67.28058938044762,68.74024412588804,40.59530805269842,0.45835489307423466,-0.8562229286600882,-0.9642298180231942,0.10800688936310598,-5.239759630619723,-3.55999755859375,1.4042159489222936,0.3355617102948382,68.70875147076765,62.62444783953509,0.09265446457079139,1584.55,0.1363163043135275,-5839.0,-0.019562393632649628,-0.024642720090280762,-0.024642720090280762,-0.0726929238242948,0.018122647258498523,False,False,False,False,-0.5601247600600918,-0.5609827288600033,-0.5609827288600033,-0.5609827288600033,-0.5875028265815441,-0.5863456936655268,-0.5863456936655268,-0.5863456936655268,0.313896379570473,0.3158688207414561,0.3158688207414561,0.3158688207414561,-0.35621242116748086,-0.35721195425032737,-0.35721195425032737,-0.35721195425032737,0.44060345691062625,0.4400130978078787,0.4400130978078787,0.4400130978078787,-0.5429904566008202,-0.5438883056875885,-0.5438883056875885,-0.5438883056875885,0.8510132224189692,0.8510022166388383,0.8510022166388383,0.8510022166388383,67.07464273432403,-0.5378847877203412,22.727272727272727,Bearish Trend,Normal Volatility,Bearish Trend,High Volatility,0.019564287417962456,0.4499998092651367,0.10331623379541433,0.003951377603605755,Tightening,-0.013252902224254792,-0.01574931000712254,-0.07409950635854412,-0.023509000804111224,0.001462197720794478,-0.07269292382429482,0.004970179001827946,0.00787559500303936,0.019564287417962456,-0.007548366766584991,0.020421557926632694,0.003951377603605755,0.0050495426829269,0.009871872016539163,-0.031434115882310376,-0.02568974278316838,-0.1002635615783305,0.10331623379541433,0.14599990844726562,0.10799980163574219,0.4499998092651367,0.9700002670288086,-2.529998779296875,-0.029999732971191406,553,999,-0.00472394933426111,0,0.0006484561485910976,1,,0,,0,,0,,0,-0.01436741631805361,0,0.00650800990392097,1,,0,,0,,0,,0
2026-09-24,4324.39990234375,4338.0,4278.2998046875,4298.0,164814.0,63.400001525878906,63.6349983215332,63.0,63.457000732421875,51.0,4324.39990234375,4338.0,4278.2998046875,4298.0,164814.0,63.400001525878906,63.6349983215332,63.0,63.457000732421875,51.0,124.0,124.27999877929688,123.22000122070312,123.43000030517578,20039975.0,217.88999938964844,218.42999267578125,215.75,215.9499969482422,17227623.0,95.74120330810547,96.0604019165039,95.25769805908203,95.74120330810547,0,101.11000061035156,101.4000015258789,101.0,101.29000091552734,0.0,5.120999813079834,5.181000232696533,5.086999893188477,5.1620001792907715,0.0,4.0279998779296875,4.072000026702881,4.0279998779296875,4.067999839782715,0.0,104.80999755859375,104.8499984741211,104.29000091552734,104.30000305175781,2547000.0,92.72000122070312,96.77999877929688,91.2300033569336,94.61000061035156,410015.0,103.38999938964844,108.2300033569336,101.83999633789062,106.5999984741211,57116.0,7666.990234375,7719.009765625,7662.56982421875,7704.1298828125,5316390000.0,26734.509765625,26971.0390625,26706.140625,26939.369140625,8078820000.0,51415.75,51485.96875,51124.01953125,51349.98046875,390410000.0,23221.80078125,23281.94921875,23046.150390625,23063.099609375,271700.0,15.829999923706055,16.56999969482422,15.34000015258789,15.670000076293945,0.0,10.350000381469727,13.220000267028809,10.350000381469727,12.6899995803833,0.0,132298.9370173039,195330.24065159817,4360.319921875,4368.23994140625,4415.244970703125,4447.691278872283,4447.691278872283,4447.691278872283,4367.059465217322,4425.371820204005,4520.791799496415,4618.394671340209,28.18762649784783,0.13051868053435037,-68.25681562842146,-63.96857575698086,-4.288239871440602,-2.4799720811198522,-109.2998046875,98.70706612723214,0.19641444965710642,4546.011054848821,4284.478886557428,0.059233897558744954,183449.05,0.8984183891930757,-858749.0,-0.026554578846947525,-0.03365595080381509,-0.03365595080381509,-0.07847341337907375,0.0,False,False,False,True,-0.5058827421418136,-0.51122321473303,-0.51122321473303,-0.51122321473303,-0.4402173362924605,-0.4414830339977851,-0.4414830339977851,-0.4414830339977851,0.18954985251496928,0.19923384573636269,0.19923384573636269,0.19923384573636269,-0.2383937346713813,-0.24364396374546865,-0.24364396374546865,-0.24364396374546865,0.4625944810997532,0.46376671217044485,0.46376671217044485,0.46376671217044485,-0.4706693194275908,-0.47714352124372283,-0.47714352124372283,-0.47714352124372283,65.23040008544922,64.7213005065918,65.36799964904785,65.89769545845364,65.89769545845364,65.89769545845364,64.9269119776235,65.68854313712735,67.13064472758387,68.6876745398834,40.5982536717869,0.4584723732118631,-0.9500843166073167,-0.9614007177400188,0.011316401132702048,-1.2864723626106023,-0.826995849609375,1.3952159881591797,0.33741493050221294,67.9999167718271,62.73608252626858,0.08052616377767946,424.5,0.12014134275618374,-5890.0,-0.029234471406282457,-0.03703763400300613,-0.03703763400300613,-0.08601593064238822,0.0034948553224968325,False,False,False,False,-0.5616371364866023,-0.5639770167812059,-0.5639770167812059,-0.5639770167812059,-0.5916367695231243,-0.5916448656461272,-0.5916448656461272,-0.5916448656461272,0.3293282324845235,0.333591273545996,0.333591273545996,0.333591273545996,-0.3662997730750236,-0.3690589291639462,-0.3690589291639462,-0.3690589291639462,0.44186417530302896,0.43872408847642896,0.43872408847642896,0.43872408847642896,-0.5499004629335154,-0.5495848440488589,-0.5495848440488589,-0.5495848440488589,0.847141433244908,0.8474832738287384,0.8474832738287384,0.8474832738287384,67.7309036101991,0.2940084988067475,52.17391304347826,Bearish Trend,Normal Volatility,Bearish Trend,High Volatility,0.02148040716775279,0.49000024795532227,0.13264697704988948,-0.0034743740126677025,Tightening,-0.004723949334261124,-0.02311525576693907,-0.07847341337907376,-0.014367416318053605,-0.03074691386510453,-0.08601593064238822,0.001879351575409638,0.010676508499215531,0.02148040716775279,-0.000246547495496241,0.00868973615617108,-0.0034743740126677025,-0.016364755919359375,-0.008916830828733957,-0.04266142608768975,0.026584167218837385,-0.07163185938017969,0.13264697704988948,0.048000335693359375,0.21500015258789062,0.49000024795532227,0.48999977111816406,0.23000049591064453,1.1599998474121094,554,999,0.00539790491216845,1,,0,,0,,0,,0,,0,0.02117972413614003,1,,0,,0,,0,,0,,0
2026-09-25,4309.5,4351.60009765625,4289.2001953125,4321.2001953125,137070.0,64.26499938964844,65.50499725341797,63.78499984741211,64.8010025024414,36179.0,4309.5,4351.60009765625,4289.2001953125,4321.2001953125,137070.0,64.26499938964844,65.50499725341797,63.78499984741211,64.8010025024414,36179.0,123.98999786376953,124.5,123.52999877929688,124.43000030517578,13701949.0,216.8800048828125,219.0,215.5800018310547,218.8000030517578,14322964.0,96.16259765625,96.1676025390625,95.70140075683594,96.16130065917969,0,101.2699966430664,101.30999755859375,100.87000274658203,100.97000122070312,0.0,5.185999870300293,5.230000019073486,5.1620001792907715,5.184000015258789,0.0,4.065000057220459,4.0879998207092285,4.057000160217285,4.070000171661377,0.0,104.38999938964844,104.55999755859375,104.19999694824219,104.54000091552734,2127600.0,94.75,94.75,91.51000213623047,92.41000366210938,323945.0,106.5199966430664,100.26000213623047,96.38999938964844,97.44000244140625,63901.0,7709.85986328125,7752.06982421875,7693.080078125,7743.41015625,4499180000.0,26970.94921875,27122.759765625,26876.26953125,27068.720703125,7275260000.0,51359.69921875,51874.94140625,51339.23828125,51828.62109375,387540000.0,23035.0,23162.69921875,23020.94921875,23140.5,242700.0,15.609999656677246,15.9399995803833,14.680000305175781,14.869999885559082,0.0,12.6899995803833,12.84000015258789,11.770000457763672,12.15999984741211,0.0,133596.71456084657,200342.51234104874,4339.57998046875,4359.469970703125,4404.809985351562,4442.420817057292,4442.420817057292,4442.420817057292,4357.887611236358,4415.450713071481,4512.964677763713,4615.4375123747595,32.038890839049316,0.29280594095372325,-68.18159711881344,-64.81118002934738,-3.3704170894660592,-1.9891516925714114,-87.69970703125,94.17850167410714,0.17565698002787952,4530.252183964735,4279.367786738389,0.0569569171112206,176572.4,0.7762821369591171,-721679.0,-0.018981474868861828,-0.027287064133894867,-0.027287064133894867,-0.07349910049045884,0.00539790491216845,False,False,False,False,-0.440640904405035,-0.5295724603782442,-0.5295724603782442,-0.5295724603782442,-0.42922851156689723,-0.4381281648762621,-0.4381281648762621,-0.4381281648762621,0.12108035353272373,0.2329697225857309,0.2329697225857309,0.2329697225857309,-0.33151655561260585,-0.2699895841821541,-0.2699895841821541,-0.2699895841821541,0.49657610590592194,0.47735113767319415,0.47735113767319415,0.47735113767319415,-0.5704768091124255,-0.492411454133367,-0.492411454133367,-0.492411454133367,64.87940063476563,64.74600067138672,65.25829963684082,65.8519999186198,65.8519999186198,65.8519999186198,64.9017300825871,65.60401545763345,67.03928620895084,68.64900118627702,45.87910770816165,0.6613960955763023,-0.9055814529563406,-0.9502368647832832,0.04465541182694255,0.38262794664885025,0.24700164794921875,1.4647154126848494,0.32828486808158797,67.78549307087654,62.73110620280509,0.07745201600714184,2017.0,17.937035200793257,30289.0,-0.007007493865826216,-0.015959992368906297,-0.015959992368906297,-0.06665800018856732,0.02474859953026307,False,False,False,False,-0.5417531966144348,-0.5960956512448543,-0.5960956512448543,-0.5960956512448543,-0.5703266741516636,-0.5758631346164143,-0.5758631346164143,-0.5758631346164143,0.3181359691234959,0.3797609507571331,0.3797609507571331,0.3797609507571331,-0.4487785968553919,-0.4042538130196299,-0.4042538130196299,-0.4042538130196299,0.4642940243120994,0.45908441143561546,0.45908441143561546,0.45908441143561546,-0.620061142338934,-0.5690873617897303,-0.5690873617897303,-0.5690873617897303,0.8313138366594751,0.849809566920305,0.849809566920305,0.849809566920305,66.68415654757342,-1.02560207353578,16.666666666666664,Bearish Trend,Normal Volatility,Bearish Trend,High Volatility,0.012738257887011217,0.46400022506713867,0.10803359677918811,0.004104172275448903,Tightening,0.005397904912168405,-0.023435492173805583,-0.04607159352975321,0.02117972413614,-0.02636873099128023,-0.03274871489206055,-0.0031592426886351,0.007483536129164081,0.012738257887011217,0.005098599586843999,0.012144324717338728,0.004104172275448903,0.003356027244210358,-0.008819363464171559,-0.04281789213110132,-0.023253323475842747,-0.07866399949735758,0.10803359677918811,0.021999835968017578,0.18599987030029297,0.46400022506713867,-0.8000001907348633,0.05999946594238281,0.4399995803833008,555,999,0.0,0,,0,,0,,0,,0,,0,0.0,0,,0,,0,,0,,0,,0
2026-09-27,4309.5,4351.60009765625,4289.2001953125,4321.2001953125,137070.0,64.26499938964844,65.50499725341797,63.78499984741211,64.8010025024414,36179.0,4309.5,4351.60009765625,4289.2001953125,4321.2001953125,137070.0,64.26499938964844,65.50499725341797,63.78499984741211,64.8010025024414,36179.0,123.98999786376953,124.5,123.52999877929688,124.43000030517578,13701949.0,216.8800048828125,219.0,215.5800018310547,218.8000030517578,14322964.0,95.81999969482422,95.81999969482422,95.81999969482422,95.81999969482422,0,101.2699966430664,101.30999755859375,100.87000274658203,100.97000122070312,0.0,5.185999870300293,5.230000019073486,5.1620001792907715,5.184000015258789,0.0,4.065000057220459,4.0879998207092285,4.057000160217285,4.070000171661377,0.0,104.38999938964844,104.55999755859375,104.19999694824219,104.54000091552734,2127600.0,94.75,94.75,91.51000213623047,92.41000366210938,323945.0,106.5199966430664,100.26000213623047,96.38999938964844,97.44000244140625,63901.0,7709.85986328125,7752.06982421875,7693.080078125,7743.41015625,4499180000.0,26970.94921875,27122.759765625,26876.26953125,27068.720703125,7275260000.0,51359.69921875,51874.94140625,51339.23828125,51828.62109375,387540000.0,23035.0,23162.69921875,23020.94921875,23140.5,242700.0,15.609999656677246,15.9399995803833,14.680000305175781,14.869999885559082,0.0,12.6899995803833,12.84000015258789,11.770000457763672,12.15999984741211,0.0,133122.54577151264,199631.44570410982,4327.0400390625,4356.4,4396.794995117188,4437.5719921875,4437.5719921875,4437.5719921875,4350.550128051586,4406.474473284911,4505.444501981312,4612.5097778766285,35.08866918347215,0.4213196259552324,-67.34566698030176,-65.31807741953827,-2.027589560763488,-0.7054322875100216,-30.69970703125,90.93565150669643,0.1729646031861507,4522.089785986992,4271.500204247383,0.0569936924550492,175815.1,0.7796258683127899,-721679.0,-0.017193159992366862,-0.026224204830902202,-0.026224204830902202,-0.07349910049045884,0.00539790491216845,False,False,False,False,-0.5153148953946594,-0.5310926941593549,-0.5310926941593549,-0.5310926941593549,-0.4239489846806785,-0.4411391295186199,-0.4411391295186199,-0.4411391295186199,0.1259162918230912,0.2368178833823499,0.2368178833823499,0.2368178833823499,-0.3102525886179247,-0.27143521136885035,-0.27143521136885035,-0.27143521136885035,0.48513226556581873,0.47576766205616494,0.47576766205616494,0.47576766205616494,-0.5629921130146258,-0.49161849647215466,-0.49161849647215466,-0.49161849647215466,64.67460174560547,64.87480087280274,65.18729972839355,65.80996002197266,65.80996002197266,65.80996002197266,64.88158456655796,65.52753803332945,66.95151037732303,68.61071264215926,44.96908580286857,0.6242579627327636,-0.8603945204325782,-0.9322683959131421,0.0718738754805639,2.0279344453232095,1.2880020141601562,1.5374298095703125,0.32612750200496887,67.68016805092915,62.694431405857955,0.07648325158189621,3804.8,9.508778385197644,30289.0,-0.005925958393148312,-0.01533138022260429,-0.01533138022260429,-0.06665800018856732,0.02474859953026307,False,False,False,False,-0.5968224159593722,-0.5965133039179851,-0.5965133039179851,-0.5965133039179851,-0.5641875412384321,-0.5750932508816284,-0.5750932508816284,-0.5750932508816284,0.319989054928022,0.38063139510089283,0.38063139510089283,0.38063139510089283,-0.43819040805375864,-0.4048501136722758,-0.4048501136722758,-0.4048501136722758,0.45642155767750026,0.458493001888191,0.458493001888191,0.458493001888191,-0.6151906062824352,-0.5688716725085261,-0.5688716725085261,-0.5688716725085261,0.8292694459839837,0.8496902403917961,0.8496902403917961,0.8496902403917961,66.68415654757342,-0.9843773369327041,16.0,Bearish Trend,Normal Volatility,Bearish Trend,High Volatility,0.015488292374541857,0.42600011825561523,0.07754199347284674,0.007451076679913182,Tightening,0.0,-0.014302267028891147,-0.035769230098739224,0.0,-0.01555631588719919,-0.02144332091856893,0.0,0.005376888518236145,0.015488292374541857,0.0,-0.002741900978398659,0.007451076679913182,0.0,-0.011693741521816348,-0.03903175924728075,0.0,-0.03518474796552129,0.07754199347284674,0.0,0.22100019454956055,0.42600011825561523,0.0,0.0,-0.05000019073486328,557,999,,0,,0,,0,,0,,0,,0,,0,,0,,0,,0,,0,,0
