date,close,quality_status
2021-04-01,103.17941323937742,valid
2021-04-02,103.43438824763317,valid
2021-04-05,103.56469264590108,valid
2021-04-06,103.3371555118161,valid
2021-04-07,103.29685720502661,valid
2021-04-08,103.29555294198072,valid
2021-04-09,103.41531181989309,valid
2021-04-12,103.54897991763671,valid
2021-04-13,103.40214515788101,valid
2021-04-14,103.41854426916372,valid
2021-04-15,103.51000035008677,valid
2021-04-16,103.80116481451613,valid
2021-04-19,103.94206612248107,valid
2021-04-20,104.09987745995618,valid
2021-04-21,104.11664278554204,valid
2021-04-22,104.39873461458275,valid
2021-04-23,104.48068717377464,valid
2021-04-26,104.30846959173994,valid
2021-04-27,104.58914358576497,valid
2021-04-28,104.72872424027278,valid
2021-04-29,104.64011543604708,valid
2021-04-30,104.54421684256724,valid
2021-05-03,104.60353195159539,valid
2021-05-04,104.69616891064891,valid
2021-05-05,104.73562736377514,valid
2021-05-06,104.79788909846371,valid
2021-05-07,105.137880573379,valid
2021-05-10,105.35218920382597,valid
2021-05-11,105.39031632207897,valid
2021-05-12,105.57857843823247,valid
2021-05-13,105.37207365752697,valid
2021-05-14,105.45165906751633,valid
2021-05-17,105.81352033746295,valid
2021-05-18,105.76991115838447,valid
2021-05-19,105.60038437266066,valid
2021-05-20,105.46996659494205,valid
2021-05-21,105.25203998747357,valid
2021-05-24,105.09508760584802,valid
2021-05-25,105.02098598613003,valid
2021-05-26,104.7398725822943,valid
2021-05-27,104.74299624908421,valid
2021-05-28,104.92345168384155,valid
2021-05-31,104.74190044781216,valid
2021-06-01,105.04575723254051,valid
2021-06-02,105.14791565024603,valid
2021-06-03,105.35403176737084,valid
2021-06-04,105.22246485660041,valid
2021-06-07,105.39336990201375,valid
2021-06-08,105.17498312193467,valid
2021-06-09,105.35303262210198,valid
2021-06-10,105.38740049006068,valid
2021-06-11,105.49805073405764,valid
2021-06-14,105.26293181293268,valid
2021-06-15,105.08391784447736,valid
2021-06-16,105.20336348812803,valid
2021-06-17,105.01369388728318,valid
2021-06-18,105.10633514570301,valid
2021-06-21,104.83290758441096,valid
2021-06-22,105.0025424269443,valid
2021-06-23,104.75603776399059,valid
2021-06-24,104.8664977515265,valid
2021-06-25,104.9916239382557,valid
2021-06-28,104.85226957456979,valid
2021-06-29,104.96867488798674,valid
2021-06-30,105.02076334065345,valid
2021-07-01,104.9129949694149,valid
2021-07-02,104.71128403259965,valid
2021-07-05,104.31875889426513,valid
2021-07-06,104.38868890372507,valid
2021-07-07,104.07572834945266,valid
2021-07-08,104.09479718934092,valid
2021-07-09,104.04210754612447,valid
2021-07-12,104.17793610121211,valid
2021-07-13,104.11752700131414,valid
2021-07-14,104.05163744404473,valid
2021-07-15,104.19801158490239,valid
2021-07-16,104.2650231907192,valid
2021-07-19,104.32825438215576,valid
2021-07-20,104.42210790011747,valid
2021-07-21,104.11499347547604,valid
2021-07-22,104.26635121147345,valid
2021-07-23,104.38884497027617,valid
2021-07-26,104.18550834456086,valid
2021-07-27,104.13669224982603,valid
2021-07-28,104.12883079230049,valid
2021-07-29,104.10193143542016,valid
2021-07-30,104.16870342873386,valid
2021-08-02,104.45497678510009,valid
2021-08-03,104.67133013063466,valid
2021-08-04,104.40888629194838,valid
2021-08-05,104.53330029000959,valid
2021-08-06,104.79908695391667,valid
2021-08-09,104.87644865805451,valid
2021-08-10,105.0946447430917,valid
2021-08-11,105.49709883223186,valid
2021-08-12,105.70184074145325,valid
2021-08-13,105.7517024605816,valid
2021-08-16,105.96072015539855,valid
2021-08-17,105.98969772201792,valid
2021-08-18,105.99447833067492,valid
2021-08-19,105.92419548353217,valid
2021-08-20,106.2368781552986,valid
2021-08-23,106.0731924221102,valid
2021-08-24,106.37966596704582,valid
2021-08-25,106.47963879179389,valid
2021-08-26,106.19977755683351,valid
2021-08-27,106.27330741543179,valid
2021-08-30,105.85330211390146,valid
2021-08-31,105.97840371726767,valid
2021-09-01,106.15545001386546,valid
2021-09-02,106.03697882273505,valid
2021-09-03,106.06168836192617,valid
2021-09-06,106.45251984867623,valid
2021-09-07,106.35137050782384,valid
2021-09-08,106.13958899041252,valid
2021-09-09,106.43592167090505,valid
2021-09-10,106.8284391090112,valid
2021-09-13,106.82917824338077,valid
2021-09-14,107.03147085046244,valid
2021-09-15,107.29976603356862,valid
2021-09-16,107.15126918706095,valid
2021-09-17,107.05420801998737,valid
2021-09-20,107.30038292261831,valid
2021-09-21,107.63738577836001,valid
2021-09-22,107.74996195039489,valid
2021-09-23,107.57399907969447,valid
2021-09-24,107.97141130203437,valid
2021-09-27,107.86521712247198,valid
2021-09-28,107.79818956623768,valid
2021-09-29,107.8666571331356,valid
2021-09-30,108.17748921727856,valid
2021-10-01,108.34828441258901,valid
2021-10-04,108.43125751266139,valid
2021-10-05,108.523915218685,valid
2021-10-06,108.5326181524137,valid
2021-10-07,108.64424605531741,valid
2021-10-08,108.13833403977854,valid
2021-10-11,108.07901254796458,valid
2021-10-12,108.12727693494794,valid
2021-10-13,107.89707411822404,valid
2021-10-14,107.97433878178634,valid
2021-10-15,107.93344453758912,valid
2021-10-18,108.28453967725223,valid
2021-10-19,108.5991436222952,valid
2021-10-20,108.50598250847156,valid
2021-10-21,108.47581496615823,valid
2021-10-22,108.46102545303654,valid
2021-10-25,108.37069355780461,valid
2021-10-26,108.40969855461024,valid
2021-10-27,108.25804214083273,valid
2021-10-28,108.03191907384522,valid
2021-10-29,108.15646131862528,valid
2021-11-01,108.28236723546964,valid
2021-11-02,108.12150408353764,valid
2021-11-03,108.30057516969016,valid
2021-11-04,108.1742596238571,valid
2021-11-05,108.22489267146469,valid
2021-11-08,108.38896147398718,valid
2021-11-09,108.38223896104644,valid
2021-11-10,108.47318714347466,valid
2021-11-11,108.36990121469715,valid
2021-11-12,108.33060789801154,valid
2021-11-15,108.28943601183546,valid
2021-11-16,108.14012034252741,valid
2021-11-17,108.10476550990425,valid
2021-11-18,107.79504185013151,valid
2021-11-19,107.69681110070309,valid
2021-11-22,107.63983600202916,valid
2021-11-23,107.58860005153008,valid
2021-11-24,107.54030056235592,valid
2021-11-25,107.5279477223839,valid
2021-11-26,107.62383602600111,valid
2021-11-29,107.79873944082762,valid
2021-11-30,107.66878639545796,valid
2021-12-01,107.42814622438013,valid
2021-12-02,107.2197373419315,valid
2021-12-03,107.12229675769252,valid
2021-12-06,107.05191249412923,valid
2021-12-07,106.89791328088974,valid
2021-12-08,106.63868994803975,valid
2021-12-09,106.54746578254492,valid
2021-12-10,106.58375110656772,valid
2021-12-13,106.70275699973482,valid
2021-12-14,106.59127238911316,valid
2021-12-15,106.50867282468447,valid
2021-12-16,106.323333162915,valid
2021-12-17,106.31704532884005,valid
2021-12-20,106.1473596020019,valid
2021-12-21,106.26198516465013,valid
2021-12-22,105.90481186626332,valid
2021-12-23,105.83288593177282,valid
2021-12-24,105.89310739961117,valid
2021-12-27,105.92987430287566,valid
2021-12-28,106.46848103567177,valid
2021-12-29,106.53844104058535,valid
2021-12-30,106.33763012121695,valid
2021-12-31,106.31853727179913,valid
2022-01-03,105.96328800510584,valid
2022-01-04,105.9471680552465,valid
2022-01-05,105.78055684384634,valid
2022-01-06,105.96363489895838,valid
2022-01-07,105.85372684403926,valid
2022-01-10,105.83037366088021,valid
2022-01-11,105.70326209259933,valid
2022-01-12,106.05103236297,valid
2022-01-13,105.98678380974641,valid
2022-01-14,106.35329521844226,valid
2022-01-17,106.51612557086591,valid
2022-01-18,106.612538916333,valid
2022-01-19,106.6862855457965,valid
2022-01-20,106.76504500543975,valid
2022-01-21,106.37951048957062,valid
2022-01-24,106.32373381074046,valid
2022-01-25,106.49276540497733,valid
2022-01-26,106.4829859682825,valid
2022-01-27,106.2019479989218,valid
2022-01-28,106.19146710880631,valid
2022-01-31,106.5322882120574,valid
2022-02-01,106.78166655516435,valid
2022-02-02,106.76926575329114,valid
2022-02-03,106.95955560870276,valid
2022-02-04,106.88625420462914,valid
2022-02-07,106.5454798872638,valid
2022-02-08,106.36058668963788,valid
2022-02-09,106.67316444333953,valid
2022-02-10,106.61836582697367,valid
2022-02-11,106.56968903109866,valid
2022-02-14,106.50972139184368,valid
2022-02-15,106.89054870975829,valid
2022-02-16,107.2157404928307,valid
2022-02-17,107.65949653952033,valid
2022-02-18,107.62768749744032,valid
2022-02-21,107.68681239518973,valid
2022-02-22,107.38348388530558,valid
2022-02-23,107.67887077052923,valid
2022-02-24,107.44531486027564,valid
2022-02-25,107.48866997302818,valid
2022-02-28,107.26920946750161,valid
2022-03-01,107.15143610215387,valid
2022-03-02,106.98398361594393,valid
2022-03-03,106.86240856380876,valid
2022-03-04,106.75458402317896,valid
2022-03-07,106.64493026419395,valid
2022-03-08,106.81159704655002,valid
2022-03-09,106.5906244879375,valid
2022-03-10,106.63473277334029,valid
2022-03-11,106.87832460380139,valid
2022-03-14,106.77568533089871,valid
2022-03-15,106.63210155274919,valid
2022-03-16,106.58599662771314,valid
2022-03-17,106.82194166938528,valid
2022-03-18,106.86076319557596,valid
2022-03-21,106.75452033665444,valid
2022-03-22,106.85129566689204,valid
2022-03-23,106.63083723692476,valid
2022-03-24,106.76710913901336,valid
2022-03-25,106.84883060055371,valid
2022-03-28,106.78726890632593,valid
2022-03-29,106.61955174663647,valid
2022-03-30,106.4422155621798,valid
2022-03-31,106.54917902944896,valid
2022-04-01,106.79497512994678,valid
2022-04-04,106.66751358054103,valid
2022-04-05,106.75919092125132,valid
2022-04-06,106.34178551753091,valid
2022-04-07,106.22486197139946,valid
2022-04-08,106.2186501848253,valid
2022-04-11,106.03671350142892,valid
2022-04-12,105.849412226471,valid
2022-04-13,105.71585631517722,valid
2022-04-14,105.7742948608425,valid
2022-04-15,105.73682905716123,valid
2022-04-18,105.28918281049623,valid
2022-04-19,104.86504277996922,valid
2022-04-20,104.74366974439778,valid
2022-04-21,104.83520706160849,valid
2022-04-22,104.28570609306344,valid
2022-04-25,104.18576005783312,valid
2022-04-26,104.08051048652963,valid
2022-04-27,104.35817804217132,valid
2022-04-28,104.28117367982875,valid
2022-04-29,104.35777147677693,valid
2022-05-02,104.38602290479443,valid
2022-05-03,103.95990960883299,valid
2022-05-04,104.11355105215934,valid
2022-05-05,104.15663035325059,valid
2022-05-06,104.25828408118551,valid
2022-05-09,105.04353162247278,valid
2022-05-10,104.62670903457305,valid
2022-05-11,104.97164836452528,valid
2022-05-12,104.91415886064522,valid
2022-05-13,104.9716246415258,valid
2022-05-16,104.96252219246557,valid
2022-05-17,104.87767492578595,valid
2022-05-18,104.76370834013821,valid
2022-05-19,104.8296100872528,valid
2022-05-20,104.52617534791847,valid
2022-05-23,104.67629118142283,valid
2022-05-24,104.59305230044578,valid
2022-05-25,104.3670384326377,valid
2022-05-26,104.27703586103854,valid
2022-05-27,104.52846570441105,valid
2022-05-30,104.42139868700781,valid
2022-05-31,104.49308941064973,valid
2022-06-01,104.34689815550664,valid
2022-06-02,104.49848252549135,valid
2022-06-03,104.6355840732494,valid
2022-06-06,105.00530583990869,valid
2022-06-07,104.97019305080885,valid
2022-06-08,105.10392401176043,valid
2022-06-09,105.1235375196682,valid
2022-06-10,105.38271187604082,valid
2022-06-13,105.23894539851906,valid
2022-06-14,105.38794646109453,valid
2022-06-15,105.34900700187119,valid
2022-06-16,105.33616936644948,valid
2022-06-17,105.35451986333916,valid
2022-06-20,105.4049679426245,valid
2022-06-21,105.3817221340001,valid
2022-06-22,105.42466477063421,valid
2022-06-23,105.74028838214664,valid
2022-06-24,105.9373783192697,valid
2022-06-27,106.11120923776907,valid
2022-06-28,106.0201013325643,valid
2022-06-29,105.84225316691864,valid
2022-06-30,106.03331327856618,valid
2022-07-01,106.20852263707214,valid
2022-07-04,106.50305677222234,valid
2022-07-05,106.38226064702849,valid
2022-07-06,106.33635091595642,valid
2022-07-07,106.00845408345134,valid
2022-07-08,105.92995986223916,valid
2022-07-11,106.12927396435505,valid
2022-07-12,106.03597488850941,valid
2022-07-13,106.16407084754958,valid
2022-07-14,106.12597022635002,valid
2022-07-15,106.19078163199433,valid
2022-07-18,105.9612433540312,valid
2022-07-19,105.97828524395797,valid
2022-07-20,105.38005804977783,valid
2022-07-21,105.34267881814543,valid
2022-07-22,105.0165841694024,valid
2022-07-25,105.25778307271176,valid
2022-07-26,105.41326454326467,valid
2022-07-27,105.50659873965789,valid
2022-07-28,105.81079998508976,valid
2022-07-29,105.6210166809248,valid
2022-08-01,105.97048932050791,valid
2022-08-02,106.15692763335998,valid
2022-08-03,106.10961657591619,valid
2022-08-04,106.33674060535279,valid
2022-08-05,106.11548190287046,valid
2022-08-08,105.95057907056491,valid
2022-08-09,105.82886112591697,valid
2022-08-10,105.72306558430418,valid
2022-08-11,105.51175405575212,valid
2022-08-12,105.75637066917119,valid
2022-08-15,105.70459978909723,valid
2022-08-16,105.7751007827686,valid
2022-08-17,105.66103050948587,valid
2022-08-18,105.29690984937616,valid
2022-08-19,105.35092132105444,valid
2022-08-22,104.96847032597049,valid
2022-08-23,104.9547435167534,valid
2022-08-24,104.68108050898684,valid
2022-08-25,105.078535708833,valid
2022-08-26,105.26080825326794,valid
2022-08-29,105.28195901152223,valid
2022-08-30,105.53470034705317,valid
2022-08-31,105.36543715156003,valid
2022-09-01,105.47413302729404,valid
2022-09-02,105.51409511403779,valid
2022-09-05,105.56689913030452,valid
2022-09-06,105.82136983032588,valid
2022-09-07,105.96786825088184,valid
2022-09-08,106.02561298344683,valid
2022-09-09,105.69463549620117,valid
2022-09-12,105.50262623714528,valid
2022-09-13,105.47808445042614,valid
2022-09-14,105.49675892528147,valid
2022-09-15,105.27071818034669,valid
2022-09-16,105.75305351546237,valid
2022-09-19,106.05633232651309,valid
2022-09-20,106.17675599059159,valid
2022-09-21,106.19116336284833,valid
2022-09-22,106.1487215688681,valid
2022-09-23,105.95833787686365,valid
2022-09-26,105.97383398056742,valid
2022-09-27,106.02538448859598,valid
2022-09-28,105.77703237349965,valid
2022-09-29,105.84386765694863,valid
2022-09-30,105.81281584718369,valid
2022-10-03,105.4312543356082,valid
2022-10-04,105.2591773334523,valid
2022-10-05,105.17645622676797,valid
2022-10-06,105.553993758236,valid
2022-10-07,105.66530438314277,valid
2022-10-10,105.39820806932278,valid
2022-10-11,105.49541532720632,valid
2022-10-12,105.18595452941864,valid
2022-10-13,105.40249274019605,valid
2022-10-14,105.30826780983247,valid
2022-10-17,105.28954057208465,valid
2022-10-18,105.55469990159308,valid
2022-10-19,105.29726718787623,valid
2022-10-20,105.01784355085363,valid
2022-10-21,104.90112368558444,valid
2022-10-24,105.1087994557883,valid
2022-10-25,104.80493024069293,valid
2022-10-26,104.23849912107082,valid
2022-10-27,104.14826734938902,valid
2022-10-28,104.2586155093712,valid
2022-10-31,104.49866785931896,valid
2022-11-01,104.40603558690188,valid
2022-11-02,104.32375026547868,valid
2022-11-03,104.55453041232983,valid
2022-11-04,104.18058207239075,valid
2022-11-07,104.10287791735415,valid
2022-11-08,104.14096269533916,valid
2022-11-09,104.23080643959617,valid
2022-11-10,104.12884510095799,valid
2022-11-11,104.13573330329916,valid
2022-11-14,103.63806783261656,valid
2022-11-15,103.50641815014978,valid
2022-11-16,103.59711989266069,valid
2022-11-17,103.40066108580974,valid
2022-11-18,103.41245793012767,valid
2022-11-21,103.5018324302882,valid
2022-11-22,103.43332259011665,valid
2022-11-23,103.46741534431597,valid
2022-11-24,103.27486883125904,valid
2022-11-25,103.23354657531983,valid
2022-11-28,103.35558980923769,valid
2022-11-29,103.38698440143136,valid
2022-11-30,103.26967814751858,valid
2022-12-01,103.31452142837674,valid
2022-12-02,103.45744338650407,valid
2022-12-05,103.04745513078856,valid
2022-12-06,103.27926994377974,valid
2022-12-07,103.21201899604353,valid
2022-12-08,103.29711698269158,valid
2022-12-09,103.53656636742062,valid
2022-12-12,103.26223162797453,valid
2022-12-13,103.12034342748902,valid
2022-12-14,103.06263368831388,valid
2022-12-15,102.90588298408899,valid
2022-12-16,103.25287029925636,valid
2022-12-19,103.081515880491,valid
2022-12-20,102.97040652459363,valid
2022-12-21,103.01128433091422,valid
2022-12-22,102.770854425699,valid
2022-12-23,102.69171828334775,valid
2022-12-26,102.75520893559778,valid
2022-12-27,102.68863685472128,valid
2022-12-28,102.6699594829413,valid
2022-12-29,102.56409306045161,valid
2022-12-30,102.26119899861547,valid
2023-01-02,102.3255176408833,valid
2023-01-03,102.67650425521276,valid
2023-01-04,102.68018458136945,valid
2023-01-05,102.72523740481896,valid
2023-01-06,102.86378195584233,valid
2023-01-09,102.609915856533,valid
2023-01-10,102.95041878815891,valid
2023-01-11,102.99088454744347,valid
2023-01-12,103.31725592726129,valid
2023-01-13,103.1706493281565,valid
2023-01-16,103.53426171266806,valid
2023-01-17,103.68929281147501,valid
2023-01-18,103.79990082864549,valid
2023-01-19,103.84670571951612,valid
2023-01-20,103.79699999590123,valid
2023-01-23,104.037106327596,valid
2023-01-24,104.06517830156561,valid
2023-01-25,103.67176436084819,valid
2023-01-26,103.44832706850679,valid
2023-01-27,103.41115791806823,valid
2023-01-30,103.47315771470134,valid
2023-01-31,103.46184001692136,valid
2023-02-01,103.70563417488009,valid
2023-02-02,103.31541380207237,valid
2023-02-03,103.3441313893734,valid
2023-02-06,102.98053554429598,valid
2023-02-07,103.1324780033928,valid
2023-02-08,103.1135862605044,valid
2023-02-09,103.19750825490922,valid
2023-02-10,103.02473166279127,valid
2023-02-13,103.28062464912283,valid
2023-02-14,103.4889695819346,valid
2023-02-15,103.60567844253697,valid
2023-02-16,103.57977499316428,valid
2023-02-17,103.69574645022331,valid
2023-02-20,103.55436793662584,valid
2023-02-21,103.72547906842999,valid
2023-02-22,104.05537524729476,valid
2023-02-23,104.26949735929061,valid
2023-02-24,104.12357686532913,valid
2023-02-27,104.19586032878374,valid
2023-02-28,103.93723202003201,valid
2023-03-01,104.05171008226715,valid
2023-03-02,104.14183076483965,valid
2023-03-03,103.76786749693322,valid
2023-03-06,103.53551072815075,valid
2023-03-07,103.478882948802,valid
2023-03-08,103.41871099937383,valid
2023-03-09,103.17681561229007,valid
2023-03-10,103.2546113581605,valid
2023-03-13,103.30490607994861,valid
2023-03-14,103.26605225355291,valid
2023-03-15,103.11489395352123,valid
2023-03-16,103.32463537880454,valid
2023-03-17,103.6557168014222,valid
2023-03-20,103.5590045046529,valid
2023-03-21,103.43657112122193,valid
2023-03-22,103.53481265430433,valid
2023-03-23,103.46320677835493,valid
2023-03-24,103.4353273382223,valid
2023-03-27,103.58325796856722,valid
2023-03-28,103.20138675106577,valid
2023-03-29,103.4650472160363,valid
2023-03-30,103.47958332090217,valid
2023-03-31,103.39728469198973,valid
2023-04-03,103.37943786114545,valid
2023-04-04,103.37192373214954,valid
2023-04-05,103.02568347146057,valid
2023-04-06,103.32467111695121,valid
2023-04-07,103.33293624340533,valid
2023-04-10,103.42153666949481,valid
2023-04-11,103.61184662360961,valid
2023-04-12,103.40761413209755,valid
2023-04-13,103.5023085119046,valid
2023-04-14,103.44878029372484,valid
2023-04-17,103.61813444876815,valid
2023-04-18,103.19268896469784,valid
2023-04-19,103.17287010464959,valid
2023-04-20,103.05230597349279,valid
2023-04-21,103.13875856361963,valid
2023-04-24,103.23276740109327,valid
2023-04-25,103.09124222212886,valid
2023-04-26,102.94880744929365,valid
2023-04-27,102.92667437558218,valid
2023-04-28,102.74734593011914,valid
2023-05-01,102.91574266920956,valid
2023-05-02,102.84190122912008,valid
2023-05-03,102.26050358525575,valid
2023-05-04,102.18553917393139,valid
2023-05-05,101.9778304097626,valid
2023-05-08,101.6515752466704,valid
2023-05-09,101.40408991902589,valid
2023-05-10,101.42597161339249,valid
2023-05-11,101.69169977904214,valid
2023-05-12,101.75433667381513,valid
2023-05-15,101.63303599617198,valid
2023-05-16,101.72421683520612,valid
2023-05-17,101.63239877316232,valid
2023-05-18,101.4934786993297,valid
2023-05-19,101.2626061656831,valid
2023-05-22,100.91224040433275,valid
2023-05-23,100.83425566302087,valid
2023-05-24,100.86586636100489,valid
2023-05-25,100.84654162700191,valid
2023-05-26,100.76334824141244,valid
2023-05-29,100.57419902927309,valid
2023-05-30,100.69584826761007,valid
2023-05-31,100.43242188362076,valid
2023-06-01,100.58762746638946,valid
2023-06-02,100.3871840626041,valid
2023-06-05,100.2366970151335,valid
2023-06-06,99.94333997701037,valid
2023-06-07,99.84305954763325,valid
2023-06-08,100.03812203932884,valid
2023-06-09,100.14124765701763,valid
2023-06-12,100.33693207942324,valid
2023-06-13,100.44136058861002,valid
2023-06-14,100.22062662290395,valid
2023-06-15,100.15446877803844,valid
2023-06-16,99.99842895221495,valid
2023-06-19,100.26454393302275,valid
2023-06-20,100.02518620373749,valid
2023-06-21,100.20392574161531,valid
2023-06-22,100.38251651563706,valid
2023-06-23,100.74844055598028,valid
2023-06-26,100.66650323745439,valid
2023-06-27,100.80896766937042,valid
2023-06-28,101.26529803667819,valid
2023-06-29,101.14176970129145,valid
2023-06-30,100.83476165178497,valid
2023-07-03,100.45875964500343,valid
2023-07-04,100.60130205077569,valid
2023-07-05,100.22467200916397,valid
2023-07-06,100.1502081985764,valid
2023-07-07,100.23767083598418,valid
2023-07-10,100.27470594335016,valid
2023-07-11,100.359794916187,valid
2023-07-12,100.40425288734717,valid
2023-07-13,100.66002605000985,valid
2023-07-14,100.46956277386208,valid
2023-07-17,100.33416374617038,valid
2023-07-18,100.17963185711622,valid
2023-07-19,100.34567021948874,valid
2023-07-20,100.52574993716775,valid
2023-07-21,100.61599500103145,valid
2023-07-24,100.85269373440944,valid
2023-07-25,100.61708556093416,valid
2023-07-26,100.95053038324438,valid
2023-07-27,101.25517810758684,valid
2023-07-28,101.40230250703598,valid
2023-07-31,101.7586622887902,valid
2023-08-01,101.42733764725465,valid
2023-08-02,101.32244802000211,valid
2023-08-03,101.17538732786572,valid
2023-08-04,101.31968319261719,valid
2023-08-07,101.10965504469677,valid
2023-08-08,101.26115407456426,valid
2023-08-09,101.53526130336361,valid
2023-08-10,101.67430188338041,valid
2023-08-11,101.7310520881127,valid
2023-08-14,101.53347741993255,valid
2023-08-15,101.36410722670749,valid
2023-08-16,101.61403100776681,valid
2023-08-17,101.76990080854789,valid
2023-08-18,101.76209690467238,valid
2023-08-21,101.6785149955192,valid
2023-08-22,101.27335342089692,valid
2023-08-23,101.05918293716003,valid
2023-08-24,101.44146675458798,valid
2023-08-25,101.18537564038749,valid
2023-08-28,101.2232716046317,valid
2023-08-29,101.42476039927074,valid
2023-08-30,101.17377586567028,valid
2023-08-31,101.2107179606265,valid
2023-09-01,101.39830106812863,valid
2023-09-04,101.40080093251008,valid
2023-09-05,101.97448154364344,valid
2023-09-06,101.6407616918678,valid
2023-09-07,101.85250739784458,valid
2023-09-08,101.81794705036528,valid
2023-09-11,101.97233108133261,valid
2023-09-12,102.06059251167247,valid
2023-09-13,101.91396127225046,valid
2023-09-14,101.95976055074233,valid
2023-09-15,101.58818026046268,valid
2023-09-18,101.70882976057695,valid
2023-09-19,101.76846145377506,valid
2023-09-20,101.89619348750368,valid
2023-09-21,102.10781715252111,valid
2023-09-22,102.18134112056305,valid
2023-09-25,102.2109590045227,valid
2023-09-26,102.03474533719044,valid
2023-09-27,101.89230118446063,valid
2023-09-28,102.1296481084961,valid
2023-09-29,102.4169151896373,valid
2023-10-02,102.36929310237488,valid
2023-10-03,102.37849365182554,valid
2023-10-04,102.1975707768268,valid
2023-10-05,102.43212214588027,valid
2023-10-06,102.56520551061864,valid
2023-10-09,102.95344899791138,valid
2023-10-10,102.77778438247543,valid
2023-10-11,102.70218280267179,valid
2023-10-12,102.74847198717691,valid
2023-10-13,102.87776989472206,valid
2023-10-16,102.83463636721254,valid
2023-10-17,102.66004414912179,valid
2023-10-18,102.8363256549065,valid
2023-10-19,102.98055272741563,valid
2023-10-20,102.79729790730288,valid
2023-10-23,103.06838646752398,valid
2023-10-24,103.3024262093633,valid
2023-10-25,103.32928550881286,valid
2023-10-26,103.34520508128807,valid
2023-10-27,103.45601663551125,valid
2023-10-30,103.28367602146,valid
2023-10-31,103.28968231729282,valid
2023-11-01,102.85920560837097,valid
2023-11-02,103.03449673747156,valid
2023-11-03,102.72219809298319,valid
2023-11-06,103.02288205866898,valid
2023-11-07,102.9568580398757,valid
2023-11-08,102.91452464348947,valid
2023-11-09,102.78897786227256,valid
2023-11-10,102.73137008748814,valid
2023-11-13,103.01507635651775,valid
2023-11-14,102.51751462521074,valid
2023-11-15,102.77290770242838,valid
2023-11-16,102.84051239864871,valid
2023-11-17,102.59910806907727,valid
2023-11-20,102.38404559046742,valid
2023-11-21,102.71932419590907,valid
2023-11-22,102.53022281992052,valid
2023-11-23,102.29955271780133,valid
2023-11-24,102.52701562627428,valid
2023-11-27,102.59472620153146,valid
2023-11-28,102.40714108622419,valid
2023-11-29,102.45046608130511,valid
2023-11-30,102.24531554457705,valid
2023-12-01,102.46547982426156,valid
2023-12-04,102.6777540172362,valid
2023-12-05,102.78415525700059,valid
2023-12-06,102.85648746924998,valid
2023-12-07,103.20872509422347,valid
2023-12-08,103.20866235970111,valid
2023-12-11,102.97228753461695,valid
2023-12-12,103.06218231718341,valid
2023-12-13,103.47939172709083,valid
2023-12-14,103.27643982845366,valid
2023-12-15,103.20414727511486,valid
2023-12-18,103.28743648273516,valid
2023-12-19,103.27665551293401,valid
2023-12-20,103.08019479685855,valid
2023-12-21,103.30456636810464,valid
2023-12-22,103.7685745125081,valid
2023-12-25,103.80780080431288,valid
2023-12-26,103.62698714636568,valid
2023-12-27,103.31719504135498,valid
2023-12-28,103.36879023759921,valid
2023-12-29,103.58956570626246,valid
2024-01-01,103.68459925556154,valid
2024-01-02,103.68411848737777,valid
2024-01-03,103.56626415701992,valid
2024-01-04,103.34783143047629,valid
2024-01-05,103.51478169574126,valid
2024-01-08,103.69753602001839,valid
2024-01-09,103.38839006268024,valid
2024-01-10,103.70635785831638,valid
2024-01-11,103.82117210249517,valid
2024-01-12,104.10109103152433,valid
2024-01-15,103.8326654818273,valid
2024-01-16,103.55950065074423,valid
2024-01-17,103.52970678879076,valid
2024-01-18,103.6302636741698,valid
2024-01-19,103.98953583875519,valid
2024-01-22,104.13075162151821,valid
2024-01-23,104.08221536615582,valid
2024-01-24,103.87694152462264,valid
2024-01-25,104.12294163916647,valid
2024-01-26,103.93000055401632,valid
2024-01-29,104.25569426497078,valid
2024-01-30,104.19881733504948,valid
2024-01-31,104.51693374957306,valid
2024-02-01,104.65272000758492,valid
2024-02-02,104.62532090969643,valid
2024-02-05,104.5214416353312,valid
2024-02-06,104.45326005986198,valid
2024-02-07,104.53892339833703,valid
2024-02-08,104.55435469758056,valid
2024-02-09,104.43559241596682,valid
2024-02-12,104.4024661339033,valid
2024-02-13,104.41818153984713,valid
2024-02-14,103.99243472096417,valid
2024-02-15,104.08406834392191,valid
2024-02-16,103.88812409897855,valid
2024-02-19,103.6574576183374,valid
2024-02-20,103.31998874891525,valid
2024-02-21,102.96121024934168,valid
2024-02-22,102.69012074871922,valid
2024-02-23,102.54831655719312,valid
2024-02-26,102.93896838469844,valid
2024-02-27,102.8337924495194,valid
2024-02-28,102.869342470773,valid
2024-02-29,102.94943874807427,valid
2024-03-01,102.97565178531744,valid
2024-03-04,102.96016309317224,valid
2024-03-05,102.72110434045238,valid
2024-03-06,103.01128985010823,valid
2024-03-07,103.37272917883581,valid
2024-03-08,103.03619744001128,valid
2024-03-11,102.831391721834,valid
2024-03-12,102.7754296533586,valid
2024-03-13,102.58252209437656,valid
2024-03-14,102.68371520506773,valid
2024-03-15,102.5380607645864,valid
2024-03-18,102.97107197814773,valid
2024-03-19,103.20918169701645,valid
2024-03-20,103.2516965031429,valid
2024-03-21,103.45709375580684,valid
2024-03-22,103.6782738406783,valid
2024-03-25,103.56548434306664,valid
2024-03-26,103.40224089415825,valid
2024-03-27,103.41786950675218,valid
2024-03-28,103.59019673165177,valid
2024-03-29,103.61800881138245,valid
2024-04-01,103.30260951494427,valid
2024-04-02,103.14204462615409,valid
2024-04-03,103.12725005343522,valid
2024-04-04,103.11211693257005,valid
2024-04-05,103.50662536792801,valid
2024-04-08,103.22942777944822,valid
2024-04-09,103.33054562781538,valid
2024-04-10,103.62836824948104,valid
2024-04-11,104.0826581985656,valid
2024-04-12,104.00177871392881,valid
2024-04-15,104.10006460447285,valid
2024-04-16,104.21401667591257,valid
2024-04-17,104.25311302222323,valid
2024-04-18,104.23334398197538,valid
2024-04-19,104.32053905987539,valid
2024-04-22,103.81408984283145,valid
2024-04-23,103.95050374084397,valid
2024-04-24,103.97573932157637,valid
2024-04-25,103.93124434222072,valid
2024-04-26,104.34061678136463,valid
2024-04-29,104.20562997760652,valid
2024-04-30,104.12501477979352,valid
2024-05-01,104.52332544023446,valid
2024-05-02,104.35691317926448,valid
2024-05-03,104.24689012267717,valid
2024-05-06,104.21748503799101,valid
2024-05-07,104.38563193441692,valid
2024-05-08,104.42719243588758,valid
2024-05-09,104.16866736645713,valid
2024-05-10,104.0622336538317,valid
2024-05-13,103.94076276718924,valid
2024-05-14,103.92531855814464,valid
2024-05-15,104.01048728987061,valid
2024-05-16,104.0941284410482,valid
2024-05-17,103.73892609023852,valid
2024-05-20,103.95171428775069,valid
2024-05-21,104.00222805695002,valid
2024-05-22,104.27913446646879,valid
2024-05-23,104.36797413192693,valid
2024-05-24,104.58823872347408,valid
2024-05-27,104.68154778576411,valid
2024-05-28,104.95079293700466,valid
2024-05-29,105.05524306420821,valid
2024-05-30,105.03566001491963,valid
2024-05-31,105.49014695900901,valid
2024-06-03,105.66795438346499,valid
2024-06-04,105.78270326766587,valid
2024-06-05,105.52744238435821,valid
2024-06-06,105.2697808608655,valid
2024-06-07,105.32832395729386,valid
2024-06-10,105.35742819684751,valid
2024-06-11,105.23460368384585,valid
2024-06-12,105.26280022376827,valid
2024-06-13,105.58052560937698,valid
2024-06-14,105.71960610428704,valid
2024-06-17,105.4914044023365,valid
2024-06-18,105.4691026369079,valid
2024-06-19,105.30810934073739,valid
2024-06-20,105.23056935745568,valid
2024-06-21,105.14784622432975,valid
2024-06-24,105.05231710780895,valid
2024-06-25,104.80129003341428,valid
2024-06-26,104.77575909711064,valid
2024-06-27,104.66363756974117,valid
2024-06-28,104.07774783174072,valid
2024-07-01,104.48834223664105,valid
2024-07-02,104.70609616748439,valid
2024-07-03,104.63083602249938,valid
2024-07-04,104.6345998324475,valid
2024-07-05,104.400268962984,valid
2024-07-08,104.73941353854617,valid
2024-07-09,105.11887127750079,valid
2024-07-10,105.1502100231501,valid
2024-07-11,105.35491615198717,valid
2024-07-12,105.38997350777395,valid
2024-07-15,105.12262841999876,valid
2024-07-16,105.04026374620604,valid
2024-07-17,105.06664933956043,valid
2024-07-18,104.97573979581173,valid
2024-07-19,104.93200914032472,valid
2024-07-22,104.9137292288229,valid
2024-07-23,104.8975535292498,valid
2024-07-24,104.9080052273493,valid
2024-07-25,104.69588421406999,valid
2024-07-26,104.5524809842444,valid
2024-07-29,104.29556413110441,valid
2024-07-30,104.49112724104165,valid
2024-07-31,104.06999785267358,valid
2024-08-01,104.30071592133697,valid
2024-08-02,104.57798580078953,valid
2024-08-05,104.51754968339301,valid
2024-08-06,103.99692226582755,valid
2024-08-07,103.92466015343409,valid
2024-08-08,103.91182332117633,valid
2024-08-09,103.70970367719055,valid
2024-08-12,103.6066599984289,valid
2024-08-13,103.91269903820157,valid
2024-08-14,104.04568447066191,valid
2024-08-15,103.8607716477863,valid
2024-08-16,103.5412518138672,valid
2024-08-19,103.47584835034526,valid
2024-08-20,103.43315699447517,valid
2024-08-21,103.53239683194784,valid
2024-08-22,103.4253334894343,valid
2024-08-23,103.52763340450667,valid
2024-08-26,103.91466421251872,valid
2024-08-27,104.07776441700757,valid
2024-08-28,104.06814671554142,valid
2024-08-29,104.03151662133075,valid
2024-08-30,103.96018199449479,valid
2024-09-02,104.19631017698521,valid
2024-09-03,104.07084748779495,valid
2024-09-04,104.07989202959494,valid
2024-09-05,104.09013160997117,valid
2024-09-06,103.98977477140886,valid
2024-09-09,103.71528166183204,valid
2024-09-10,103.77987656255557,valid
2024-09-11,103.76767576818449,valid
2024-09-12,103.86772386207181,valid
2024-09-13,103.76100380078398,valid
2024-09-16,104.00516806054658,valid
2024-09-17,103.82981330430421,valid
2024-09-18,104.1722213611078,valid
2024-09-19,103.82269405914214,valid
2024-09-20,103.90964807205351,valid
2024-09-23,104.00473420855884,valid
2024-09-24,103.84562279497067,valid
2024-09-25,103.93050158254287,valid
2024-09-26,104.1864053164949,valid
2024-09-27,103.74304154862409,valid
2024-09-30,103.84359051012225,valid
2024-10-01,103.34493634605624,valid
2024-10-02,103.1518033853516,valid
2024-10-03,103.47763665833179,valid
2024-10-04,103.36128025165337,valid
2024-10-07,103.12650425877158,valid
2024-10-08,103.08691671297464,valid
2024-10-09,103.50049798060735,valid
2024-10-10,103.13416153116614,valid
2024-10-11,102.92389954883828,valid
2024-10-14,103.2233858854742,valid
2024-10-15,103.59492635418175,valid
2024-10-16,103.5742401093237,valid
2024-10-17,103.32642956881837,valid
2024-10-18,103.74559826918019,valid
2024-10-21,104.06448674753004,valid
2024-10-22,104.20027614508248,valid
2024-10-23,104.037795675295,valid
2024-10-24,104.0279898071274,valid
2024-10-25,103.99591779091843,valid
2024-10-28,104.06208805184154,valid
2024-10-29,104.3522883394678,valid
2024-10-30,104.5281717476953,valid
2024-10-31,104.31269653229833,valid
2024-11-01,104.58799582230225,valid
2024-11-04,104.65062225030488,valid
2024-11-05,104.78803540947666,valid
2024-11-06,105.08134358133238,valid
2024-11-07,104.85902753142967,valid
2024-11-08,104.85186241568837,valid
2024-11-11,104.74557150541654,valid
2024-11-12,104.43199962034345,valid
2024-11-13,104.50134161586443,valid
2024-11-14,105.00365292618132,valid
2024-11-15,104.63563737728016,valid
2024-11-18,104.62918125507026,valid
2024-11-19,104.75728984208523,valid
2024-11-20,104.78190548241646,valid
2024-11-21,104.75927987191331,valid
2024-11-22,104.49943659922414,valid
2024-11-25,104.54599394781218,valid
2024-11-26,104.394641152409,valid
2024-11-27,103.95665681141328,valid
2024-11-28,104.19557525551603,valid
2024-11-29,104.38725241948444,valid
2024-12-02,104.39758461485465,valid
2024-12-03,104.44339955249579,valid
2024-12-04,104.65826315503891,valid
2024-12-05,104.70313108639452,valid
2024-12-06,104.88393459734678,valid
2024-12-09,104.82443815717201,valid
2024-12-10,105.0868349048868,valid
2024-12-11,105.15099205007334,valid
2024-12-12,105.18980243879452,valid
2024-12-13,104.93579022105212,valid
2024-12-16,104.99318139191246,valid
2024-12-17,104.82679040841356,valid
2024-12-18,104.69913386310786,valid
2024-12-19,104.53605873744463,valid
2024-12-20,104.32281175106479,valid
2024-12-23,104.74776603166819,valid
2024-12-24,105.01403384406586,valid
2024-12-25,105.39810734449472,valid
2024-12-26,105.1535283405836,valid
2024-12-27,105.16777909056579,valid
2024-12-30,104.90907756552497,valid
2024-12-31,104.76993859008556,valid
2025-01-01,104.58631319340223,valid
2025-01-02,104.83422999469055,valid
2025-01-03,104.7549840590702,valid
2025-01-06,104.968659925809,valid
2025-01-07,105.0894841037267,valid
2025-01-08,105.55021185414766,valid
2025-01-09,105.25432300951972,valid
2025-01-10,105.50616965747707,valid
2025-01-13,105.73545783155723,valid
2025-01-14,105.54078206395181,valid
2025-01-15,105.74220873124645,valid
2025-01-16,105.80943772385169,valid
2025-01-17,105.76394247186101,valid
2025-01-20,105.59915537446662,valid
2025-01-21,105.45533348417678,valid
2025-01-22,105.86529590333396,valid
2025-01-23,105.86543246712546,valid
2025-01-24,106.02185846743174,valid
2025-01-27,105.86367859109824,valid
2025-01-28,105.70770800185392,valid
2025-01-29,105.9241049637039,valid
2025-01-30,105.65418972139359,valid
2025-01-31,105.57114696781254,valid
2025-02-03,105.57795245002698,valid
2025-02-04,105.600226970395,valid
2025-02-05,105.56440831339177,valid
2025-02-06,105.64357226961094,valid
2025-02-07,105.7821434207745,valid
2025-02-10,105.92907092986637,valid
2025-02-11,105.73191016813281,valid
2025-02-12,105.67507914854706,valid
2025-02-13,105.91403172092244,valid
2025-02-14,106.09296115843722,valid
2025-02-17,105.818389268141,valid
2025-02-18,105.88868524821144,valid
2025-02-19,105.49304019833647,valid
2025-02-20,105.50242717874855,valid
2025-02-21,105.88198058209775,valid
2025-02-24,105.69240203864395,valid
2025-02-25,105.52553742954564,valid
2025-02-26,105.6783433858602,valid
2025-02-27,105.36978308281827,valid
2025-02-28,105.24323207684127,valid
2025-03-03,105.36252030435762,valid
2025-03-04,105.23566313481973,valid
2025-03-05,105.18846913737754,valid
2025-03-06,105.33730627944055,valid
2025-03-07,105.42161549614787,valid
2025-03-10,105.47497917540694,valid
2025-03-11,105.40715471955293,valid
2025-03-12,105.48116694260673,valid
2025-03-13,105.45642040658677,valid
2025-03-14,105.54798152857194,valid
2025-03-17,105.44859512354834,valid
2025-03-18,105.41208132867243,valid
2025-03-19,105.21408977016203,valid
2025-03-20,105.20708824816077,valid
2025-03-21,105.04488807543501,valid
2025-03-24,104.82207878540261,valid
2025-03-25,104.87381101497368,valid
2025-03-26,104.91635897014523,valid
2025-03-27,105.07293371713493,valid
2025-03-28,104.98670860321991,valid
2025-03-31,105.06831917258727,valid
2025-04-01,105.178478687042,valid
2025-04-02,105.26743344860832,valid
2025-04-03,105.10230271204789,valid
2025-04-04,105.13217540850212,valid
2025-04-07,105.20500346771306,valid
2025-04-08,105.20643916109465,valid
2025-04-09,104.78914362942044,valid
2025-04-10,104.82124155421512,valid
2025-04-11,105.26374776209458,valid
2025-04-14,105.19173990834318,valid
2025-04-15,105.04612448877211,valid
2025-04-16,105.1207942007144,valid
2025-04-17,105.1832698428077,valid
2025-04-18,105.421816875891,valid
2025-04-21,105.17024324470921,valid
2025-04-22,105.31651929522421,valid
2025-04-23,105.43460370747451,valid
2025-04-24,105.4061744000864,valid
2025-04-25,105.47391186367074,valid
2025-04-28,105.6798033599904,valid
2025-04-29,105.8542664359961,valid
2025-04-30,105.62566257358135,valid
2025-05-01,105.78969421093245,valid
2025-05-02,105.77675648992594,valid
2025-05-05,105.79133130952904,valid
2025-05-06,105.80597070772939,valid
2025-05-07,105.77592210996973,valid
2025-05-08,106.01426360939115,valid
2025-05-09,105.99752001742131,valid
2025-05-12,105.77361079174467,valid
2025-05-13,105.69490482055072,valid
2025-05-14,105.73064376391282,valid
2025-05-15,105.97648672077223,valid
2025-05-16,106.097105657762,valid
2025-05-19,105.92699860201259,valid
2025-05-20,106.42403658534836,valid
2025-05-21,106.47699164754395,valid
2025-05-22,106.73206979514376,valid
2025-05-23,106.70172690842831,valid
2025-05-26,106.8083987573694,valid
2025-05-27,106.9762924582731,valid
2025-05-28,107.21993140062393,valid
2025-05-29,107.43140506169958,valid
2025-05-30,107.60584446171418,valid
2025-06-02,107.54282711547536,valid
2025-06-03,107.42847790708414,valid
2025-06-04,107.49499940914899,valid
2025-06-05,107.6816250236172,valid
2025-06-06,107.63708088346188,valid
2025-06-09,107.85011527660475,valid
2025-06-10,108.140638625702,valid
2025-06-11,107.95737444188731,valid
2025-06-12,107.78999030112806,valid
2025-06-13,107.76191528934699,valid
2025-06-16,107.82343782298483,valid
2025-06-17,107.71852442023142,valid
2025-06-18,107.98896495600484,valid
2025-06-19,108.07377832830853,valid
2025-06-20,108.08166773795668,valid
2025-06-23,107.79448583318297,valid
2025-06-24,107.53132266989748,valid
2025-06-25,107.58752451995383,valid
2025-06-26,107.16100539472286,valid
2025-06-27,107.36353287665167,valid
2025-06-30,107.33190210777721,valid
2025-07-01,107.98052070169616,valid
2025-07-02,108.44210395181939,valid
2025-07-03,108.40581413796988,valid
2025-07-04,108.38454673746362,valid
2025-07-07,108.58366304026403,valid
2025-07-08,108.92429756224763,valid
2025-07-09,108.59669175076043,valid
2025-07-10,108.23941665768949,valid
2025-07-11,108.11500969657861,valid
2025-07-14,108.23155721321339,valid
2025-07-15,108.33093193131491,valid
2025-07-16,108.54488622231167,valid
2025-07-17,108.30494671663861,valid
2025-07-18,107.84171794404485,valid
2025-07-21,108.01332078310527,valid
2025-07-22,107.84768152851223,valid
2025-07-23,107.4439839556345,valid
2025-07-24,107.47299670482637,valid
2025-07-25,107.63163184247011,valid
2025-07-28,107.60722041604585,valid
2025-07-29,107.51565073880936,valid
2025-07-30,107.48377829238018,valid
2025-07-31,107.40966173990002,valid
2025-08-01,107.14005231751199,valid
2025-08-04,106.9971161821139,valid
2025-08-05,107.10137216311666,valid
2025-08-06,107.16570787139196,valid
2025-08-07,107.19931983258533,valid
2025-08-08,107.00029013621464,valid
2025-08-11,106.96398950378752,valid
2025-08-12,106.52857649449895,valid
2025-08-13,106.56427182727602,valid
2025-08-14,106.85004336883874,valid
2025-08-15,106.55521694243032,valid
2025-08-18,106.43803140776676,valid
2025-08-19,106.50385276350879,valid
2025-08-20,106.75442129039429,valid
2025-08-21,106.66477636713425,valid
2025-08-22,106.52632630128107,valid
2025-08-25,106.13254167279786,valid
2025-08-26,106.15322929865948,valid
2025-08-27,106.56164450668822,valid
2025-08-28,106.61711619908117,valid
2025-08-29,106.61266040324442,valid
2025-09-01,106.67707686539782,valid
2025-09-02,106.67485846460809,valid
2025-09-03,106.51225559015607,valid
2025-09-04,106.67691157329162,valid
2025-09-05,106.72206387791397,valid
2025-09-08,106.7255865283007,valid
2025-09-09,106.53051332284505,valid
2025-09-10,106.791214909232,valid
2025-09-11,106.92415545829861,valid
2025-09-12,106.81357129082517,valid
2025-09-15,107.01393626156155,valid
2025-09-16,106.91442209388451,valid
2025-09-17,106.7580213953823,valid
2025-09-18,106.60608077188624,valid
2025-09-19,106.25186706126863,valid
2025-09-22,106.34617553735227,valid
2025-09-23,105.9799465616846,valid
2025-09-24,105.73425779543145,valid
2025-09-25,105.31914019361574,valid
2025-09-26,105.30192625505755,valid
2025-09-29,105.27186216300318,valid
2025-09-30,105.20652292036591,valid
2025-10-01,104.99800738143179,valid
2025-10-02,104.76356063074446,valid
2025-10-03,104.85643460345378,valid
2025-10-06,104.74632421711209,valid
2025-10-07,104.80959588141931,valid
2025-10-08,104.63254614419446,valid
2025-10-09,104.66875869274868,valid
2025-10-10,104.9294143002119,valid
2025-10-13,105.04664746029046,valid
2025-10-14,104.96416469664716,valid
2025-10-15,105.01560449071835,valid
2025-10-16,104.9674714558123,valid
2025-10-17,104.96904749275124,valid
2025-10-20,104.90392528232155,valid
2025-10-21,104.87105824114447,valid
2025-10-22,104.9134769117593,valid
2025-10-23,104.71480517184291,valid
2025-10-24,104.51162940644491,valid
2025-10-27,104.23392089567868,valid
2025-10-28,103.91386667477794,valid
2025-10-29,103.67041013633384,valid
2025-10-30,103.70230263769466,valid
2025-10-31,103.52374513459628,valid
2025-11-03,103.6264680274425,valid
2025-11-04,103.63341077719302,valid
2025-11-05,103.23970993450541,valid
2025-11-06,103.37070505134974,valid
2025-11-07,103.53286478046809,valid
2025-11-10,103.33409224550111,valid
2025-11-11,103.41813055408011,valid
2025-11-12,103.24683090659828,valid
2025-11-13,103.26636498194794,valid
2025-11-14,103.01346530055694,valid
2025-11-17,102.65484401005003,valid
2025-11-18,102.57828057212744,valid
2025-11-19,102.55353478287248,valid
2025-11-20,102.47399884414955,valid
2025-11-21,102.23719273250504,valid
2025-11-24,102.1572129200788,valid
2025-11-25,102.21107187059496,valid
2025-11-26,102.20209326457045,valid
2025-11-27,102.23859347069029,valid
2025-11-28,102.10457043059945,valid
2025-12-01,102.33891401354268,valid
2025-12-02,102.10367934623173,valid
2025-12-03,102.20119140564907,valid
2025-12-04,102.43756962424106,valid
2025-12-05,102.53375124279084,valid
2025-12-08,102.49324639737787,valid
2025-12-09,102.38758698804527,valid
2025-12-10,102.59480451825452,valid
2025-12-11,102.3102095332022,valid
2025-12-12,102.11618468112627,valid
2025-12-15,102.03667312802791,valid
2025-12-16,102.28420387953032,valid
2025-12-17,102.3601574067385,valid
2025-12-18,102.16654825503645,valid
2025-12-19,102.10448671395947,valid
2025-12-22,101.98162208514022,valid
2025-12-23,101.8396642866935,valid
2025-12-24,102.03544219840487,valid
2025-12-25,101.76109357255216,valid
2025-12-26,102.08284974369903,valid
2025-12-29,102.24849568173596,valid
2025-12-30,102.4666680158567,valid
2025-12-31,102.37408011345164,valid
2026-01-01,102.34409196963583,valid
2026-01-02,102.05746160673088,valid
2026-01-05,101.95252912531753,valid
2026-01-06,102.05126009484616,valid
2026-01-07,102.31047270720244,valid
2026-01-08,102.08904134384194,valid
2026-01-09,102.01594015644488,valid
2026-01-12,101.98568031239839,valid
2026-01-13,101.70652247195989,valid
2026-01-14,101.82479232031156,valid
2026-01-15,101.67999425396305,valid
2026-01-16,101.64091618372764,valid
2026-01-19,101.55052630934526,valid
2026-01-20,101.39265860820133,valid
2026-01-21,101.39124961110522,valid
2026-01-22,101.34812769539161,valid
2026-01-23,101.27375611893588,valid
2026-01-26,101.12806379459981,valid
2026-01-27,101.19196872875641,valid
2026-01-28,101.52269218245486,valid
2026-01-29,101.55066962902268,valid
2026-01-30,101.74989327200491,valid
2026-02-02,101.47184888697421,valid
2026-02-03,101.50340117483297,valid
2026-02-04,101.28392751103875,valid
2026-02-05,100.98854252553238,valid
2026-02-06,100.84066824404057,valid
2026-02-09,101.07904811092328,valid
2026-02-10,101.26905127665721,valid
2026-02-11,101.31765222106809,valid
2026-02-12,101.0111121090901,valid
2026-02-13,100.97185597881251,valid
2026-02-16,101.03219598059286,valid
2026-02-17,101.06730322650859,valid
2026-02-18,100.69854450981244,valid
2026-02-19,100.52048094020846,valid
2026-02-20,100.50766538737872,valid
2026-02-23,100.61492356928215,valid
2026-02-24,100.17569800506217,valid
2026-02-25,100.1432732099662,valid
2026-02-26,100.17188296394198,valid
2026-02-27,100.34180536164523,valid
2026-03-02,100.48037687849272,valid
2026-03-03,100.59689114225448,valid
2026-03-04,100.43690304091409,valid
2026-03-05,100.05530261348943,valid
2026-03-06,99.97669206207715,valid
2026-03-09,100.17701842711887,valid
2026-03-10,100.45570933262374,valid
2026-03-11,100.59781915308331,valid
2026-03-12,100.68368731764365,valid
2026-03-13,100.75961524732085,valid
2026-03-16,100.64839149796869,valid
2026-03-17,100.62237943925797,valid
2026-03-18,100.95619334442323,valid
2026-03-19,100.76768174326486,valid
2026-03-20,101.09063750140683,valid
2026-03-23,101.02623187050841,valid
2026-03-24,101.29131829232743,valid
2026-03-25,101.00995529042792,valid
2026-03-26,101.12713613066086,valid
2026-03-27,100.97978210347132,valid
2026-03-30,100.6967286650865,valid
2026-03-31,100.74043547356868,valid
