Date,Adj close,Close,High,Low,Open,Volume,validation_status,validation_notes,USDINR_rate,Close_INR_10g,conversion_timestamp
2024-03-08,2185.5,2185.5,2203.0,2161.199951171875,2166.60009765625,389682,valid,,82.7522964477539,58146.28,2026-10-03T13:44:11.057201+00:00
2024-03-11,2188.60009765625,2188.60009765625,2195.5,2180.89990234375,2187.60009765625,242418,valid,,82.7520980834961,58228.62,2026-10-03T13:44:11.057201+00:00
2024-03-12,2166.10009765625,2166.10009765625,2190.800048828125,2156.199951171875,2189.10009765625,316254,valid,,82.7782974243164,57648.24,2026-10-03T13:44:11.057201+00:00
2024-03-13,2180.800048828125,2180.800048828125,2185.60009765625,2161.300048828125,2163.60009765625,232273,valid,,82.83509826660156,58079.29,2026-10-03T13:44:11.057201+00:00
2024-03-14,2167.5,2167.5,2181.300048828125,2157.0,2179.5,207225,valid,,82.83110046386719,57722.3,2026-10-03T13:44:11.057201+00:00
2024-03-15,2161.5,2161.5,2176.89990234375,2158.699951171875,2166.199951171875,187847,valid,,82.9655990600586,57655.98,2026-10-03T13:44:11.057201+00:00
2024-03-18,2164.300048828125,2164.300048828125,2167.199951171875,2149.199951171875,2159.89990234375,211858,valid,,82.88890075683594,57677.3,2026-10-03T13:44:11.057201+00:00
2024-03-19,2159.699951171875,2159.699951171875,2166.300048828125,2150.199951171875,2164.0,178162,valid,,82.86360168457031,57537.14,2026-10-03T13:44:11.057201+00:00
2024-03-20,2161.0,2161.0,2192.199951171875,2152.300048828125,2161.39990234375,233572,valid,,83.04239654541016,57696.0,2026-10-03T13:44:11.057201+00:00
2024-03-21,2184.699951171875,2184.699951171875,2225.300048828125,2168.199951171875,2190.199951171875,391750,valid,,83.05460357666016,58337.33,2026-10-03T13:44:11.057201+00:00
2024-03-22,2160.0,2160.0,2188.0,2158.39990234375,2183.39990234375,205808,valid,,83.22660064697266,57797.22,2026-10-03T13:44:11.057201+00:00
2024-03-25,2176.39990234375,2176.39990234375,2182.5,2164.39990234375,2166.60009765625,211610,valid,,83.59359741210938,58492.85,2026-10-03T13:44:11.057201+00:00
2024-03-26,2177.199951171875,2177.199951171875,2200.60009765625,2168.300048828125,2173.0,202373,valid,,83.41739654541016,58391.01,2026-10-03T13:44:11.057201+00:00
2024-03-27,2190.60009765625,2190.60009765625,2196.199951171875,2172.10009765625,2179.39990234375,31200,valid,,83.34549713134766,58699.76,2026-10-03T13:44:11.057201+00:00
2024-03-28,2217.39990234375,2217.39990234375,2234.10009765625,2187.10009765625,2193.60009765625,250248,valid,,83.36499786376953,59431.79,2026-10-03T13:44:11.057201+00:00
2024-04-01,2257.10009765625,2257.10009765625,2286.39990234375,2249.10009765625,2259.199951171875,220767,valid,,83.36479949951172,60495.71,2026-10-03T13:44:11.057201+00:00
2024-04-02,2281.800048828125,2281.800048828125,2301.89990234375,2267.10009765625,2272.699951171875,277228,valid,,83.40969848632812,61190.67,2026-10-03T13:44:11.057201+00:00
2024-04-03,2315.0,2315.0,2321.800048828125,2285.699951171875,2301.699951171875,254574,valid,,83.35030364990234,62036.78,2026-10-03T13:44:11.057201+00:00
2024-04-04,2308.5,2308.5,2325.300048828125,2298.699951171875,2321.0,236227,valid,,83.37329864501953,61879.66,2026-10-03T13:44:11.057201+00:00
2024-04-05,2345.39990234375,2345.39990234375,2350.0,2286.199951171875,2309.5,293212,valid,,83.47779846191406,62947.57,2026-10-03T13:44:11.057201+00:00
2024-04-08,2351.0,2351.0,2372.5,2321.699951171875,2343.60009765625,285570,valid,,83.29679870605469,62961.06,2026-10-03T13:44:11.057201+00:00
2024-04-09,2362.39990234375,2362.39990234375,2384.5,2355.699951171875,2358.10009765625,279608,valid,,83.26959991455078,63245.69,2026-10-03T13:44:11.057201+00:00
2024-04-10,2348.39990234375,2348.39990234375,2378.10009765625,2337.10009765625,2372.39990234375,353847,valid,,83.22429656982422,62836.68,2026-10-03T13:44:11.057201+00:00
2024-04-11,2372.699951171875,2372.699951171875,2395.60009765625,2343.10009765625,2351.699951171875,260415,valid,,83.4126968383789,63630.6,2026-10-03T13:44:11.057201+00:00
2024-04-12,2374.10009765625,2374.10009765625,2448.800048828125,2350.60009765625,2389.39990234375,479894,valid,,83.34929656982422,63619.76,2026-10-03T13:44:11.057201+00:00
2024-04-15,2383.0,2383.0,2404.300048828125,2340.199951171875,2369.39990234375,343730,valid,,83.61109924316406,64058.84,2026-10-03T13:44:11.057201+00:00
2024-04-16,2407.800048828125,2407.800048828125,2414.800048828125,2379.199951171875,2399.10009765625,297592,valid,,83.50599670410156,64644.14,2026-10-03T13:44:11.057201+00:00
2024-04-17,2388.39990234375,2388.39990234375,2412.0,2370.699951171875,2398.0,284352,valid,,83.6675033569336,64247.31,2026-10-03T13:44:11.057201+00:00
2024-04-18,2398.0,2398.0,2408.0,2377.199951171875,2377.89990234375,200546,valid,,83.5958023071289,64450.27,2026-10-03T13:44:11.057201+00:00
2024-04-19,2413.800048828125,2413.800048828125,2433.300048828125,2386.800048828125,2394.0,275405,valid,,83.54499816894531,64835.49,2026-10-03T13:44:11.057201+00:00
2024-04-22,2346.39990234375,2346.39990234375,2404.300048828125,2338.199951171875,2403.699951171875,262673,valid,,83.38529968261719,62904.63,2026-10-03T13:44:11.057201+00:00
2024-04-23,2342.10009765625,2342.10009765625,2347.89990234375,2304.60009765625,2342.300048828125,270225,valid,,83.38619995117188,62790.03,2026-10-03T13:44:11.057201+00:00
2024-04-24,2338.39990234375,2338.39990234375,2350.89990234375,2324.800048828125,2335.699951171875,187699,valid,,83.2833023071289,62613.47,2026-10-03T13:44:11.057201+00:00
2024-04-25,2342.5,2342.5,2357.60009765625,2316.39990234375,2327.39990234375,224471,valid,,83.3405990600586,62766.41,2026-10-03T13:44:11.057201+00:00
2024-04-26,2347.199951171875,2347.199951171875,2364.39990234375,2338.0,2344.199951171875,171011,valid,,83.30180358886719,62863.07,2026-10-03T13:44:11.057201+00:00
2024-04-29,2357.699951171875,2357.699951171875,2358.89990234375,2331.0,2347.60009765625,187309,valid,,83.40229797363281,63220.45,2026-10-03T13:44:11.057201+00:00
2024-04-30,2302.89990234375,2302.89990234375,2347.60009765625,2296.199951171875,2347.0,229064,valid,,83.45110321044922,61787.16,2026-10-03T13:44:11.057201+00:00
2024-05-01,2311.0,2311.0,2339.5,2291.699951171875,2298.199951171875,227384,valid,,83.49839782714844,62039.62,2026-10-03T13:44:11.057201+00:00
2024-05-02,2309.60009765625,2309.60009765625,2336.10009765625,2294.300048828125,2329.89990234375,193658,valid,,83.40640258789062,61933.73,2026-10-03T13:44:11.057201+00:00
2024-05-03,2308.60009765625,2308.60009765625,2330.699951171875,2285.199951171875,2313.5,231400,valid,,83.40630340576172,61906.84,2026-10-03T13:44:11.057201+00:00
2024-05-06,2331.199951171875,2331.199951171875,2341.89990234375,2300.60009765625,2312.800048828125,191895,valid,,83.37999725341797,62493.16,2026-10-03T13:44:11.057201+00:00
2024-05-07,2324.199951171875,2324.199951171875,2338.699951171875,2318.199951171875,2334.800048828125,204623,valid,,83.4728012084961,62374.85,2026-10-03T13:44:11.057201+00:00
2024-05-08,2322.300048828125,2322.300048828125,2329.60009765625,2311.39990234375,2322.0,214693,valid,,83.46990203857422,62321.7,2026-10-03T13:44:11.057201+00:00
2024-05-09,2340.300048828125,2340.300048828125,2354.199951171875,2312.89990234375,2316.5,249092,valid,,83.46430206298828,62800.54,2026-10-03T13:44:11.057201+00:00
2024-05-10,2375.0,2375.0,2385.300048828125,2352.0,2353.5,275241,valid,,83.45939636230469,63727.95,2026-10-03T13:44:11.057201+00:00
2024-05-13,2343.0,2343.0,2370.800048828125,2337.60009765625,2369.10009765625,243075,valid,,83.5248031616211,62918.57,2026-10-03T13:44:11.057201+00:00
2024-05-14,2359.89990234375,2359.89990234375,2365.199951171875,2340.5,2342.300048828125,192076,valid,,83.50550079345703,63357.75,2026-10-03T13:44:11.057201+00:00
2024-05-15,2394.89990234375,2394.89990234375,2396.10009765625,2357.10009765625,2362.89990234375,249843,valid,,83.52420043945312,64311.81,2026-10-03T13:44:11.057201+00:00
2024-05-16,2385.5,2385.5,2402.699951171875,2375.199951171875,2391.5,191026,valid,,83.40509796142578,63968.05,2026-10-03T13:44:11.057201+00:00
2024-05-17,2417.39990234375,2417.39990234375,2427.39990234375,2377.800048828125,2381.39990234375,218553,valid,,83.47010040283203,64873.97,2026-10-03T13:44:11.057201+00:00
2024-05-20,2438.5,2438.5,2454.199951171875,2411.10009765625,2422.199951171875,281430,valid,,83.30039978027344,65307.18,2026-10-03T13:44:11.057201+00:00
2024-05-21,2425.89990234375,2425.89990234375,2438.199951171875,2408.5,2431.5,229421,valid,,83.31500244140625,64981.11,2026-10-03T13:44:11.057201+00:00
2024-05-22,2392.89990234375,2392.89990234375,2430.5,2378.0,2425.39990234375,253852,valid,,83.31680297851562,64098.55,2026-10-03T13:44:11.057201+00:00
2024-05-23,2337.199951171875,2337.199951171875,2385.699951171875,2328.10009765625,2383.0,273658,valid,,83.26709747314453,62569.16,2026-10-03T13:44:11.057201+00:00
2024-05-24,2334.5,2334.5,2349.0,2326.300048828125,2330.39990234375,178343,valid,,83.2863998413086,62511.37,2026-10-03T13:44:11.057201+00:00
2024-05-28,2356.5,2356.5,2365.5,2333.800048828125,2338.0,316223,valid,,83.14569854736328,62993.87,2026-10-03T13:44:11.057201+00:00
2024-05-29,2341.199951171875,2341.199951171875,2363.699951171875,2334.199951171875,2362.5,119317,valid,,83.20649719238281,62630.63,2026-10-03T13:44:11.057201+00:00
2024-05-30,2342.89990234375,2342.89990234375,2349.5,2320.800048828125,2336.89990234375,32587,valid,,83.3656005859375,62795.96,2026-10-03T13:44:11.057201+00:00
2024-05-31,2322.89990234375,2322.89990234375,2354.0,2319.0,2344.10009765625,183406,valid,,83.3208999633789,62226.52,2026-10-03T13:44:11.057201+00:00
2024-06-03,2369.300048828125,2369.300048828125,2375.5,2334.800048828125,2348.0,173149,valid,,83.45079803466797,63568.45,2026-10-03T13:44:11.057201+00:00
2024-06-04,2347.39990234375,2347.39990234375,2373.10009765625,2335.10009765625,2371.300048828125,171547,valid,,83.09339904785156,62711.14,2026-10-03T13:44:11.057201+00:00
2024-06-05,2375.5,2375.5,2377.60009765625,2345.300048828125,2347.10009765625,171862,valid,,83.62940216064453,63871.2,2026-10-03T13:44:11.057201+00:00
2024-06-06,2390.89990234375,2390.89990234375,2397.800048828125,2372.199951171875,2375.300048828125,172202,valid,,83.38079833984375,64094.17,2026-10-03T13:44:11.057201+00:00
2024-06-07,2325.0,2325.0,2406.699951171875,2304.199951171875,2395.699951171875,314551,valid,,83.47309875488281,62396.55,2026-10-03T13:44:11.057201+00:00
2024-06-10,2327.0,2327.0,2331.300048828125,2304.5,2311.0,142888,valid,,83.52760314941406,62491.0,2026-10-03T13:44:11.057201+00:00
2024-06-11,2326.60009765625,2326.60009765625,2337.300048828125,2314.5,2329.5,145501,valid,,83.52980041503906,62481.9,2026-10-03T13:44:11.057201+00:00
2024-06-12,2354.800048828125,2354.800048828125,2358.800048828125,2327.199951171875,2334.0,241670,valid,,83.5968017578125,63289.95,2026-10-03T13:44:11.057201+00:00
2024-06-13,2318.0,2318.0,2342.39990234375,2310.89990234375,2340.89990234375,182657,valid,,83.5343017578125,62254.3,2026-10-03T13:44:11.057201+00:00
2024-06-14,2349.10009765625,2349.10009765625,2352.300048828125,2316.699951171875,2319.60009765625,163367,valid,,83.52210235595703,63080.34,2026-10-03T13:44:11.057201+00:00
2024-06-17,2329.0,2329.0,2348.699951171875,2324.300048828125,2348.5,122702,valid,,83.55180358886719,62562.83,2026-10-03T13:44:11.057201+00:00
2024-06-18,2346.89990234375,2346.89990234375,2348.199951171875,2320.199951171875,2333.699951171875,154251,valid,,83.51010131835938,63012.2,2026-10-03T13:44:11.057201+00:00
2024-06-20,2369.0,2369.0,2379.5,2338.5,2344.199951171875,252687,valid,,83.41950225830078,63536.56,2026-10-03T13:44:11.057201+00:00
2024-06-21,2331.199951171875,2331.199951171875,2382.60009765625,2329.199951171875,2373.800048828125,194824,valid,,83.60160064697266,62659.25,2026-10-03T13:44:11.057201+00:00
2024-06-24,2344.39990234375,2344.39990234375,2347.5,2329.5,2333.5,117625,valid,,83.5625,62984.57,2026-10-03T13:44:11.057201+00:00
2024-06-25,2330.800048828125,2330.800048828125,2349.699951171875,2327.10009765625,2346.800048828125,144271,valid,,83.46040344238281,62542.69,2026-10-03T13:44:11.057201+00:00
2024-06-26,2313.199951171875,2313.199951171875,2335.800048828125,2304.699951171875,2331.800048828125,191628,valid,,83.41459655761719,62036.36,2026-10-03T13:44:11.057201+00:00
2024-06-27,2336.60009765625,2336.60009765625,2342.0,2306.800048828125,2309.39990234375,140228,valid,,83.58039855957031,62788.47,2026-10-03T13:44:11.057201+00:00
2024-06-28,2339.60009765625,2339.60009765625,2350.60009765625,2329.699951171875,2338.60009765625,135383,valid,,83.45089721679688,62771.67,2026-10-03T13:44:11.057201+00:00
2024-07-01,2338.89990234375,2338.89990234375,2348.800048828125,2328.199951171875,2336.199951171875,142601,valid,,83.36750030517578,62690.17,2026-10-03T13:44:11.057201+00:00
2024-07-02,2333.39990234375,2333.39990234375,2346.10009765625,2327.39990234375,2341.60009765625,153709,valid,,83.44129943847656,62598.12,2026-10-03T13:44:11.057201+00:00
2024-07-03,2369.39990234375,2369.39990234375,2374.5,2335.699951171875,2338.60009765625,193642,valid,,83.4791030883789,63592.69,2026-10-03T13:44:11.057201+00:00
2024-07-05,2397.699951171875,2397.699951171875,2401.5,2356.0,2365.800048828125,293254,valid,,83.49340057373047,64363.26,2026-10-03T13:44:11.057201+00:00
2024-07-08,2363.5,2363.5,2399.300048828125,2358.300048828125,2396.199951171875,240781,valid,,83.47209930419922,63429.02,2026-10-03T13:44:11.057201+00:00
2024-07-09,2367.89990234375,2367.89990234375,2378.300048828125,2356.0,2366.5,252489,valid,,83.45760345458984,63536.06,2026-10-03T13:44:11.057201+00:00
2024-07-10,2379.699951171875,2379.699951171875,2393.39990234375,2369.699951171875,2371.0,163900,valid,,83.49299621582031,63879.77,2026-10-03T13:44:11.057201+00:00
2024-07-11,2421.89990234375,2421.89990234375,2430.39990234375,2376.800048828125,2377.39990234375,303520,valid,,83.49590301513672,65014.83,2026-10-03T13:44:11.057201+00:00
2024-07-12,2420.699951171875,2420.699951171875,2423.199951171875,2396.10009765625,2421.0,220933,valid,,83.51850128173828,65000.2,2026-10-03T13:44:11.057201+00:00
2024-07-15,2428.89990234375,2428.89990234375,2445.0,2406.10009765625,2419.300048828125,193535,valid,,83.52030181884766,65221.79,2026-10-03T13:44:11.057201+00:00
2024-07-16,2467.800048828125,2467.800048828125,2474.5,2424.5,2427.10009765625,246085,valid,,83.58760070800781,66319.75,2026-10-03T13:44:11.057201+00:00
2024-07-17,2459.89990234375,2459.89990234375,2488.39990234375,2455.5,2473.199951171875,259540,valid,,83.52960205078125,66061.57,2026-10-03T13:44:11.057201+00:00
2024-07-18,2456.39990234375,2456.39990234375,2478.5,2442.89990234375,2462.5,192770,valid,,83.57209777832031,66001.14,2026-10-03T13:44:11.057201+00:00
2024-07-19,2399.10009765625,2399.10009765625,2448.39990234375,2395.699951171875,2448.0,254408,valid,,83.67430114746094,64540.38,2026-10-03T13:44:11.057201+00:00
2024-07-22,2394.699951171875,2394.699951171875,2414.39990234375,2385.199951171875,2403.699951171875,197562,valid,,83.73030090332031,64465.12,2026-10-03T13:44:11.057201+00:00
2024-07-23,2407.300048828125,2407.300048828125,2413.5,2389.199951171875,2398.0,171191,valid,,83.67130279541016,64758.65,2026-10-03T13:44:11.057201+00:00
2024-07-24,2415.699951171875,2415.699951171875,2433.0,2397.0,2410.699951171875,245884,valid,,83.70680236816406,65012.19,2026-10-03T13:44:11.057201+00:00
2024-07-25,2353.5,2353.5,2400.800048828125,2351.89990234375,2398.10009765625,294897,valid,,83.74299621582031,63365.63,2026-10-03T13:44:11.057201+00:00
2024-07-26,2381.0,2381.0,2389.699951171875,2354.60009765625,2363.800048828125,154523,valid,,83.73760223388672,64101.91,2026-10-03T13:44:11.057201+00:00
2024-07-29,2377.800048828125,2377.800048828125,2402.10009765625,2367.300048828125,2386.89990234375,126409,valid,,83.72779846191406,64008.27,2026-10-03T13:44:11.057201+00:00
2024-07-30,2405.0,2405.0,2409.300048828125,2373.800048828125,2380.89990234375,25944,valid,,83.75050354003906,64758.02,2026-10-03T13:44:11.057201+00:00
2024-07-31,2426.5,2426.5,2447.60009765625,2402.800048828125,2407.10009765625,176268,valid,,83.73899841308594,65327.96,2026-10-03T13:44:11.057201+00:00
2024-08-01,2480.800048828125,2480.800048828125,2506.60009765625,2474.0,2493.39990234375,219834,valid,,83.7177963256836,66772.96,2026-10-03T13:44:11.057201+00:00
2024-08-02,2469.800048828125,2469.800048828125,2522.5,2453.10009765625,2490.800048828125,309937,valid,,83.743896484375,66497.61,2026-10-03T13:44:11.057201+00:00
2024-08-05,2444.39990234375,2444.39990234375,2500.800048828125,2403.800048828125,2490.300048828125,352229,valid,,83.73529815673828,65806.97,2026-10-03T13:44:11.057201+00:00
2024-08-06,2431.60009765625,2431.60009765625,2459.5,2421.800048828125,2451.699951171875,186107,valid,,84.00260162353516,65671.35,2026-10-03T13:44:11.057201+00:00
2024-08-07,2432.39990234375,2432.39990234375,2447.300048828125,2418.800048828125,2432.60009765625,166078,valid,,83.93489837646484,65640.01,2026-10-03T13:44:11.057201+00:00
2024-08-08,2463.300048828125,2463.300048828125,2467.89990234375,2420.199951171875,2422.800048828125,178509,valid,,83.94239807128906,66479.81,2026-10-03T13:44:11.057201+00:00
2024-08-09,2473.39990234375,2473.39990234375,2476.5,2456.10009765625,2467.300048828125,152173,valid,,83.98899841308594,66789.44,2026-10-03T13:44:11.057201+00:00
2024-08-12,2504.0,2504.0,2513.39990234375,2462.699951171875,2470.10009765625,171204,valid,,83.94979858398438,67584.18,2026-10-03T13:44:11.057201+00:00
2024-08-13,2507.800048828125,2507.800048828125,2517.300048828125,2498.199951171875,2512.60009765625,155078,valid,,83.88999938964844,67638.53,2026-10-03T13:44:11.057201+00:00
2024-08-14,2479.699951171875,2479.699951171875,2519.699951171875,2476.199951171875,2506.300048828125,187384,valid,,83.88200378417969,66874.26,2026-10-03T13:44:11.057201+00:00
2024-08-15,2492.39990234375,2492.39990234375,2508.0,2469.199951171875,2486.199951171875,169322,valid,,83.97149658203125,67288.47,2026-10-03T13:44:11.057201+00:00
2024-08-16,2537.800048828125,2537.800048828125,2548.300048828125,2488.199951171875,2494.39990234375,223934,valid,,83.94830322265625,68495.24,2026-10-03T13:44:11.057201+00:00
2024-08-19,2541.300048828125,2541.300048828125,2549.89990234375,2523.699951171875,2549.699951171875,155994,valid,,83.88980102539062,68541.91,2026-10-03T13:44:11.057201+00:00
2024-08-20,2550.60009765625,2550.60009765625,2570.39990234375,2535.10009765625,2542.39990234375,191196,valid,,83.87860107421875,68783.55,2026-10-03T13:44:11.057201+00:00
2024-08-21,2547.5,2547.5,2558.0,2528.199951171875,2552.199951171875,148894,valid,,83.77940368652344,68618.71,2026-10-03T13:44:11.057201+00:00
2024-08-22,2516.699951171875,2516.699951171875,2551.39990234375,2506.39990234375,2549.89990234375,177369,valid,,83.88860321044922,67877.44,2026-10-03T13:44:11.057201+00:00
2024-08-23,2546.300048828125,2546.300048828125,2554.5,2519.800048828125,2521.10009765625,164613,valid,,83.94059753417969,68718.35,2026-10-03T13:44:11.057201+00:00
2024-08-26,2555.199951171875,2555.199951171875,2563.199951171875,2544.0,2545.10009765625,127485,valid,,83.81379699707031,68854.36,2026-10-03T13:44:11.057201+00:00
2024-08-27,2552.89990234375,2552.89990234375,2561.39990234375,2538.5,2553.800048828125,146222,valid,,83.88369750976562,68849.76,2026-10-03T13:44:11.057201+00:00
2024-08-28,2537.800048828125,2537.800048828125,2564.300048828125,2527.800048828125,2559.800048828125,165123,valid,,83.92160034179688,68473.45,2026-10-03T13:44:11.057201+00:00
2024-08-29,2560.300048828125,2560.300048828125,2562.199951171875,2536.5,2539.199951171875,159965,valid,,83.94149780273438,69096.91,2026-10-03T13:44:11.057201+00:00
2024-08-30,2527.60009765625,2527.60009765625,2560.10009765625,2526.60009765625,2553.60009765625,175644,valid,,83.89510345458984,68176.71,2026-10-03T13:44:11.057201+00:00
2024-09-03,2523.0,2523.0,2539.5,2504.39990234375,2536.0,273539,valid,,83.92729949951172,68078.75,2026-10-03T13:44:11.057201+00:00
2024-09-04,2526.0,2526.0,2531.5,2502.699951171875,2524.60009765625,167957,valid,,83.95030212402344,68178.38,2026-10-03T13:44:11.057201+00:00
2024-09-05,2543.10009765625,2543.10009765625,2554.0,2523.699951171875,2526.39990234375,152709,valid,,83.98249816894531,68666.25,2026-10-03T13:44:11.057201+00:00
2024-09-06,2524.60009765625,2524.60009765625,2559.800048828125,2513.89990234375,2547.10009765625,228117,valid,,83.98359680175781,68167.62,2026-10-03T13:44:11.057201+00:00
2024-09-09,2532.699951171875,2532.699951171875,2536.5,2514.199951171875,2526.5,140583,valid,,83.98259735107422,68385.51,2026-10-03T13:44:11.057201+00:00
2024-09-10,2543.10009765625,2543.10009765625,2547.5,2528.89990234375,2536.0,156108,valid,,83.98090362548828,68664.94,2026-10-03T13:44:11.057201+00:00
2024-09-11,2542.39990234375,2542.39990234375,2558.0,2529.0,2545.699951171875,194085,valid,,83.98200225830078,68646.93,2026-10-03T13:44:11.057201+00:00
2024-09-12,2580.60009765625,2580.60009765625,2588.5,2538.699951171875,2540.60009765625,233679,valid,,83.99259948730469,69687.16,2026-10-03T13:44:11.057201+00:00
2024-09-13,2610.699951171875,2610.699951171875,2614.60009765625,2585.0,2587.5,174674,valid,,83.93479919433594,70451.47,2026-10-03T13:44:11.057201+00:00
2024-09-16,2608.89990234375,2608.89990234375,2617.39990234375,2602.5,2608.0,127576,valid,,83.88480377197266,70360.96,2026-10-03T13:44:11.057201+00:00
2024-09-17,2592.39990234375,2592.39990234375,2613.699951171875,2587.300048828125,2609.800048828125,159525,valid,,83.88400268554688,69915.3,2026-10-03T13:44:11.057201+00:00
2024-09-18,2598.60009765625,2598.60009765625,2627.199951171875,2572.5,2596.0,233128,valid,,83.77059936523438,69987.77,2026-10-03T13:44:11.057201+00:00
2024-09-19,2614.60009765625,2614.60009765625,2620.5,2575.300048828125,2585.10009765625,204475,valid,,83.69170379638672,70352.37,2026-10-03T13:44:11.057201+00:00
2024-09-20,2646.199951171875,2646.199951171875,2651.0,2608.699951171875,2611.199951171875,207209,valid,,83.61470031738281,71137.13,2026-10-03T13:44:11.057201+00:00
2024-09-23,2652.5,2652.5,2659.800048828125,2638.60009765625,2646.199951171875,170494,valid,,83.48709869384766,71197.68,2026-10-03T13:44:11.057201+00:00
2024-09-24,2677.0,2677.0,2689.39990234375,2647.10009765625,2653.300048828125,216553,valid,,83.55960083007812,71917.7,2026-10-03T13:44:11.057201+00:00
2024-09-25,2684.699951171875,2684.699951171875,2694.89990234375,2673.39990234375,2682.800048828125,189943,valid,,83.56759643554688,72131.46,2026-10-03T13:44:11.057201+00:00
2024-09-26,2694.89990234375,2694.89990234375,2708.699951171875,2677.5,2681.199951171875,217643,valid,,83.62409973144531,72454.47,2026-10-03T13:44:11.057201+00:00
2024-09-27,2668.10009765625,2668.10009765625,2696.89990234375,2665.300048828125,2695.10009765625,196732,valid,,83.61710357666016,71727.93,2026-10-03T13:44:11.057201+00:00
2024-09-30,2659.39990234375,2659.39990234375,2687.699951171875,2646.199951171875,2680.5,173252,valid,,83.71640014648438,71578.94,2026-10-03T13:44:11.057201+00:00
2024-10-01,2690.300048828125,2690.300048828125,2694.699951171875,2653.800048828125,2656.10009765625,202756,valid,,83.82730102539062,72506.55,2026-10-03T13:44:11.057201+00:00
2024-10-02,2669.699951171875,2669.699951171875,2684.800048828125,2662.10009765625,2684.60009765625,128680,valid,,83.87210083007812,71989.81,2026-10-03T13:44:11.057201+00:00
2024-10-03,2679.199951171875,2679.199951171875,2683.39990234375,2657.800048828125,2679.89990234375,138551,valid,,83.91960144042969,72286.9,2026-10-03T13:44:11.057201+00:00
2024-10-04,2667.800048828125,2667.800048828125,2690.60009765625,2651.60009765625,2675.699951171875,192656,valid,,84.0093994140625,72056.34,2026-10-03T13:44:11.057201+00:00
2024-10-07,2666.0,2666.0,2679.199951171875,2657.300048828125,2671.699951171875,130705,valid,,84.02780151367188,72023.5,2026-10-03T13:44:11.057201+00:00
2024-10-08,2635.39990234375,2635.39990234375,2672.39990234375,2623.39990234375,2662.800048828125,233849,valid,,83.96410369873047,71142.85,2026-10-03T13:44:11.057201+00:00
2024-10-09,2626.0,2626.0,2642.89990234375,2622.800048828125,2640.699951171875,143000,valid,,83.91459655761719,70847.3,2026-10-03T13:44:11.057201+00:00
2024-10-10,2639.300048828125,2639.300048828125,2648.89990234375,2618.800048828125,2625.800048828125,195581,valid,,83.94219970703125,71229.55,2026-10-03T13:44:11.057201+00:00
2024-10-11,2676.300048828125,2676.300048828125,2679.0,2645.300048828125,2647.39990234375,168597,valid,,83.94599914550781,72231.37,2026-10-03T13:44:11.057201+00:00
2024-10-14,2665.60009765625,2665.60009765625,2684.199951171875,2660.0,2673.10009765625,123361,valid,,84.16829681396484,72133.1,2026-10-03T13:44:11.057201+00:00
2024-10-15,2678.89990234375,2678.89990234375,2685.89990234375,2654.39990234375,2663.5,160564,valid,,84.04850006103516,72389.82,2026-10-03T13:44:11.057201+00:00
2024-10-16,2691.300048828125,2691.300048828125,2702.5,2674.89990234375,2679.5,156877,valid,,84.05619812011719,72731.56,2026-10-03T13:44:11.057201+00:00
2024-10-17,2707.5,2707.5,2712.699951171875,2688.199951171875,2690.39990234375,181816,valid,,84.03929901123047,73154.65,2026-10-03T13:44:11.057201+00:00
2024-10-18,2730.0,2730.0,2737.800048828125,2707.300048828125,2707.800048828125,178959,valid,,84.05380249023438,73775.32,2026-10-03T13:44:11.057201+00:00
2024-10-21,2738.89990234375,2738.89990234375,2755.39990234375,2728.5,2736.300048828125,210450,valid,,84.0687026977539,74028.95,2026-10-03T13:44:11.057201+00:00
2024-10-22,2759.800048828125,2759.800048828125,2763.300048828125,2733.5,2734.699951171875,173695,valid,,84.07350158691406,74598.11,2026-10-03T13:44:11.057201+00:00
2024-10-23,2729.39990234375,2729.39990234375,2772.60009765625,2722.10009765625,2762.60009765625,214515,valid,,84.08399963378906,73785.6,2026-10-03T13:44:11.057201+00:00
2024-10-24,2748.89990234375,2748.89990234375,2756.300048828125,2728.699951171875,2729.199951171875,175872,valid,,84.06759643554688,74298.26,2026-10-03T13:44:11.057201+00:00
2024-10-25,2754.60009765625,2754.60009765625,2760.89990234375,2729.10009765625,2748.60009765625,153487,valid,,84.08180236816406,74464.9,2026-10-03T13:44:11.057201+00:00
2024-10-28,2755.89990234375,2755.89990234375,2758.300048828125,2736.89990234375,2749.199951171875,161907,valid,,84.10199737548828,74517.94,2026-10-03T13:44:11.057201+00:00
2024-10-29,2781.10009765625,2781.10009765625,2787.699951171875,2752.0,2754.300048828125,207424,valid,,84.10279846191406,75200.05,2026-10-03T13:44:11.057201+00:00
2024-10-30,2800.800048828125,2800.800048828125,2801.800048828125,2782.39990234375,2786.89990234375,191549,valid,,84.08930206298828,75720.58,2026-10-03T13:44:11.057201+00:00
2024-10-31,2749.300048828125,2749.300048828125,2801.199951171875,2741.800048828125,2799.10009765625,242571,valid,,84.08910369873047,74328.08,2026-10-03T13:44:11.057201+00:00
2024-11-01,2749.199951171875,2749.199951171875,2772.39990234375,2742.60009765625,2754.0,180660,valid,,84.09149932861328,74327.49,2026-10-03T13:44:11.057201+00:00
2024-11-04,2746.199951171875,2746.199951171875,2757.5,2739.39990234375,2743.5,145248,valid,,84.13359832763672,74283.56,2026-10-03T13:44:11.057201+00:00
2024-11-05,2749.699951171875,2749.699951171875,2759.5,2733.39990234375,2746.0,151434,valid,,84.15249633789062,74394.94,2026-10-03T13:44:11.057201+00:00
2024-11-06,2676.300048828125,2676.300048828125,2758.800048828125,2660.699951171875,2752.60009765625,361313,valid,,84.11630249023438,72377.91,2026-10-03T13:44:11.057201+00:00
2024-11-07,2705.800048828125,2705.800048828125,2718.300048828125,2650.300048828125,2667.699951171875,292924,valid,,84.2511978149414,73293.06,2026-10-03T13:44:11.057201+00:00
2024-11-08,2694.800048828125,2694.800048828125,2717.800048828125,2687.300048828125,2713.60009765625,233110,valid,,84.306396484375,73042.92,2026-10-03T13:44:11.057201+00:00
2024-11-11,2617.699951171875,2617.699951171875,2693.39990234375,2617.10009765625,2692.10009765625,281919,valid,,84.38289642333984,71017.5,2026-10-03T13:44:11.057201+00:00
2024-11-12,2606.300048828125,2606.300048828125,2633.39990234375,2595.699951171875,2625.699951171875,282766,valid,,84.39649963378906,70719.62,2026-10-03T13:44:11.057201+00:00
2024-11-13,2586.5,2586.5,2625.0,2578.10009765625,2604.699951171875,262752,valid,,84.39530181884766,70181.37,2026-10-03T13:44:11.057201+00:00
2024-11-14,2572.89990234375,2572.89990234375,2585.800048828125,2541.5,2578.10009765625,266162,valid,,84.4229965209961,69835.25,2026-10-03T13:44:11.057201+00:00
2024-11-15,2570.10009765625,2570.10009765625,2580.800048828125,2558.89990234375,2570.39990234375,179892,valid,,84.47380065917969,69801.24,2026-10-03T13:44:11.057201+00:00
2024-11-18,2614.60009765625,2614.60009765625,2619.5,2568.5,2571.5,195294,valid,,84.47750091552734,71012.92,2026-10-03T13:44:11.057201+00:00
2024-11-19,2631.0,2631.0,2643.39990234375,2614.199951171875,2616.300048828125,202241,valid,,84.39849853515625,71391.52,2026-10-03T13:44:11.057201+00:00
2024-11-20,2651.699951171875,2651.699951171875,2659.0,2621.89990234375,2635.800048828125,182012,valid,,84.39759826660156,71952.44,2026-10-03T13:44:11.057201+00:00
2024-11-21,2674.89990234375,2674.89990234375,2676.5,2651.60009765625,2653.5,186297,valid,,84.38310241699219,72569.49,2026-10-03T13:44:11.057201+00:00
2024-11-22,2712.199951171875,2712.199951171875,2718.5,2670.10009765625,2672.0,220554,valid,,84.48829650878906,73673.16,2026-10-03T13:44:11.057201+00:00
2024-11-25,2618.5,2618.5,2723.199951171875,2616.60009765625,2716.89990234375,305339,valid,,84.43599700927734,71083.9,2026-10-03T13:44:11.057201+00:00
2024-11-26,2621.300048828125,2621.300048828125,2642.699951171875,2605.300048828125,2626.199951171875,177858,valid,,84.37750244140625,71110.62,2026-10-03T13:44:11.057201+00:00
2024-11-27,2639.89990234375,2639.89990234375,2657.89990234375,2627.199951171875,2633.5,61653,valid,,84.33910369873047,71582.61,2026-10-03T13:44:11.057201+00:00
2024-11-29,2657.0,2657.0,2664.300048828125,2620.699951171875,2636.39990234375,180756,valid,,84.47160339355469,72159.47,2026-10-03T13:44:11.057201+00:00
2024-12-02,2658.5,2658.5,2678.5,2644.5,2673.800048828125,163543,valid,,84.55699920654297,72273.2,2026-10-03T13:44:11.057201+00:00
2024-12-03,2667.89990234375,2667.89990234375,2678.39990234375,2656.60009765625,2662.0,140965,valid,,84.73709869384766,72683.22,2026-10-03T13:44:11.057201+00:00
2024-12-04,2676.199951171875,2676.199951171875,2682.0,2654.199951171875,2665.800048828125,171792,valid,,84.68309783935547,72862.88,2026-10-03T13:44:11.057201+00:00
2024-12-05,2648.39990234375,2648.39990234375,2680.0,2646.300048828125,2674.199951171875,156116,valid,,84.70700073242188,72126.35,2026-10-03T13:44:11.057201+00:00
2024-12-06,2659.60009765625,2659.60009765625,2667.89990234375,2635.60009765625,2655.0,167166,valid,,84.68379974365234,72411.53,2026-10-03T13:44:11.057201+00:00
2024-12-09,2685.800048828125,2685.800048828125,2700.0,2649.699951171875,2665.0,182150,valid,,84.66600036621094,73109.49,2026-10-03T13:44:11.057201+00:00
2024-12-10,2718.39990234375,2718.39990234375,2721.699951171875,2680.699951171875,2684.39990234375,181509,valid,,84.84729766845703,74155.34,2026-10-03T13:44:11.057201+00:00
2024-12-11,2756.699951171875,2756.699951171875,2759.699951171875,2719.10009765625,2721.199951171875,264985,valid,,84.8740005493164,75223.79,2026-10-03T13:44:11.057201+00:00
2024-12-12,2709.39990234375,2709.39990234375,2761.300048828125,2696.699951171875,2753.60009765625,219468,valid,,84.85710144042969,73918.37,2026-10-03T13:44:11.057201+00:00
2024-12-13,2675.800048828125,2675.800048828125,2716.39990234375,2663.300048828125,2704.89990234375,178685,valid,,84.83920288085938,72986.29,2026-10-03T13:44:11.057201+00:00
2024-12-16,2670.0,2670.0,2683.39990234375,2661.39990234375,2668.0,115996,valid,,84.802001953125,72796.15,2026-10-03T13:44:11.057201+00:00
2024-12-17,2662.0,2662.0,2675.800048828125,2646.10009765625,2670.199951171875,147053,valid,,84.91729736328125,72676.71,2026-10-03T13:44:11.057201+00:00
2024-12-18,2653.300048828125,2653.300048828125,2667.60009765625,2598.10009765625,2663.300048828125,156334,valid,,84.91539764404297,72437.57,2026-10-03T13:44:11.057201+00:00
2024-12-19,2608.10009765625,2608.10009765625,2640.89990234375,2596.699951171875,2600.60009765625,191587,valid,,85.16549682617188,71413.28,2026-10-03T13:44:11.057201+00:00
2024-12-20,2645.10009765625,2645.10009765625,2653.800048828125,2603.699951171875,2609.699951171875,153567,valid,,85.27940368652344,72523.26,2026-10-03T13:44:11.057201+00:00
2024-12-23,2628.199951171875,2628.199951171875,2646.800048828125,2623.199951171875,2639.10009765625,105131,valid,,84.94499969482422,71777.33,2026-10-03T13:44:11.057201+00:00
2024-12-24,2635.5,2635.5,2635.800048828125,2624.199951171875,2629.39990234375,53366,valid,,85.0988998413086,72107.1,2026-10-03T13:44:11.057201+00:00
2024-12-26,2653.89990234375,2653.89990234375,2655.699951171875,2634.10009765625,2638.0,79265,valid,,85.41339874267578,72878.87,2026-10-03T13:44:11.057201+00:00
2024-12-27,2631.89990234375,2631.89990234375,2654.60009765625,2625.199951171875,2653.699951171875,93897,valid,,85.26090240478516,72145.68,2026-10-03T13:44:11.057201+00:00
2024-12-30,2618.10009765625,2618.10009765625,2640.699951171875,2608.39990234375,2636.10009765625,110915,valid,,85.38600158691406,71872.7,2026-10-03T13:44:11.057201+00:00
2024-12-31,2641.0,2641.0,2642.0,2614.300048828125,2620.0,86292,valid,,85.7865982055664,72841.5,2026-10-03T13:44:11.057201+00:00
2025-01-02,2669.0,2669.0,2674.199951171875,2636.10009765625,2641.0,144517,valid,,85.78569793701172,73613.0,2026-10-03T13:44:11.057201+00:00
2025-01-03,2654.699951171875,2654.699951171875,2681.0,2649.699951171875,2671.10009765625,121173,valid,,85.80400085449219,73234.22,2026-10-03T13:44:11.057201+00:00
2025-01-06,2647.39990234375,2647.39990234375,2663.800048828125,2624.60009765625,2652.800048828125,169923,valid,,85.75900268554688,72994.53,2026-10-03T13:44:11.057201+00:00
2025-01-07,2665.39990234375,2665.39990234375,2678.5,2643.5,2647.10009765625,161617,valid,,85.68070220947266,73423.73,2026-10-03T13:44:11.057201+00:00
2025-01-08,2672.39990234375,2672.39990234375,2687.0,2658.39990234375,2662.89990234375,197370,valid,,85.80650329589844,73724.65,2026-10-03T13:44:11.057201+00:00
2025-01-09,2690.800048828125,2690.800048828125,2696.800048828125,2673.699951171875,2679.89990234375,156645,valid,,85.90750122070312,74319.64,2026-10-03T13:44:11.057201+00:00
2025-01-10,2715.0,2715.0,2735.0,2686.89990234375,2692.89990234375,298408,valid,,85.91999816894531,74998.95,2026-10-03T13:44:11.057201+00:00
2025-01-13,2678.60009765625,2678.60009765625,2723.800048828125,2675.199951171875,2716.800048828125,211094,valid,,86.18800354003906,74224.24,2026-10-03T13:44:11.057201+00:00
2025-01-14,2682.300048828125,2682.300048828125,2693.699951171875,2672.0,2682.0,179414,valid,,86.65059661865234,74725.7,2026-10-03T13:44:11.057201+00:00
2025-01-15,2717.800048828125,2717.800048828125,2722.699951171875,2685.39990234375,2693.300048828125,193720,valid,,86.535400390625,75614.03,2026-10-03T13:44:11.057201+00:00
2025-01-16,2750.89990234375,2750.89990234375,2757.89990234375,2720.39990234375,2722.300048828125,186543,valid,,86.43099975585938,76442.59,2026-10-03T13:44:11.057201+00:00
2025-01-17,2748.699951171875,2748.699951171875,2759.199951171875,2729.199951171875,2746.800048828125,156868,valid,,86.6061019897461,76536.2,2026-10-03T13:44:11.057201+00:00
2025-01-21,2759.199951171875,2759.199951171875,2762.0,2715.60009765625,2739.60009765625,294121,valid,,86.21109771728516,76478.16,2026-10-03T13:44:11.057201+00:00
2025-01-22,2770.89990234375,2770.89990234375,2774.39990234375,2756.199951171875,2758.699951171875,158141,valid,,86.45189666748047,77016.97,2026-10-03T13:44:11.057201+00:00
2025-01-23,2765.0,2765.0,2767.10009765625,2741.0,2765.89990234375,194742,valid,,86.47270202636719,76871.48,2026-10-03T13:44:11.057201+00:00
2025-01-24,2778.89990234375,2778.89990234375,2794.800048828125,2761.0,2761.800048828125,199562,valid,,86.44020080566406,77228.88,2026-10-03T13:44:11.057201+00:00
2025-01-27,2738.39990234375,2738.39990234375,2778.10009765625,2732.0,2778.10009765625,215514,valid,,86.2030029296875,75894.5,2026-10-03T13:44:11.057201+00:00
2025-01-28,2767.5,2767.5,2774.0,2737.39990234375,2742.39990234375,171359,valid,,86.46839904785156,76937.15,2026-10-03T13:44:11.057201+00:00
2025-01-29,2769.800048828125,2769.800048828125,2778.10009765625,2761.0,2771.60009765625,125692,valid,,86.58460235595703,77104.57,2026-10-03T13:44:11.057201+00:00
2025-01-30,2823.0,2823.0,2829.5,2770.0,2772.5,40141,valid,,86.6406021118164,78636.36,2026-10-03T13:44:11.057201+00:00
2025-01-31,2812.5,2812.5,2838.0,2804.0,2829.0,165676,valid,,86.64700317382812,78349.66,2026-10-03T13:44:11.057201+00:00
2025-02-03,2857.10009765625,2857.10009765625,2872.0,2802.199951171875,2846.5,181344,valid,,86.55400085449219,79506.69,2026-10-03T13:44:11.057201+00:00
2025-02-04,2875.800048828125,2875.800048828125,2877.10009765625,2837.39990234375,2850.39990234375,145862,valid,,86.94339752197266,80387.1,2026-10-03T13:44:11.057201+00:00
2025-02-05,2893.0,2893.0,2906.0,2870.10009765625,2873.699951171875,167383,valid,,87.13009643554688,81041.54,2026-10-03T13:44:11.057201+00:00
2025-02-06,2876.699951171875,2876.699951171875,2894.199951171875,2855.0,2885.0,167701,valid,,87.33409881591797,80773.61,2026-10-03T13:44:11.057201+00:00
2025-02-07,2887.60009765625,2887.60009765625,2910.60009765625,2876.10009765625,2880.199951171875,192551,valid,,87.58830261230469,81315.67,2026-10-03T13:44:11.057201+00:00
2025-02-10,2934.39990234375,2934.39990234375,2938.10009765625,2879.89990234375,2884.800048828125,167232,valid,,87.51309967041016,82562.61,2026-10-03T13:44:11.057201+00:00
2025-02-11,2932.60009765625,2932.60009765625,2968.5,2907.0,2937.0,218478,valid,,87.49009704589844,82490.29,2026-10-03T13:44:11.057201+00:00
2025-02-12,2928.699951171875,2928.699951171875,2936.5,2886.5,2927.0,204625,valid,,86.81120300292969,81741.33,2026-10-03T13:44:11.057201+00:00
2025-02-13,2945.39990234375,2945.39990234375,2958.800048828125,2925.800048828125,2928.800048828125,169496,valid,,86.8740005493164,82266.9,2026-10-03T13:44:11.057201+00:00
2025-02-14,2900.699951171875,2900.699951171875,2964.10009765625,2889.89990234375,2957.300048828125,228078,valid,,86.75409698486328,80906.58,2026-10-03T13:44:11.057201+00:00
2025-02-18,2949.0,2949.0,2956.5,2887.60009765625,2895.10009765625,218757,valid,,86.85479736328125,82349.25,2026-10-03T13:44:11.057201+00:00
2025-02-19,2936.10009765625,2936.10009765625,2964.39990234375,2933.699951171875,2954.10009765625,159341,valid,,86.88719940185547,82019.61,2026-10-03T13:44:11.057201+00:00
2025-02-20,2956.10009765625,2956.10009765625,2973.39990234375,2939.300048828125,2949.5,172197,valid,,86.872802734375,82564.63,2026-10-03T13:44:11.057201+00:00
2025-02-21,2953.199951171875,2953.199951171875,2964.699951171875,2930.10009765625,2955.699951171875,163686,valid,,86.45120239257812,82083.33,2026-10-03T13:44:11.057201+00:00
2025-02-24,2963.199951171875,2963.199951171875,2974.0,2936.800048828125,2950.39990234375,162775,valid,,86.52940368652344,82435.78,2026-10-03T13:44:11.057201+00:00
2025-02-25,2918.800048828125,2918.800048828125,2970.39990234375,2897.0,2968.5,234850,valid,,86.69010162353516,81351.38,2026-10-03T13:44:11.057201+00:00
2025-02-26,2930.60009765625,2930.60009765625,2942.0,2903.300048828125,2929.0,163371,valid,,87.0811996459961,82048.76,2026-10-03T13:44:11.057201+00:00
2025-02-27,2895.89990234375,2895.89990234375,2935.800048828125,2879.0,2931.39990234375,207650,valid,,87.16220092773438,81152.67,2026-10-03T13:44:11.057201+00:00
2025-02-28,2848.5,2848.5,2896.10009765625,2844.10009765625,2889.0,210560,valid,,87.3270034790039,79975.29,2026-10-03T13:44:11.057201+00:00
2025-03-03,2901.10009765625,2901.10009765625,2906.39990234375,2866.300048828125,2872.0,177018,valid,,87.46399688720703,81579.89,2026-10-03T13:44:11.057201+00:00
2025-03-04,2920.60009765625,2920.60009765625,2939.800048828125,2892.5,2904.199951171875,188515,valid,,87.32959747314453,82002.03,2026-10-03T13:44:11.057201+00:00
2025-03-05,2926.0,2926.0,2941.300048828125,2903.39990234375,2929.0,183016,valid,,87.21700286865234,82047.72,2026-10-03T13:44:11.057201+00:00
2025-03-06,2926.60009765625,2926.60009765625,2935.89990234375,2897.60009765625,2929.5,166364,valid,,86.88929748535156,81756.21,2026-10-03T13:44:11.057201+00:00
2025-03-07,2914.10009765625,2914.10009765625,2938.800048828125,2905.300048828125,2919.199951171875,237577,valid,,87.12879943847656,81631.4,2026-10-03T13:44:11.057201+00:00
2025-03-10,2899.39990234375,2899.39990234375,2926.39990234375,2885.199951171875,2919.60009765625,221609,valid,,87.07379913330078,81168.34,2026-10-03T13:44:11.057201+00:00
2025-03-11,2920.89990234375,2920.89990234375,2929.0,2882.5,2893.199951171875,194119,valid,,87.3551025390625,82034.4,2026-10-03T13:44:11.057201+00:00
2025-03-12,2946.800048828125,2946.800048828125,2948.89990234375,2911.0,2922.300048828125,209823,valid,,87.20010375976562,82614.97,2026-10-03T13:44:11.057201+00:00
2025-03-13,2991.300048828125,2991.300048828125,3001.5,2942.199951171875,2943.300048828125,256564,valid,,87.3405990600586,83997.66,2026-10-03T13:44:11.057201+00:00
2025-03-14,3001.10009765625,3001.10009765625,3017.10009765625,2988.60009765625,3001.39990234375,181492,valid,,86.9220962524414,83869.05,2026-10-03T13:44:11.057201+00:00
2025-03-17,3006.10009765625,3006.10009765625,3010.89990234375,2991.39990234375,2994.800048828125,142155,valid,,86.93900299072266,84025.12,2026-10-03T13:44:11.057201+00:00
2025-03-18,3040.800048828125,3040.800048828125,3047.5,3008.199951171875,3009.39990234375,177098,valid,,86.91639709472656,84972.94,2026-10-03T13:44:11.057201+00:00
2025-03-19,3041.199951171875,3041.199951171875,3061.60009765625,3031.300048828125,3041.39990234375,145404,valid,,86.57610321044922,84651.39,2026-10-03T13:44:11.057201+00:00
2025-03-20,3043.800048828125,3043.800048828125,3065.199951171875,3032.800048828125,3058.0,141231,valid,,86.33709716796875,84489.87,2026-10-03T13:44:11.057201+00:00
2025-03-21,3021.39990234375,3021.39990234375,3055.0,3004.10009765625,3052.60009765625,190470,valid,,86.33609771728516,83867.11,2026-10-03T13:44:11.057201+00:00
2025-03-24,3015.60009765625,3015.60009765625,3038.39990234375,3007.699951171875,3027.60009765625,202822,valid,,85.98699951171875,83367.66,2026-10-03T13:44:11.057201+00:00
2025-03-25,3025.89990234375,3025.89990234375,3042.39990234375,3010.800048828125,3017.5,172592,valid,,85.53209686279297,83209.85,2026-10-03T13:44:11.057201+00:00
2025-03-26,3022.5,3022.5,3036.10009765625,3017.800048828125,3025.800048828125,172002,valid,,85.59040069580078,83173.01,2026-10-03T13:44:11.057201+00:00
2025-03-27,3061.0,3061.0,3071.300048828125,3022.300048828125,3025.60009765625,124359,valid,,86.09539794921875,84729.44,2026-10-03T13:44:11.057201+00:00
2025-03-28,3086.5,3086.5,3094.89990234375,3066.800048828125,3069.699951171875,31206,valid,,85.69490051269531,85037.86,2026-10-03T13:44:11.057201+00:00
2025-03-31,3122.800048828125,3122.800048828125,3132.5,3086.0,3091.0,228393,valid,,85.53880310058594,85881.26,2026-10-03T13:44:11.057201+00:00
2025-04-01,3146.0,3146.0,3177.0,3130.5,3157.300048828125,197314,valid,,85.46810150146484,86447.78,2026-10-03T13:44:11.057201+00:00
2025-04-02,3166.199951171875,3166.199951171875,3201.60009765625,3135.699951171875,3147.5,223124,valid,,85.61009979248047,87147.39,2026-10-03T13:44:11.057201+00:00
2025-04-03,3121.699951171875,3121.699951171875,3196.60009765625,3073.5,3196.60009765625,382860,valid,,85.65119934082031,85963.81,2026-10-03T13:44:11.057201+00:00
2025-04-04,3035.39990234375,3035.39990234375,3160.199951171875,3032.699951171875,3138.0,341150,valid,,85.28289794921875,83227.9,2026-10-03T13:44:11.057201+00:00
2025-04-07,2973.60009765625,2973.60009765625,3084.39990234375,2970.39990234375,3055.10009765625,328515,valid,,85.529296875,81768.97,2026-10-03T13:44:11.057201+00:00
2025-04-08,2990.199951171875,2990.199951171875,3037.89990234375,2988.60009765625,2997.5,197577,valid,,86.0270004272461,82703.92,2026-10-03T13:44:11.057201+00:00
2025-04-09,3079.39990234375,3079.39990234375,3118.5,2983.300048828125,2998.300048828125,298325,valid,,86.435302734375,85575.28,2026-10-03T13:44:11.057201+00:00
2025-04-10,3177.5,3177.5,3195.0,3086.10009765625,3099.10009765625,234973,valid,,86.20929718017578,88070.55,2026-10-03T13:44:11.057201+00:00
2025-04-11,3244.60009765625,3244.60009765625,3263.0,3193.39990234375,3194.199951171875,247317,valid,,86.2603988647461,89983.67,2026-10-03T13:44:11.057201+00:00
2025-04-14,3226.300048828125,3226.300048828125,3261.60009765625,3208.699951171875,3246.0,189619,valid,,86.19300079345703,89406.24,2026-10-03T13:44:11.057201+00:00
2025-04-15,3240.39990234375,3240.39990234375,3250.89990234375,3225.5,3226.10009765625,123474,valid,,86.0447998046875,89642.57,2026-10-03T13:44:11.057201+00:00
2025-04-16,3346.39990234375,3346.39990234375,3358.39990234375,3245.199951171875,3248.39990234375,258376,valid,,85.72669982910156,92232.72,2026-10-03T13:44:11.057201+00:00
2025-04-17,3328.39990234375,3328.39990234375,3371.89990234375,3296.39990234375,3357.5,242065,valid,,85.62049865722656,91622.96,2026-10-03T13:44:11.057201+00:00
2025-04-21,3425.300048828125,3425.300048828125,3442.300048828125,3344.0,3347.0,243457,valid,,85.62049865722656,94290.39,2026-10-03T13:44:11.057201+00:00
2025-04-22,3419.39990234375,3419.39990234375,3509.89990234375,3379.10009765625,3435.10009765625,423078,valid,,85.15889739990234,93620.51,2026-10-03T13:44:11.057201+00:00
2025-04-23,3294.10009765625,3294.10009765625,3396.0,3270.800048828125,3367.699951171875,377411,valid,,85.2323989868164,90267.74,2026-10-03T13:44:11.057201+00:00
2025-04-24,3348.60009765625,3348.60009765625,3377.0,3301.300048828125,3301.800048828125,239603,valid,,85.4999008178711,92049.19,2026-10-03T13:44:11.057201+00:00
2025-04-25,3298.39990234375,3298.39990234375,3384.10009765625,3274.800048828125,3362.0,241249,valid,,85.2573013305664,90411.97,2026-10-03T13:44:11.057201+00:00
2025-04-28,3347.699951171875,3347.699951171875,3363.800048828125,3278.0,3336.5,217995,valid,,85.38490295410156,91900.67,2026-10-03T13:44:11.057201+00:00
2025-04-29,3333.60009765625,3333.60009765625,3359.300048828125,3309.199951171875,3354.89990234375,170152,valid,,85.1603012084961,91272.88,2026-10-03T13:44:11.057201+00:00
2025-04-30,3319.10009765625,3319.10009765625,3337.60009765625,3275.60009765625,3324.5,207722,valid,,85.1707992553711,90887.08,2026-10-03T13:44:11.057201+00:00
2025-05-01,3222.199951171875,3222.199951171875,3300.60009765625,3209.39990234375,3299.0,214691,valid,,84.53119659423828,87571.05,2026-10-03T13:44:11.057201+00:00
2025-05-02,3243.300048828125,3243.300048828125,3277.0,3229.5,3247.60009765625,210994,valid,,84.69670104980469,88317.08,2026-10-03T13:44:11.057201+00:00
2025-05-05,3322.300048828125,3322.300048828125,3346.699951171875,3243.10009765625,3247.10009765625,184904,valid,,84.52629852294922,90286.28,2026-10-03T13:44:11.057201+00:00
2025-05-06,3422.800048828125,3422.800048828125,3444.5,3332.10009765625,3345.699951171875,268098,valid,,84.2208023071289,92681.27,2026-10-03T13:44:11.057201+00:00
2025-05-07,3391.89990234375,3391.89990234375,3448.199951171875,3367.0,3448.10009765625,304244,valid,,84.79319763183594,92468.77,2026-10-03T13:44:11.057201+00:00
2025-05-08,3306.0,3306.0,3422.0,3293.300048828125,3373.10009765625,327126,valid,,84.81719970703125,90152.51,2026-10-03T13:44:11.057201+00:00
2025-05-09,3344.0,3344.0,3352.699951171875,3278.89990234375,3310.199951171875,232464,valid,,86.08219909667969,92548.78,2026-10-03T13:44:11.057201+00:00
2025-05-12,3228.0,3228.0,3295.5,3211.199951171875,3281.0,308534,valid,,85.4083023071289,88638.97,2026-10-03T13:44:11.057201+00:00
2025-05-13,3247.800048828125,3247.800048828125,3270.39990234375,3220.10009765625,3240.699951171875,214423,valid,,84.9656982421875,88720.5,2026-10-03T13:44:11.057201+00:00
2025-05-14,3188.300048828125,3188.300048828125,3261.300048828125,3170.699951171875,3254.10009765625,233929,valid,,85.060302734375,87192.11,2026-10-03T13:44:11.057201+00:00
2025-05-15,3226.60009765625,3226.60009765625,3244.300048828125,3123.300048828125,3180.800048828125,253064,valid,,85.48760223388672,88682.79,2026-10-03T13:44:11.057201+00:00
2025-05-16,3187.199951171875,3187.199951171875,3255.800048828125,3156.39990234375,3243.5,245486,valid,,85.44490051269531,87556.12,2026-10-03T13:44:11.057201+00:00
2025-05-19,3233.5,3233.5,3252.89990234375,3209.10009765625,3220.0,185135,valid,,85.50029754638672,88885.63,2026-10-03T13:44:11.057201+00:00
2025-05-20,3284.60009765625,3284.60009765625,3298.5,3207.39990234375,3233.0,224088,valid,,85.37210083007812,90154.94,2026-10-03T13:44:11.057201+00:00
2025-05-21,3313.5,3313.5,3327.199951171875,3287.0,3293.0,229503,valid,,85.53610229492188,91122.89,2026-10-03T13:44:11.057201+00:00
2025-05-22,3295.0,3295.0,3346.800048828125,3277.800048828125,3318.0,234658,valid,,85.60030364990234,90682.15,2026-10-03T13:44:11.057201+00:00
2025-05-23,3365.800048828125,3365.800048828125,3366.5,3285.5,3295.10009765625,247200,valid,,85.97489929199219,93036.0,2026-10-03T13:44:11.057201+00:00
2025-05-27,3300.39990234375,3300.39990234375,3356.0,3283.0,3355.60009765625,297309,valid,,85.158203125,90361.64,2026-10-03T13:44:11.057201+00:00
2025-05-28,3294.89990234375,3294.89990234375,3324.5,3273.5,3300.89990234375,127758,valid,,85.3604965209961,90425.35,2026-10-03T13:44:11.057201+00:00
2025-05-29,3317.10009765625,3317.10009765625,3328.800048828125,3242.39990234375,3283.699951171875,24370,valid,,85.38590240478516,91061.71,2026-10-03T13:44:11.057201+00:00
2025-05-30,3288.89990234375,3288.89990234375,3318.0,3270.89990234375,3315.10009765625,184770,valid,,85.36129760742188,90261.54,2026-10-03T13:44:11.057201+00:00
2025-06-02,3397.199951171875,3397.199951171875,3408.10009765625,3319.39990234375,3323.0,180995,valid,,85.52429962158203,93411.79,2026-10-03T13:44:11.057201+00:00
2025-06-03,3377.10009765625,3377.10009765625,3417.800048828125,3357.199951171875,3406.5,168220,valid,,85.36370086669922,92684.74,2026-10-03T13:44:11.057201+00:00
2025-06-04,3399.199951171875,3399.199951171875,3409.699951171875,3366.89990234375,3377.800048828125,167220,valid,,85.70880126953125,93668.42,2026-10-03T13:44:11.057201+00:00
2025-06-05,3375.10009765625,3375.10009765625,3427.699951171875,3362.300048828125,3398.0,224859,valid,,85.9041976928711,93216.35,2026-10-03T13:44:11.057201+00:00
2025-06-06,3346.60009765625,3346.60009765625,3398.300048828125,3328.800048828125,3377.39990234375,185366,valid,,85.87750244140625,92400.49,2026-10-03T13:44:11.057201+00:00
2025-06-09,3354.89990234375,3354.89990234375,3359.0,3313.10009765625,3333.39990234375,142005,valid,,85.7853012084961,92530.2,2026-10-03T13:44:11.057201+00:00
2025-06-10,3343.39990234375,3343.39990234375,3370.39990234375,3321.300048828125,3346.300048828125,158897,valid,,85.75599670410156,92181.52,2026-10-03T13:44:11.057201+00:00
2025-06-11,3343.699951171875,3343.699951171875,3382.300048828125,3335.39990234375,3344.300048828125,201534,valid,,85.65280151367188,92078.86,2026-10-03T13:44:11.057201+00:00
2025-06-12,3402.39990234375,3402.39990234375,3419.800048828125,3358.5,3377.5,230166,valid,,85.46980285644531,93495.16,2026-10-03T13:44:11.057201+00:00
2025-06-13,3452.800048828125,3452.800048828125,3468.0,3399.60009765625,3406.699951171875,270627,valid,,85.68840026855469,95122.78,2026-10-03T13:44:11.057201+00:00
2025-06-16,3417.300048828125,3417.300048828125,3476.300048828125,3400.89990234375,3473.0,192505,valid,,86.24919891357422,94760.91,2026-10-03T13:44:11.057201+00:00
2025-06-17,3406.89990234375,3406.89990234375,3422.699951171875,3384.39990234375,3404.199951171875,209083,valid,,86.10420227050781,94313.7,2026-10-03T13:44:11.057201+00:00
2025-06-18,3408.10009765625,3408.10009765625,3419.0,3380.10009765625,3409.0,0,valid,,86.36270141601562,94630.17,2026-10-03T13:44:11.057201+00:00
2025-06-20,3385.699951171875,3385.699951171875,3405.199951171875,3356.199951171875,3387.10009765625,280833,valid,,86.58380126953125,94248.88,2026-10-03T13:44:11.057201+00:00
2025-06-23,3395.0,3395.0,3413.800048828125,3361.39990234375,3400.699951171875,193872,valid,,86.5802993774414,94503.94,2026-10-03T13:44:11.057201+00:00
2025-06-24,3333.89990234375,3333.89990234375,3385.0,3308.300048828125,3383.800048828125,227429,valid,,86.23300170898438,92430.89,2026-10-03T13:44:11.057201+00:00
2025-06-25,3343.10009765625,3343.10009765625,3351.300048828125,3325.5,3338.10009765625,130010,valid,,85.90480041503906,92333.2,2026-10-03T13:44:11.057201+00:00
2025-06-26,3348.0,3348.0,3363.89990234375,3322.5,3347.5,155584,valid,,86.006103515625,92577.57,2026-10-03T13:44:11.057201+00:00
2025-06-27,3287.60009765625,3287.60009765625,3341.39990234375,3266.5,3341.300048828125,218869,valid,,85.66639709472656,90548.35,2026-10-03T13:44:11.057201+00:00
2025-06-30,3307.699951171875,3307.699951171875,3321.60009765625,3250.5,3284.300048828125,144201,valid,,85.4552993774414,90877.46,2026-10-03T13:44:11.057201+00:00
2025-07-01,3349.800048828125,3349.800048828125,3370.5,3313.699951171875,3315.699951171875,168854,valid,,85.71399688720703,92312.75,2026-10-03T13:44:11.057201+00:00
2025-07-02,3359.699951171875,3359.699951171875,3371.0,3337.199951171875,3350.0,132187,valid,,85.6427993774414,92508.66,2026-10-03T13:44:11.057201+00:00
2025-07-03,3342.89990234375,3342.89990234375,3376.89990234375,3321.39990234375,3369.0,0,valid,,85.69409942626953,92101.21,2026-10-03T13:44:11.057201+00:00
2025-07-04,3346.5,3346.5,3355.0,3332.800048828125,3335.0,0,valid,,85.31909942626953,91796.93,2026-10-03T13:44:11.057201+00:00
2025-07-07,3342.800048828125,3342.800048828125,3352.89990234375,3304.39990234375,3344.5,235762,valid,,85.49629974365234,91885.88,2026-10-03T13:44:11.057201+00:00
2025-07-08,3316.89990234375,3316.89990234375,3355.60009765625,3295.39990234375,3348.89990234375,218029,valid,,85.89199829101562,91595.92,2026-10-03T13:44:11.057201+00:00
2025-07-09,3321.0,3321.0,3325.60009765625,3290.199951171875,3310.60009765625,167968,valid,,85.7073974609375,91512.04,2026-10-03T13:44:11.057201+00:00
2025-07-10,3325.699951171875,3325.699951171875,3339.39990234375,3319.199951171875,3322.199951171875,168190,valid,,85.70850372314453,91642.73,2026-10-03T13:44:11.057201+00:00
2025-07-11,3364.0,3364.0,3381.60009765625,3332.300048828125,3333.10009765625,216883,valid,,85.73480224609375,92726.57,2026-10-03T13:44:11.057201+00:00
2025-07-14,3359.10009765625,3359.10009765625,3389.300048828125,3348.5,3376.5,195336,valid,,85.82129669189453,92684.92,2026-10-03T13:44:11.057201+00:00
2025-07-15,3336.699951171875,3336.699951171875,3375.39990234375,3327.300048828125,3352.0,179884,valid,,85.96839904785156,92224.66,2026-10-03T13:44:11.057201+00:00
2025-07-16,3359.10009765625,3359.10009765625,3385.800048828125,3326.10009765625,3330.5,235160,valid,,85.99310302734375,92870.47,2026-10-03T13:44:11.057201+00:00
2025-07-17,3345.300048828125,3345.300048828125,3358.199951171875,3314.300048828125,3354.699951171875,161740,valid,,85.88520050048828,92372.88,2026-10-03T13:44:11.057201+00:00
2025-07-18,3358.300048828125,3358.300048828125,3368.0,3337.199951171875,3347.5,115413,valid,,86.04650115966797,92906.0,2026-10-03T13:44:11.057201+00:00
2025-07-21,3406.39990234375,3406.39990234375,3416.89990234375,3351.0,3355.60009765625,191195,valid,,86.14859771728516,94348.48,2026-10-03T13:44:11.057201+00:00
2025-07-22,3443.699951171875,3443.699951171875,3447.5,3394.89990234375,3410.699951171875,227372,valid,,86.19529724121094,95433.3,2026-10-03T13:44:11.057201+00:00
2025-07-23,3397.60009765625,3397.60009765625,3451.699951171875,3390.60009765625,3444.300048828125,263025,valid,,86.3427963256836,94316.88,2026-10-03T13:44:11.057201+00:00
2025-07-24,3373.5,3373.5,3401.10009765625,3355.199951171875,3398.60009765625,215271,valid,,86.39869689941406,93708.5,2026-10-03T13:44:11.057201+00:00
2025-07-25,3335.60009765625,3335.60009765625,3376.60009765625,3325.5,3372.10009765625,196380,valid,,86.4302978515625,92689.61,2026-10-03T13:44:11.057201+00:00
2025-07-28,3310.0,3310.0,3345.39990234375,3300.0,3321.10009765625,180215,valid,,86.506103515625,92058.91,2026-10-03T13:44:11.057201+00:00
2025-07-29,3324.0,3324.0,3332.300048828125,3305.800048828125,3313.39990234375,113144,valid,,86.77760314941406,92738.43,2026-10-03T13:44:11.057201+00:00
2025-07-30,3295.800048828125,3295.800048828125,3331.800048828125,3263.89990234375,3325.800048828125,19252,valid,,87.06320190429688,92254.29,2026-10-03T13:44:11.057201+00:00
2025-07-31,3293.199951171875,3293.199951171875,3312.0,3272.89990234375,3272.89990234375,158029,valid,,87.714599609375,92871.2,2026-10-03T13:44:11.057201+00:00
2025-08-01,3399.800048828125,3399.800048828125,3416.89990234375,3331.39990234375,3342.699951171875,229954,valid,,87.4894027709961,95631.26,2026-10-03T13:44:11.057201+00:00
2025-08-04,3426.39990234375,3426.39990234375,3439.5,3397.89990234375,3416.60009765625,138229,valid,,87.24530029296875,96110.57,2026-10-03T13:44:11.057201+00:00
2025-08-05,3434.699951171875,3434.699951171875,3444.89990234375,3403.300048828125,3428.89990234375,154163,valid,,87.89330291748047,97058.96,2026-10-03T13:44:11.057201+00:00
2025-08-06,3433.39990234375,3433.39990234375,3440.5,3411.699951171875,3434.89990234375,151580,valid,,87.72309875488281,96834.34,2026-10-03T13:44:11.057201+00:00
2025-08-07,3453.699951171875,3453.699951171875,3483.800048828125,3430.0,3431.800048828125,249091,valid,,87.76249694824219,97450.63,2026-10-03T13:44:11.057201+00:00
2025-08-08,3491.300048828125,3491.300048828125,3534.10009765625,3445.0,3487.89990234375,321346,valid,,87.43319702148438,98141.93,2026-10-03T13:44:11.057201+00:00
2025-08-11,3404.699951171875,3404.699951171875,3466.300048828125,3393.0,3458.10009765625,224513,valid,,87.48829650878906,95767.88,2026-10-03T13:44:11.057201+00:00
2025-08-12,3399.0,3399.0,3410.800048828125,3379.10009765625,3393.60009765625,193820,valid,,87.66449737548828,95800.1,2026-10-03T13:44:11.057201+00:00
2025-08-13,3408.300048828125,3408.300048828125,3422.60009765625,3392.699951171875,3399.60009765625,135846,valid,,87.59559631347656,95986.72,2026-10-03T13:44:11.057201+00:00
2025-08-14,3383.199951171875,3383.199951171875,3423.800048828125,3375.5,3407.199951171875,165697,valid,,87.44999694824219,95121.46,2026-10-03T13:44:11.057201+00:00
2025-08-15,3382.60009765625,3382.60009765625,3394.800048828125,3377.699951171875,3383.199951171875,118486,valid,,87.69180297851562,95367.57,2026-10-03T13:44:11.057201+00:00
2025-08-18,3378.0,3378.0,3403.60009765625,3368.0,3382.39990234375,119141,valid,,87.51280212402344,95043.47,2026-10-03T13:44:11.057201+00:00
2025-08-19,3358.699951171875,3358.699951171875,3389.699951171875,3358.10009765625,3378.300048828125,133497,valid,,87.29509735107422,94265.36,2026-10-03T13:44:11.057201+00:00
2025-08-20,3388.5,3388.5,3394.300048828125,3353.39990234375,3359.0,135521,valid,,87.0791015625,94866.42,2026-10-03T13:44:11.057201+00:00
2025-08-21,3381.60009765625,3381.60009765625,3394.39990234375,3367.39990234375,3392.199951171875,123500,valid,,87.01820373535156,94607.03,2026-10-03T13:44:11.057201+00:00
2025-08-22,3418.5,3418.5,3423.39990234375,3362.800048828125,3383.300048828125,186037,valid,,87.29340362548828,95941.85,2026-10-03T13:44:11.057201+00:00
2025-08-25,3417.5,3417.5,3421.5,3405.5,3417.60009765625,97780,valid,,87.3301010131836,95954.1,2026-10-03T13:44:11.057201+00:00
2025-08-26,3433.0,3433.0,3443.300048828125,3396.10009765625,3410.800048828125,176297,valid,,87.60859680175781,96696.69,2026-10-03T13:44:11.057201+00:00
2025-08-27,3448.60009765625,3448.60009765625,3452.5,3422.199951171875,3443.0,153806,valid,,87.60070037841797,97127.34,2026-10-03T13:44:11.057201+00:00
2025-08-28,3474.300048828125,3474.300048828125,3478.699951171875,3442.5,3452.60009765625,156602,valid,,87.65910339355469,97916.39,2026-10-03T13:44:11.057201+00:00
2025-08-29,3516.10009765625,3516.10009765625,3518.5,3463.0,3477.199951171875,0,valid,,87.5916976928711,99018.25,2026-10-03T13:44:11.057201+00:00
2025-09-02,3592.199951171875,3592.199951171875,3602.39990234375,3506.0,3517.89990234375,374141,valid,,88.00140380859375,101634.5,2026-10-03T13:44:11.057201+00:00
2025-09-03,3635.5,3635.5,3640.10009765625,3592.39990234375,3600.0,220786,valid,,87.99829864501953,102855.97,2026-10-03T13:44:11.057201+00:00
2025-09-04,3606.699951171875,3606.699951171875,3621.60009765625,3573.699951171875,3619.800048828125,232579,valid,,88.072998046875,102127.77,2026-10-03T13:44:11.057201+00:00
2025-09-05,3653.300048828125,3653.300048828125,3655.5,3595.39990234375,3602.0,237651,valid,,88.19290161132812,103588.14,2026-10-03T13:44:11.057201+00:00
2025-09-08,3677.39990234375,3677.39990234375,3685.699951171875,3621.699951171875,3635.0,227640,valid,,88.1863021850586,104263.68,2026-10-03T13:44:11.057201+00:00
2025-09-09,3682.199951171875,3682.199951171875,3715.199951171875,3663.699951171875,3676.60009765625,262656,valid,,87.98049926757812,104156.13,2026-10-03T13:44:11.057201+00:00
2025-09-10,3682.0,3682.0,3697.5,3651.39990234375,3662.0,182028,valid,,88.21829986572266,104431.98,2026-10-03T13:44:11.057201+00:00
2025-09-11,3673.60009765625,3673.60009765625,3687.5,3651.0,3680.60009765625,214612,valid,,88.05339813232422,103998.98,2026-10-03T13:44:11.057201+00:00
2025-09-12,3686.39990234375,3686.39990234375,3695.5,3667.300048828125,3672.800048828125,154559,valid,,88.2676010131836,104615.21,2026-10-03T13:44:11.057201+00:00
2025-09-15,3719.0,3719.0,3724.89990234375,3662.800048828125,3680.199951171875,189452,valid,,88.27729797363281,105551.95,2026-10-03T13:44:11.057201+00:00
2025-09-16,3725.10009765625,3725.10009765625,3739.89990234375,3711.800048828125,3720.300048828125,192295,valid,,88.12349700927734,105540.89,2026-10-03T13:44:11.057201+00:00
2025-09-17,3717.800048828125,3717.800048828125,3744.0,3679.5,3727.300048828125,256047,valid,,87.88459777832031,105048.5,2026-10-03T13:44:11.057201+00:00
2025-09-18,3678.300048828125,3678.300048828125,3707.300048828125,3660.5,3692.5,224128,valid,,87.91069793701172,103963.27,2026-10-03T13:44:11.057201+00:00
2025-09-19,3705.800048828125,3705.800048828125,3719.60009765625,3664.39990234375,3677.699951171875,186954,valid,,88.20690155029297,105093.44,2026-10-03T13:44:11.057201+00:00
2025-09-22,3775.10009765625,3775.10009765625,3783.300048828125,3718.10009765625,3721.300048828125,219170,valid,,88.09919738769531,106928.01,2026-10-03T13:44:11.057201+00:00
2025-09-23,3815.699951171875,3815.699951171875,3824.60009765625,3772.39990234375,3781.199951171875,291564,valid,,88.30439758300781,108329.72,2026-10-03T13:44:11.057201+00:00
2025-09-24,3768.10009765625,3768.10009765625,3812.60009765625,3749.699951171875,3796.89990234375,236560,valid,,88.80799865722656,107588.43,2026-10-03T13:44:11.057201+00:00
2025-09-25,3771.10009765625,3771.10009765625,3792.300048828125,3751.89990234375,3768.300048828125,262183,valid,,88.77860260009766,107638.45,2026-10-03T13:44:11.057201+00:00
2025-09-26,3809.0,3809.0,3814.39990234375,3764.0,3781.5,214083,valid,,88.77310180664062,108713.49,2026-10-03T13:44:11.057201+00:00
2025-09-29,3855.199951171875,3855.199951171875,3863.699951171875,3785.5,3788.800048828125,258145,valid,,88.67680358886719,109912.73,2026-10-03T13:44:11.057201+00:00
2025-09-30,3873.199951171875,3873.199951171875,3899.199951171875,3820.60009765625,3863.10009765625,312257,valid,,88.70449829101562,110460.4,2026-10-03T13:44:11.057201+00:00
2025-10-01,3897.5,3897.5,3922.699951171875,3880.300048828125,3887.699951171875,290470,valid,,88.8406982421875,111324.09,2026-10-03T13:44:11.057201+00:00
2025-10-02,3868.10009765625,3868.10009765625,3923.300048828125,3842.800048828125,3892.699951171875,284217,valid,,88.68299865722656,110288.22,2026-10-03T13:44:11.057201+00:00
2025-10-03,3908.89990234375,3908.89990234375,3916.800048828125,3861.10009765625,3880.39990234375,218284,valid,,88.72019958496094,111498.27,2026-10-03T13:44:11.057201+00:00
2025-10-06,3976.300048828125,3976.300048828125,3994.5,3909.199951171875,3913.5,278143,valid,,88.73509979248047,113439.85,2026-10-03T13:44:11.057201+00:00
2025-10-07,4004.39990234375,4004.39990234375,4014.60009765625,3963.39990234375,3983.0,297512,valid,,88.72109985351562,114223.49,2026-10-03T13:44:11.057201+00:00
2025-10-08,4070.5,4070.5,4081.0,4005.60009765625,4007.10009765625,348778,valid,,88.74259948730469,116137.1,2026-10-03T13:44:11.057201+00:00
2025-10-09,3972.60009765625,3972.60009765625,4077.89990234375,3957.89990234375,4061.800048828125,461023,valid,,88.7771987915039,113388.07,2026-10-03T13:44:11.057201+00:00
2025-10-10,4000.39990234375,4000.39990234375,4038.60009765625,3961.199951171875,3990.10009765625,357542,valid,,88.86540222167969,114294.99,2026-10-03T13:44:11.057201+00:00
2025-10-13,4133.0,4133.0,4137.2001953125,4011.300048828125,4018.300048828125,357542,valid,,88.7573013305664,117939.85,2026-10-03T13:44:11.057201+00:00
2025-10-14,4163.39990234375,4163.39990234375,4190.89990234375,4105.0,4130.89990234375,405991,valid,,88.66510009765625,118683.92,2026-10-03T13:44:11.057201+00:00
2025-10-15,4201.60009765625,4201.60009765625,4235.7998046875,4157.2998046875,4160.10009765625,309914,valid,,88.78250122070312,119931.47,2026-10-03T13:44:11.057201+00:00
2025-10-16,4304.60009765625,4304.60009765625,4346.7001953125,4214.5,4225.10009765625,375196,valid,,87.80950164794922,121524.93,2026-10-03T13:44:11.057201+00:00
2025-10-17,4213.2998046875,4213.2998046875,4392.0,4196.0,4348.10009765625,569847,valid,,87.9906997680664,119192.85,2026-10-03T13:44:11.057201+00:00
2025-10-20,4359.39990234375,4359.39990234375,4398.0,4229.7001953125,4269.0,338235,valid,,88.0022964477539,123342.22,2026-10-03T13:44:11.057201+00:00
2025-10-21,4109.10009765625,4109.10009765625,4393.60009765625,4093.0,4371.0,535325,valid,,87.87999725341797,116098.82,2026-10-03T13:44:11.057201+00:00
2025-10-22,4065.39990234375,4065.39990234375,4175.0,4021.199951171875,4137.0,468711,valid,,88.00160217285156,115023.06,2026-10-03T13:44:11.057201+00:00
2025-10-23,4145.60009765625,4145.60009765625,4171.5,4079.60009765625,4114.7998046875,271973,valid,,87.74030303955078,116943.91,2026-10-03T13:44:11.057201+00:00
2025-10-24,4137.7998046875,4137.7998046875,4159.0,4055.699951171875,4144.0,297599,valid,,87.77899932861328,116775.35,2026-10-03T13:44:11.057201+00:00
2025-10-27,4019.699951171875,4019.699951171875,4123.7998046875,3985.89990234375,4103.2001953125,330749,valid,,87.8290023803711,113507.0,2026-10-03T13:44:11.057201+00:00
2025-10-28,3983.10009765625,3983.10009765625,4034.199951171875,3901.300048828125,3999.89990234375,338428,valid,,88.22209930419922,112976.9,2026-10-03T13:44:11.057201+00:00
2025-10-29,4000.699951171875,4000.699951171875,4046.199951171875,3930.0,3967.199951171875,288266,valid,,88.22550201416016,113480.48,2026-10-03T13:44:11.057201+00:00
2025-10-30,4015.89990234375,4015.89990234375,4041.5,3925.10009765625,3942.800048828125,246321,valid,,88.34559631347656,114066.69,2026-10-03T13:44:11.057201+00:00
2025-10-31,3996.5,3996.5,4059.89990234375,3982.300048828125,4038.199951171875,237172,valid,,88.6344985961914,113886.87,2026-10-03T13:44:11.057201+00:00
2025-11-03,4014.0,4014.0,4043.10009765625,3971.300048828125,4001.0,0,valid,,88.77539825439453,114567.4,2026-10-03T13:44:11.057201+00:00
2025-11-04,3960.5,3960.5,4018.0,3937.10009765625,4013.699951171875,250259,valid,,88.72339630126953,112974.19,2026-10-03T13:44:11.057201+00:00
2025-11-05,3992.89990234375,3992.89990234375,4000.699951171875,3935.699951171875,3939.5,175161,valid,,88.73200225830078,113909.45,2026-10-03T13:44:11.057201+00:00
2025-11-06,3991.0,3991.0,4028.699951171875,3973.199951171875,3992.39990234375,188688,valid,,88.55690002441406,113630.57,2026-10-03T13:44:11.057201+00:00
2025-11-07,4009.800048828125,4009.800048828125,4035.800048828125,3981.60009765625,3986.89990234375,208649,valid,,88.6729965209961,114315.51,2026-10-03T13:44:11.057201+00:00
2025-11-10,4122.0,4122.0,4124.0,4004.199951171875,4007.199951171875,253812,valid,,88.65799713134766,117494.35,2026-10-03T13:44:11.057201+00:00
2025-11-11,4116.2998046875,4116.2998046875,4155.0,4102.7998046875,4124.0,252249,valid,,88.70709991455078,117396.85,2026-10-03T13:44:11.057201+00:00
2025-11-12,4213.60009765625,4213.60009765625,4218.5,4104.39990234375,4132.2001953125,296796,valid,,88.46649932861328,119845.91,2026-10-03T13:44:11.057201+00:00
2025-11-13,4194.5,4194.5,4250.0,4148.5,4202.39990234375,319216,valid,,88.59400177001953,119474.6,2026-10-03T13:44:11.057201+00:00
2025-11-14,4094.199951171875,4094.199951171875,4215.10009765625,4032.60009765625,4174.89990234375,342176,valid,,88.81610107421875,116910.04,2026-10-03T13:44:11.057201+00:00
2025-11-17,4074.5,4074.5,4107.60009765625,4006.800048828125,4084.39990234375,235352,valid,,88.68199920654297,116171.84,2026-10-03T13:44:11.057201+00:00
2025-11-18,4066.5,4066.5,4083.699951171875,3997.39990234375,4045.60009765625,233302,valid,,88.63590240478516,115883.47,2026-10-03T13:44:11.057201+00:00
2025-11-19,4082.800048828125,4082.800048828125,4134.2998046875,4055.60009765625,4067.800048828125,233696,valid,,88.55680084228516,116244.15,2026-10-03T13:44:11.057201+00:00
2025-11-20,4060.0,4060.0,4109.60009765625,4034.0,4079.89990234375,272355,valid,,88.48719787597656,115504.14,2026-10-03T13:44:11.057201+00:00
2025-11-21,4079.5,4079.5,4101.0,4018.10009765625,4074.89990234375,257813,valid,,88.69219970703125,116327.78,2026-10-03T13:44:11.057201+00:00
2025-11-24,4094.199951171875,4094.199951171875,4138.2001953125,4036.39990234375,4069.199951171875,223055,valid,,89.63400268554688,117986.66,2026-10-03T13:44:11.057201+00:00
2025-11-25,4140.0,4140.0,4156.2998046875,4106.7001953125,4133.5,132704,valid,,89.14779663085938,118659.36,2026-10-03T13:44:11.057201+00:00
2025-11-26,4165.2001953125,4165.2001953125,4171.0,4127.5,4128.60009765625,25088,valid,,89.15059661865234,119385.39,2026-10-03T13:44:11.057201+00:00
2025-11-28,4254.89990234375,4254.89990234375,4263.10009765625,4174.60009765625,4198.60009765625,154806,valid,,89.36479949951172,122249.44,2026-10-03T13:44:11.057201+00:00
2025-12-01,4274.7998046875,4274.7998046875,4299.60009765625,4241.10009765625,4258.5,227572,valid,,89.3499984741211,122800.86,2026-10-03T13:44:11.057201+00:00
2025-12-02,4220.7998046875,4220.7998046875,4269.2001953125,4194.0,4265.2998046875,215921,valid,,89.61270141601562,121606.11,2026-10-03T13:44:11.057201+00:00
2025-12-03,4232.5,4232.5,4273.2998046875,4225.10009765625,4241.60009765625,176443,valid,,89.91719818115234,122357.56,2026-10-03T13:44:11.057201+00:00
2025-12-04,4243.0,4243.0,4251.10009765625,4203.2998046875,4234.5,161251,valid,,90.17050170898438,123006.65,2026-10-03T13:44:11.057201+00:00
2025-12-05,4243.0,4243.0,4290.5,4221.39990234375,4239.5,193599,valid,,89.8364028930664,122550.88,2026-10-03T13:44:11.057201+00:00
2025-12-08,4217.7001953125,4217.7001953125,4247.89990234375,4204.0,4228.10009765625,149813,valid,,89.93800354003906,121957.92,2026-10-03T13:44:11.057201+00:00
2025-12-09,4236.2001953125,4236.2001953125,4251.7001953125,4197.7998046875,4219.60009765625,177366,valid,,90.12999725341797,122754.35,2026-10-03T13:44:11.057201+00:00
2025-12-10,4224.7001953125,4224.7001953125,4268.7998046875,4207.7998046875,4237.5,186178,valid,,89.91690063476562,122131.67,2026-10-03T13:44:11.057201+00:00
2025-12-11,4313.0,4313.0,4317.2998046875,4231.2001953125,4258.2998046875,228282,valid,,89.79299926757812,124512.51,2026-10-03T13:44:11.057201+00:00
2025-12-12,4328.2998046875,4328.2998046875,4387.7998046875,4286.0,4309.10009765625,292175,valid,,90.25299835205078,125594.33,2026-10-03T13:44:11.057201+00:00
2025-12-15,4335.2001953125,4335.2001953125,4384.2998046875,4315.89990234375,4330.0,207700,valid,,90.5770034790039,126246.16,2026-10-03T13:44:11.057201+00:00
2025-12-16,4332.2998046875,4332.2998046875,4367.89990234375,4297.39990234375,4334.2998046875,212277,valid,,90.77690124511719,126440.13,2026-10-03T13:44:11.057201+00:00
2025-12-17,4373.89990234375,4373.89990234375,4383.60009765625,4330.7001953125,4333.5,212413,valid,,90.94889831542969,127896.11,2026-10-03T13:44:11.057201+00:00
2025-12-18,4364.5,4364.5,4409.5,4338.0,4371.5,234460,valid,,90.4136962890625,126870.25,2026-10-03T13:44:11.057201+00:00
2025-12-19,4387.2998046875,4387.2998046875,4389.0,4336.2998046875,4363.60009765625,165214,valid,,90.25579833984375,127310.28,2026-10-03T13:44:11.057201+00:00
2025-12-22,4469.39990234375,4469.39990234375,4484.5,4367.89990234375,4369.89990234375,203043,valid,,89.56999969482422,128707.2,2026-10-03T13:44:11.057201+00:00
2025-12-23,4505.7001953125,4505.7001953125,4530.7998046875,4457.7001953125,4481.7998046875,248418,valid,,89.60389709472656,129801.66,2026-10-03T13:44:11.057201+00:00
2025-12-24,4502.7998046875,4502.7998046875,4555.10009765625,4474.2998046875,4516.7001953125,151576,valid,,89.50789642333984,129579.13,2026-10-03T13:44:11.057201+00:00
2025-12-26,4552.7001953125,4552.7001953125,4584.0,4518.0,4523.5,181246,valid,,90.10590362548828,131890.45,2026-10-03T13:44:11.057201+00:00
2025-12-29,4343.60009765625,4343.60009765625,4581.2998046875,4316.0,4568.0,316961,valid,,89.82929992675781,125446.6,2026-10-03T13:44:11.057201+00:00
2025-12-30,4386.2998046875,4386.2998046875,4420.5,4338.7998046875,4350.2998046875,189751,valid,,89.9000015258789,126779.51,2026-10-03T13:44:11.057201+00:00
2025-12-31,4341.10009765625,4341.10009765625,4384.89990234375,4284.2998046875,4353.0,161782,valid,,89.76940155029297,125290.8,2026-10-03T13:44:11.057201+00:00
2026-01-02,4329.60009765625,4329.60009765625,4414.7998046875,4319.7001953125,4340.0,154807,valid,,89.96189880371094,125226.85,2026-10-03T13:44:11.057201+00:00
2026-01-05,4451.5,4451.5,4467.60009765625,4354.60009765625,4368.2998046875,211711,valid,,90.00700378417969,128817.17,2026-10-03T13:44:11.057201+00:00
2026-01-06,4496.10009765625,4496.10009765625,4508.2998046875,4437.89990234375,4459.7998046875,176584,valid,,90.23300170898438,130434.49,2026-10-03T13:44:11.057201+00:00
2026-01-07,4462.5,4462.5,4512.39990234375,4432.89990234375,4505.39990234375,202783,valid,,90.16609954833984,129363.74,2026-10-03T13:44:11.057201+00:00
2026-01-08,4460.7001953125,4460.7001953125,4489.2998046875,4415.0,4467.10009765625,208958,valid,,89.8644027709961,128878.89,2026-10-03T13:44:11.057201+00:00
2026-01-09,4500.89990234375,4500.89990234375,4527.0,4461.7998046875,4489.2998046875,217946,valid,,89.90540313720703,130099.67,2026-10-03T13:44:11.057201+00:00
2026-01-12,4614.7001953125,4614.7001953125,4640.5,4520.7998046875,4529.10009765625,307991,valid,,90.23600006103516,133879.59,2026-10-03T13:44:11.057201+00:00
2026-01-13,4599.10009765625,4599.10009765625,4644.0,4576.7001953125,4610.0,267451,valid,,90.13269805908203,133274.26,2026-10-03T13:44:11.057201+00:00
2026-01-14,4635.7001953125,4635.7001953125,4650.5,4594.2998046875,4594.2998046875,306299,valid,,90.27300262451172,134543.99,2026-10-03T13:44:11.057201+00:00
2026-01-15,4623.7001953125,4623.7001953125,4637.2001953125,4584.0,4635.7001953125,226481,valid,,90.18319702148438,134062.2,2026-10-03T13:44:11.057201+00:00
2026-01-16,4595.39990234375,4595.39990234375,4625.5,4539.10009765625,4621.60009765625,246155,valid,,90.36160278320312,133505.24,2026-10-03T13:44:11.057201+00:00
2026-01-20,4765.7998046875,4765.7998046875,4771.5,4622.2001953125,4633.7001953125,414495,valid,,90.90450286865234,139287.54,2026-10-03T13:44:11.057201+00:00
2026-01-21,4837.5,4837.5,4891.10009765625,4757.10009765625,4767.5,400518,valid,,91.11840057373047,141715.75,2026-10-03T13:44:11.057201+00:00
2026-01-22,4913.39990234375,4913.39990234375,4944.2998046875,4772.7001953125,4836.2001953125,265088,valid,,91.53690338134766,144600.37,2026-10-03T13:44:11.057201+00:00
2026-01-23,4979.7001953125,4979.7001953125,4991.39990234375,4901.2001953125,4940.0,276594,valid,,91.55829620361328,146585.82,2026-10-03T13:44:11.057201+00:00
2026-01-26,5082.5,5082.5,5107.89990234375,4983.60009765625,5013.39990234375,433111,valid,,91.5009994506836,149518.28,2026-10-03T13:44:11.057201+00:00
2026-01-27,5082.60009765625,5082.60009765625,5190.7998046875,5004.5,5005.5,325759,valid,,91.71309661865234,149867.81,2026-10-03T13:44:11.057201+00:00
2026-01-28,5303.60009765625,5303.60009765625,5415.2001953125,5154.7998046875,5179.0,112054,valid,,91.5343017578125,156079.44,2026-10-03T13:44:11.057201+00:00
2026-01-29,5318.39990234375,5318.39990234375,5586.2001953125,5097.5,5415.7001953125,570055,valid,,92.04080200195312,157381.05,2026-10-03T13:44:11.057201+00:00
2026-01-30,4745.10009765625,4745.10009765625,5480.2001953125,4700.39990234375,5410.0,508003,valid,,91.78189849853516,140021.1,2026-10-03T13:44:11.057201+00:00
2026-02-02,4652.60009765625,4652.60009765625,4905.60009765625,4423.2001953125,4816.0,385977,valid,,91.68699645996094,137149.6,2026-10-03T13:44:11.057201+00:00
2026-02-03,4935.0,4935.0,5018.10009765625,4690.2001953125,4691.0,260114,valid,,90.24559783935547,143187.22,2026-10-03T13:44:11.057201+00:00
2026-02-04,4950.7998046875,4950.7998046875,5113.89990234375,4867.7001953125,4966.10009765625,245957,valid,,90.42289733886719,143927.85,2026-10-03T13:44:11.057201+00:00
2026-02-05,4889.5,4889.5,5045.0,4779.60009765625,4986.60009765625,234592,valid,,90.125,141677.47,2026-10-03T13:44:11.057201+00:00
2026-02-06,4979.7998046875,4979.7998046875,4995.60009765625,4670.0,4800.0,177809,valid,,90.3147964477539,144597.86,2026-10-03T13:44:11.057201+00:00
2026-02-09,5079.39990234375,5079.39990234375,5111.10009765625,4988.60009765625,5003.60009765625,124150,valid,,90.58799743652344,147936.09,2026-10-03T13:44:11.057201+00:00
2026-02-10,5031.0,5031.0,5102.7001953125,5011.0,5084.2998046875,105658,valid,,90.82279968261719,146906.25,2026-10-03T13:44:11.057201+00:00
2026-02-11,5098.5,5098.5,5144.5,5036.2998046875,5048.0,129968,valid,,90.58789825439453,148492.21,2026-10-03T13:44:11.057201+00:00
2026-02-12,4948.39990234375,4948.39990234375,5122.7998046875,4900.0,5107.2998046875,161618,valid,,90.73570251464844,144355.74,2026-10-03T13:44:11.057201+00:00
2026-02-13,5046.2998046875,5046.2998046875,5069.10009765625,4907.10009765625,4950.0,123016,valid,,90.56410217285156,146933.29,2026-10-03T13:44:11.057201+00:00
2026-02-17,4905.89990234375,4905.89990234375,5074.39990234375,4854.2001953125,5050.0,166706,valid,,90.78299713134766,143190.52,2026-10-03T13:44:11.057201+00:00
2026-02-18,5009.5,5009.5,5031.89990234375,4868.5,4898.5,98203,valid,,90.6261978149414,145961.8,2026-10-03T13:44:11.057201+00:00
2026-02-19,4997.39990234375,4997.39990234375,5042.7998046875,4971.5,4993.7001953125,87026,valid,,90.79350280761719,145878.05,2026-10-03T13:44:11.057201+00:00
2026-02-20,5080.89990234375,5080.89990234375,5131.0,4999.2998046875,5015.0,136737,valid,,91.04109954833984,148719.94,2026-10-03T13:44:11.057201+00:00
2026-02-23,5225.60009765625,5225.60009765625,5257.2998046875,5120.39990234375,5128.7998046875,140957,valid,,90.72660064697266,152426.99,2026-10-03T13:44:11.057201+00:00
2026-02-24,5176.2998046875,5176.2998046875,5269.39990234375,5109.5,5247.5,145961,valid,,91.02010345458984,151477.39,2026-10-03T13:44:11.057201+00:00
2026-02-25,5226.2001953125,5226.2001953125,5237.2998046875,5135.89990234375,5160.0,110992,valid,,90.91799926757812,152766.09,2026-10-03T13:44:11.057201+00:00
2026-02-26,5194.2001953125,5194.2001953125,5221.89990234375,5144.7998046875,5175.2998046875,131633,valid,,90.95099639892578,151885.81,2026-10-03T13:44:11.057201+00:00
2026-02-27,5247.89990234375,5247.89990234375,5299.0,5182.89990234375,5201.89990234375,151664,valid,,91.00740051269531,153551.24,2026-10-03T13:44:11.057201+00:00
2026-03-02,5311.60009765625,5311.60009765625,5434.10009765625,5272.89990234375,5360.0,227839,valid,,91.07959747314453,155538.37,2026-10-03T13:44:11.057201+00:00
2026-03-03,5123.7001953125,5123.7001953125,5394.2001953125,5005.0,5335.7001953125,273216,valid,,91.56340026855469,150833.11,2026-10-03T13:44:11.057201+00:00
2026-03-04,5134.7001953125,5134.7001953125,5218.2998046875,5092.7998046875,5110.0,146885,valid,,92.00859832763672,151891.88,2026-10-03T13:44:11.057201+00:00
2026-03-05,5078.7001953125,5078.7001953125,5204.2998046875,5058.89990234375,5155.7001953125,151852,valid,,92.12300109863281,150422.12,2026-10-03T13:44:11.057201+00:00
2026-03-06,5158.7001953125,5158.7001953125,5185.0,5071.0,5099.7001953125,160268,valid,,91.78690338134766,152234.14,2026-10-03T13:44:11.057201+00:00
