date,gold_usd,silver_usd,usdinr,gold_inr_10g,silver_inr_kg,conversion_duty_pct,conversion_timestamp
2025-03-31,3122.800048828125,34.457000732421875,85.53880310058594,91034.14,100447.14,0.06,2026-09-11T13:45:21.993591+00:00
2025-04-01,3118.89990234375,34.15800094604492,85.46810150146484,90845.29,99493.21,0.06,2026-09-11T13:45:21.993591+00:00
2025-04-02,3139.89990234375,34.499000549316406,85.61009979248047,91608.91,100653.4,0.06,2026-09-11T13:45:21.993591+00:00
2025-04-03,3097.0,31.8439998626709,85.65119934082031,90400.66,92951.84,0.06,2026-09-11T13:45:21.993591+00:00
2025-04-04,3012.0,29.115999221801758,85.28289794921875,87541.47,84623.42,0.06,2026-09-11T13:45:21.993591+00:00
2025-04-07,2951.300048828125,29.510000228881836,85.529296875,86025.1,86016.36,0.06,2026-09-11T13:45:21.993591+00:00
2025-04-08,2968.39990234375,29.591999053955078,86.0270004272461,87027.02,86757.3,0.06,2026-09-11T13:45:21.993591+00:00
2025-04-09,3056.5,30.322999954223633,86.435302734375,90035.23,89322.37,0.06,2026-09-11T13:45:21.993591+00:00
2025-04-10,3155.199951171875,30.67099952697754,86.20929718017578,92699.61,90111.24,0.06,2026-09-11T13:45:21.993591+00:00
2025-04-11,3222.199951171875,31.823999404907227,86.2603988647461,94724.18,93554.17,0.06,2026-09-11T13:45:21.993591+00:00
2025-04-14,3204.800048828125,32.09199905395508,86.19300079345703,94139.06,94268.31,0.06,2026-09-11T13:45:21.993591+00:00
2025-04-15,3218.699951171875,32.22700119018555,86.0447998046875,94384.8,94502.1,0.06,2026-09-11T13:45:21.993591+00:00
2025-04-16,3326.60009765625,32.92599868774414,85.72669982910156,97188.22,96194.89,0.06,2026-09-11T13:45:21.993591+00:00
2025-04-17,3308.699951171875,32.41999816894531,85.62049865722656,96545.51,94599.24,0.06,2026-09-11T13:45:21.993591+00:00
2025-04-22,3400.800048828125,32.880001068115234,85.15889739990234,98697.93,95424.26,0.06,2026-09-11T13:45:21.993591+00:00
2025-04-23,3276.300048828125,33.518001556396484,85.2323989868164,95166.77,97359.82,0.06,2026-09-11T13:45:21.993591+00:00
2025-04-24,3332.0,33.481998443603516,85.4999008178711,97088.44,97560.48,0.06,2026-09-11T13:45:21.993591+00:00
2025-04-25,3282.39990234375,32.98899841308594,85.2573013305664,95371.8,95851.22,0.06,2026-09-11T13:45:21.993591+00:00
2025-04-28,3332.5,32.9900016784668,85.38490295410156,96972.41,95997.6,0.06,2026-09-11T13:45:21.993591+00:00
2025-04-29,3318.800048828125,33.275001525878906,85.1603012084961,96319.72,96572.22,0.06,2026-09-11T13:45:21.993591+00:00
2025-04-30,3305.0,32.53099822998047,85.1707992553711,95931.03,94424.58,0.06,2026-09-11T13:45:21.993591+00:00
2025-05-01,3210.0,32.18899917602539,84.53119659423828,92473.86,92730.25,0.06,2026-09-11T13:45:21.993591+00:00
2025-05-02,3231.89990234375,31.98900032043457,84.69670104980469,93287.04,92334.52,0.06,2026-09-11T13:45:21.993591+00:00
2025-05-05,3311.300048828125,32.20500183105469,84.52629852294922,95386.59,92770.97,0.06,2026-09-11T13:45:21.993591+00:00
2025-05-06,3411.39990234375,33.112998962402344,84.2208023071289,97914.93,95041.84,0.06,2026-09-11T13:45:21.993591+00:00
2025-05-07,3381.39990234375,32.53099822998047,84.79319763183594,97713.48,94005.95,0.06,2026-09-11T13:45:21.993591+00:00
2025-05-08,3296.60009765625,32.37799835205078,84.81719970703125,95289.96,93590.3,0.06,2026-09-11T13:45:21.993591+00:00
2025-05-09,3335.39990234375,32.67599868774414,86.08219909667969,97849.41,95860.38,0.06,2026-09-11T13:45:21.993591+00:00
2025-05-12,3220.0,32.38800048828125,85.4083023071289,93724.45,94271.66,0.06,2026-09-11T13:45:21.993591+00:00
2025-05-13,3240.300048828125,32.86800003051758,84.9656982421875,93826.56,95173.02,0.06,2026-09-11T13:45:21.993591+00:00
2025-05-14,3181.39990234375,32.22600173950195,85.060302734375,92223.61,93417.94,0.06,2026-09-11T13:45:21.993591+00:00
2025-05-15,3220.699951171875,32.48099899291992,85.48760223388672,93831.86,94630.13,0.06,2026-09-11T13:45:21.993591+00:00
2025-05-16,3182.0,32.15800094604492,85.44490051269531,92658.07,93642.31,0.06,2026-09-11T13:45:21.993591+00:00
2025-05-19,3228.89990234375,32.3129997253418,85.50029754638672,94084.73,94154.66,0.06,2026-09-11T13:45:21.993591+00:00
2025-05-20,3280.300048828125,32.97999954223633,85.37210083007812,95439.13,95954.1,0.06,2026-09-11T13:45:21.993591+00:00
2025-05-21,3309.300048828125,33.4630012512207,85.53610229492188,96467.83,97546.41,0.06,2026-09-11T13:45:21.993591+00:00
2025-05-22,3292.300048828125,33.047000885009766,85.60030364990234,96044.31,96406.05,0.06,2026-09-11T13:45:21.993591+00:00
2025-05-23,3363.60009765625,33.44200134277344,85.97489929199219,98553.71,97985.29,0.06,2026-09-11T13:45:21.993591+00:00
2025-05-27,3299.10009765625,33.145999908447266,85.158203125,95745.62,96195.45,0.06,2026-09-11T13:45:21.993591+00:00
2025-05-28,3293.60009765625,33.0,85.3604965209961,95813.06,95999.24,0.06,2026-09-11T13:45:21.993591+00:00
2025-05-29,3317.10009765625,33.28300094604492,85.38590240478516,96525.41,96851.33,0.06,2026-09-11T13:45:21.993591+00:00
2025-05-30,3288.89990234375,32.891998291015625,85.36129760742188,95677.23,95685.95,0.06,2026-09-11T13:45:21.993591+00:00
2025-06-02,3370.60009765625,34.5629997253418,85.52429962158203,98241.21,100739.06,0.06,2026-09-11T13:45:21.993591+00:00
2025-06-03,3350.199951171875,34.50299835205078,85.36370086669922,97463.25,100375.33,0.06,2026-09-11T13:45:21.993591+00:00
2025-06-04,3373.5,34.51900100708008,85.70880126953125,98537.85,100827.86,0.06,2026-09-11T13:45:21.993591+00:00
2025-06-05,3350.699951171875,35.68899917602539,85.9041976928711,98095.0,104483.01,0.06,2026-09-11T13:45:21.993591+00:00
2025-06-06,3322.699951171875,36.025001525878906,85.87750244140625,97245.04,105433.92,0.06,2026-09-11T13:45:21.993591+00:00
2025-06-09,3332.10009765625,36.6879997253418,85.7853012084961,97415.45,107259.02,0.06,2026-09-11T13:45:21.993591+00:00
2025-06-10,3320.89990234375,36.54199981689453,85.75599670410156,97054.84,106795.69,0.06,2026-09-11T13:45:21.993591+00:00
2025-06-11,3321.300048828125,36.16600036621094,85.65280151367188,96949.73,105569.63,0.06,2026-09-11T13:45:21.993591+00:00
2025-06-12,3380.89990234375,36.2130012512207,85.46980285644531,98478.62,105480.98,0.06,2026-09-11T13:45:21.993591+00:00
2025-06-13,3431.199951171875,36.28099822998047,85.68840026855469,100199.37,105949.32,0.06,2026-09-11T13:45:21.993591+00:00
2025-06-16,3396.39990234375,36.37900161743164,86.24919891357422,99832.24,106930.79,0.06,2026-09-11T13:45:21.993591+00:00
2025-06-17,3386.60009765625,37.09000015258789,86.10420227050781,99376.84,108837.39,0.06,2026-09-11T13:45:21.993591+00:00
2025-06-18,3389.800048828125,36.86600112915039,86.36270141601562,99769.37,108504.86,0.06,2026-09-11T13:45:21.993591+00:00
2025-06-20,3368.10009765625,35.97600173950195,86.58380126953125,99384.48,106156.47,0.06,2026-09-11T13:45:21.993591+00:00
2025-06-23,3377.699951171875,36.15299987792969,86.5802993774414,99663.72,106674.43,0.06,2026-09-11T13:45:21.993591+00:00
2025-06-24,3317.39990234375,35.70100021362305,86.23300170898438,97491.84,104918.2,0.06,2026-09-11T13:45:21.993591+00:00
2025-06-25,3327.10009765625,36.084999084472656,85.90480041503906,97404.77,105643.08,0.06,2026-09-11T13:45:21.993591+00:00
2025-06-26,3333.5,36.58599853515625,86.006103515625,97707.22,107236.13,0.06,2026-09-11T13:45:21.993591+00:00
2025-06-27,3273.699951171875,36.0369987487793,85.66639709472656,95575.44,105209.76,0.06,2026-09-11T13:45:21.993591+00:00
2025-06-30,3294.39990234375,35.85200119018555,85.4552993774414,95942.77,104411.74,0.06,2026-09-11T13:45:21.993591+00:00
2025-07-01,3336.699951171875,36.082000732421875,85.71399688720703,97468.85,105399.68,0.06,2026-09-11T13:45:21.993591+00:00
2025-07-02,3348.0,36.42599868774414,85.6427993774414,97717.7,106316.15,0.06,2026-09-11T13:45:21.993591+00:00
2025-07-03,3331.60009765625,36.784000396728516,85.69409942626953,97297.28,107425.36,0.06,2026-09-11T13:45:21.993591+00:00
2025-07-04,3332.5,36.775001525878906,85.31909942626953,96897.67,106929.09,0.06,2026-09-11T13:45:21.993591+00:00
2025-07-07,3332.199951171875,36.6150016784668,85.49629974365234,97090.18,106684.99,0.06,2026-09-11T13:45:21.993591+00:00
2025-07-08,3307.0,36.47200012207031,85.89199829101562,96801.89,106760.16,0.06,2026-09-11T13:45:21.993591+00:00
2025-07-09,3311.60009765625,36.35100173950195,85.7073974609375,96728.2,106177.29,0.06,2026-09-11T13:45:21.993591+00:00
2025-07-10,3317.39990234375,37.03799819946289,85.70850372314453,96898.86,108185.32,0.06,2026-09-11T13:45:21.993591+00:00
2025-07-11,3356.0,38.67599868774414,85.73480224609375,98056.42,113004.47,0.06,2026-09-11T13:45:21.993591+00:00
2025-07-14,3351.5,38.46200180053711,85.82129669189453,98023.73,112492.58,0.06,2026-09-11T13:45:21.993591+00:00
2025-07-15,3329.800048828125,37.83399963378906,85.96839904785156,97555.99,110845.49,0.06,2026-09-11T13:45:21.993591+00:00
2025-07-16,3352.5,37.85300064086914,85.99310302734375,98249.27,110933.03,0.06,2026-09-11T13:45:21.993591+00:00
2025-07-17,3340.10009765625,38.055999755859375,85.88520050048828,97763.05,111388.0,0.06,2026-09-11T13:45:21.993591+00:00
2025-07-18,3353.0,38.222999572753906,86.04650115966797,98324.94,112086.91,0.06,2026-09-11T13:45:21.993591+00:00
2025-07-21,3401.89990234375,39.10100173950195,86.14859771728516,99877.27,114797.66,0.06,2026-09-11T13:45:21.993591+00:00
2025-07-22,3439.199951171875,39.31999969482422,86.19529724121094,101027.11,115503.2,0.06,2026-09-11T13:45:21.993591+00:00
2025-07-23,3394.10009765625,39.27799987792969,86.3427963256836,99872.91,115577.26,0.06,2026-09-11T13:45:21.993591+00:00
2025-07-24,3371.0,39.020999908447266,86.39869689941406,99257.39,114895.37,0.06,2026-09-11T13:45:21.993591+00:00
2025-07-25,3334.0,38.16699981689453,86.4302978515625,98203.85,112421.91,0.06,2026-09-11T13:45:21.993591+00:00
2025-07-28,3309.10009765625,38.0260009765625,86.506103515625,97555.91,112104.83,0.06,2026-09-11T13:45:21.993591+00:00
2025-07-29,3323.39990234375,38.08399963378906,86.77760314941406,98284.99,112628.2,0.06,2026-09-11T13:45:21.993591+00:00
2025-07-30,3295.800048828125,37.566001892089844,87.06320190429688,97789.54,111461.92,0.06,2026-09-11T13:45:21.993591+00:00
2025-07-31,3293.199951171875,36.551998138427734,87.714599609375,98443.47,109264.71,0.06,2026-09-11T13:45:21.993591+00:00
2025-08-01,3347.699951171875,36.7869987487793,87.4894027709961,99815.71,109684.87,0.06,2026-09-11T13:45:21.993591+00:00
2025-08-04,3374.39990234375,37.19200134277344,87.24530029296875,100331.09,110583.04,0.06,2026-09-11T13:45:21.993591+00:00
2025-08-05,3381.89990234375,37.6870002746582,87.89330291748047,101300.94,112887.09,0.06,2026-09-11T13:45:21.993591+00:00
2025-08-06,3380.0,37.76599884033203,87.72309875488281,101047.97,112904.66,0.06,2026-09-11T13:45:21.993591+00:00
2025-08-07,3400.300048828125,38.15800094604492,87.76249694824219,101700.51,114127.82,0.06,2026-09-11T13:45:21.993591+00:00
2025-08-08,3439.10009765625,38.41699981689453,87.43319702148438,102475.04,114471.33,0.06,2026-09-11T13:45:21.993591+00:00
2025-08-11,3353.10009765625,37.6619987487793,87.48829650878906,99975.46,112292.37,0.06,2026-09-11T13:45:21.993591+00:00
2025-08-12,3348.89990234375,37.89899826049805,87.66449737548828,100051.32,113226.58,0.06,2026-09-11T13:45:21.993591+00:00
2025-08-13,3358.699951171875,38.499000549316406,87.59559631347656,100265.24,114928.74,0.06,2026-09-11T13:45:21.993591+00:00
2025-08-14,3335.199951171875,37.981998443603516,87.44999694824219,99398.22,113196.9,0.06,2026-09-11T13:45:21.993591+00:00
2025-08-15,3336.0,37.89400100708008,87.69180297851562,99696.97,113246.92,0.06,2026-09-11T13:45:21.993591+00:00
2025-08-18,3331.699951171875,37.95100021362305,87.51280212402344,99365.22,113185.75,0.06,2026-09-11T13:45:21.993591+00:00
2025-08-19,3313.39990234375,37.26100158691406,87.29509735107422,98573.6,110851.43,0.06,2026-09-11T13:45:21.993591+00:00
2025-08-20,3343.39990234375,37.70500183105469,87.0791015625,99219.99,111894.78,0.06,2026-09-11T13:45:21.993591+00:00
2025-08-21,3336.89990234375,38.027000427246094,87.01820373535156,98957.84,112771.44,0.06,2026-09-11T13:45:21.993591+00:00
2025-08-22,3374.39990234375,39.00299835205078,87.29340362548828,100386.41,116031.62,0.06,2026-09-11T13:45:21.993591+00:00
2025-08-25,3373.800048828125,38.676998138427734,87.3301010131836,100410.75,115110.16,0.06,2026-09-11T13:45:21.993591+00:00
2025-08-26,3388.60009765625,38.582000732421875,87.60859680175781,101172.85,115193.61,0.06,2026-09-11T13:45:21.993591+00:00
2025-08-27,3404.60009765625,38.68899917602539,87.60070037841797,101641.39,115502.66,0.06,2026-09-11T13:45:21.993591+00:00
2025-08-28,3431.800048828125,39.189998626708984,87.65910339355469,102521.73,117076.36,0.06,2026-09-11T13:45:21.993591+00:00
2025-08-29,3473.699951171875,40.20000076293945,87.5916976928711,103693.65,120001.29,0.06,2026-09-11T13:45:21.993591+00:00
2025-09-02,3549.39990234375,41.07099914550781,88.00140380859375,106448.97,123174.78,0.06,2026-09-11T13:45:21.993591+00:00
2025-09-03,3593.199951171875,41.54199981689453,87.99829864501953,107758.76,124582.95,0.06,2026-09-11T13:45:21.993591+00:00
2025-09-04,3565.800048828125,40.9109992980957,88.072998046875,107027.82,122794.75,0.06,2026-09-11T13:45:21.993591+00:00
2025-09-05,3613.199951171875,41.07400131225586,88.19290161132812,108598.18,123451.84,0.06,2026-09-11T13:45:21.993591+00:00
2025-09-08,3638.10009765625,41.42599868774414,88.1863021850586,109338.4,124500.49,0.06,2026-09-11T13:45:21.993591+00:00
2025-09-09,3643.300048828125,40.87799835205078,87.98049926757812,109239.14,122566.83,0.06,2026-09-11T13:45:21.993591+00:00
2025-09-10,3643.60009765625,41.132999420166016,88.21829986572266,109543.43,123664.77,0.06,2026-09-11T13:45:21.993591+00:00
2025-09-11,3636.89990234375,41.696998596191406,88.05339813232422,109137.6,125126.08,0.06,2026-09-11T13:45:21.993591+00:00
2025-09-12,3649.39990234375,42.387001037597656,88.2676010131836,109779.11,127506.09,0.06,2026-09-11T13:45:21.993591+00:00
2025-09-15,3682.199951171875,42.516998291015625,88.27729797363281,110777.95,127911.19,0.06,2026-09-11T13:45:21.993591+00:00
2025-09-16,3688.89990234375,42.47100067138672,88.12349700927734,110786.16,127550.2,0.06,2026-09-11T13:45:21.993591+00:00
2025-09-17,3681.800048828125,41.72200012207031,87.88459777832031,110273.18,124961.09,0.06,2026-09-11T13:45:21.993591+00:00
2025-09-18,3643.699951171875,41.707000732421875,87.91069793701172,109164.46,124953.27,0.06,2026-09-11T13:45:21.993591+00:00
2025-09-19,3671.5,42.5359992980957,88.20690155029297,110367.96,127866.31,0.06,2026-09-11T13:45:21.993591+00:00
2025-09-22,3740.699951171875,43.79899978637695,88.09919738769531,112310.86,131502.22,0.06,2026-09-11T13:45:21.993591+00:00
2025-09-23,3780.60009765625,44.19200134277344,88.30439758300781,113773.21,132991.21,0.06,2026-09-11T13:45:21.993591+00:00
2025-09-24,3732.10009765625,43.777000427246094,88.80799865722656,112954.18,132493.63,0.06,2026-09-11T13:45:21.993591+00:00
2025-09-25,3736.89990234375,44.696998596191406,88.77860260009766,113062.01,135233.28,0.06,2026-09-11T13:45:21.993591+00:00
2025-09-26,3775.300048828125,46.22100067138672,88.77310180664062,114216.75,139835.57,0.06,2026-09-11T13:45:21.993591+00:00
2025-09-29,3820.89990234375,46.61199951171875,88.67680358886719,115470.92,140865.52,0.06,2026-09-11T13:45:21.993591+00:00
2025-09-30,3840.800048828125,46.25299835205078,88.70449829101562,116108.57,139824.24,0.06,2026-09-11T13:45:21.993591+00:00
2025-10-01,3867.5,47.290000915527344,88.8406982421875,117095.23,143178.63,0.06,2026-09-11T13:45:21.993591+00:00
2025-10-02,3839.699951171875,46.0,88.68299865722656,116047.18,139025.71,0.06,2026-09-11T13:45:21.993591+00:00
2025-10-03,3880.800048828125,47.59700012207031,88.72019958496094,117338.55,143912.67,0.06,2026-09-11T13:45:21.993591+00:00
2025-10-06,3948.5,48.082000732421875,88.73509979248047,119405.55,145403.51,0.06,2026-09-11T13:45:21.993591+00:00
2025-10-07,3976.60009765625,47.17900085449219,88.72109985351562,120236.34,142650.27,0.06,2026-09-11T13:45:21.993591+00:00
2025-10-08,4043.300048828125,48.65599822998047,88.74259948730469,122282.71,147151.76,0.06,2026-09-11T13:45:21.993591+00:00
2025-10-09,3946.300048828125,46.849998474121094,88.7771987915039,119395.64,141745.06,0.06,2026-09-11T13:45:21.993591+00:00
2025-10-10,3975.89990234375,46.9379997253418,88.86540222167969,120410.7,142152.41,0.06,2026-09-11T13:45:21.993591+00:00
2025-10-13,4108.60009765625,50.130001068115234,88.7573013305664,124278.18,151634.75,0.06,2026-09-11T13:45:21.993591+00:00
2025-10-14,4138.7001953125,50.31399917602539,88.66510009765625,125058.61,152033.21,0.06,2026-09-11T13:45:21.993591+00:00
2025-10-15,4176.89990234375,51.073001861572266,88.78250122070312,126380.01,154531.03,0.06,2026-09-11T13:45:21.993591+00:00
2025-10-16,4280.2001953125,53.02299880981445,87.80950164794922,128086.25,158672.89,0.06,2026-09-11T13:45:21.993591+00:00
2025-10-17,4189.89990234375,49.86399841308594,87.9906997680664,125642.72,149527.41,0.06,2026-09-11T13:45:21.993591+00:00
2025-10-20,4336.39990234375,51.11899948120117,88.0022964477539,130052.97,153310.99,0.06,2026-09-11T13:45:21.993591+00:00
2025-10-21,4087.699951171875,47.45000076293945,87.87999725341797,122423.83,142109.52,0.06,2026-09-11T13:45:21.993591+00:00
2025-10-22,4044.39990234375,47.46099853515625,88.00160217285156,121294.64,142339.15,0.06,2026-09-11T13:45:21.993591+00:00
2025-10-23,4125.5,48.481998443603516,87.74030303955078,123359.51,144969.48,0.06,2026-09-11T13:45:21.993591+00:00
2025-10-24,4118.39990234375,48.37699890136719,87.77899932861328,123201.52,144719.31,0.06,2026-09-11T13:45:21.993591+00:00
2025-10-27,4001.89990234375,46.5620002746582,87.8290023803711,119784.63,139369.1,0.06,2026-09-11T13:45:21.993591+00:00
2025-10-28,3966.199951171875,47.125,88.22209930419922,119247.4,141685.59,0.06,2026-09-11T13:45:21.993591+00:00
2025-10-29,3983.699951171875,47.72100067138672,88.22550201416016,119778.17,143483.05,0.06,2026-09-11T13:45:21.993591+00:00
2025-10-30,4001.300048828125,48.428001403808594,88.34559631347656,120471.12,145807.0,0.06,2026-09-11T13:45:21.993591+00:00
2025-10-31,3982.199951171875,47.99399948120117,88.6344985961914,120288.13,144972.85,0.06,2026-09-11T13:45:21.993591+00:00
2025-11-03,4000.300048828125,47.88800048828125,88.77539825439453,121026.96,144882.61,0.06,2026-09-11T13:45:21.993591+00:00
2025-11-04,3947.699951171875,47.130001068115234,88.72339630126953,119365.61,142505.8,0.06,2026-09-11T13:45:21.993591+00:00
2025-11-05,3980.300048828125,47.862998962402344,88.73200225830078,120363.0,144736.18,0.06,2026-09-11T13:45:21.993591+00:00
2025-11-06,3979.89990234375,47.79399871826172,88.55690002441406,120113.41,144242.32,0.06,2026-09-11T13:45:21.993591+00:00
2025-11-07,3999.39990234375,48.016998291015625,88.6729965209961,120860.15,145105.31,0.06,2026-09-11T13:45:21.993591+00:00
2025-11-10,4111.7998046875,50.176998138427734,88.65799713134766,124235.81,151607.09,0.06,2026-09-11T13:45:21.993591+00:00
2025-11-11,4106.7998046875,50.61800003051758,88.70709991455078,124153.46,153024.26,0.06,2026-09-11T13:45:21.993591+00:00
2025-11-12,4204.39990234375,53.332000732421875,88.46649932861328,126759.29,160791.71,0.06,2026-09-11T13:45:21.993591+00:00
2025-11-13,4186.89990234375,53.07400131225586,88.59400177001953,126413.61,160244.48,0.06,2026-09-11T13:45:21.993591+00:00
2025-11-14,4087.60009765625,50.59000015258789,88.81610107421875,123724.88,153127.54,0.06,2026-09-11T13:45:21.993591+00:00
2025-11-17,4068.300048828125,50.625,88.68199920654297,122954.77,153002.12,0.06,2026-09-11T13:45:21.993591+00:00
2025-11-18,4061.300048828125,50.45000076293945,88.63590240478516,122679.41,152393.97,0.06,2026-09-11T13:45:21.993591+00:00
2025-11-19,4077.699951171875,50.790000915527344,88.55680084228516,123064.87,153284.09,0.06,2026-09-11T13:45:21.993591+00:00
2025-11-20,4056.5,50.24700164794922,88.48719787597656,122328.84,151526.13,0.06,2026-09-11T13:45:21.993591+00:00
2025-11-21,4076.699951171875,49.87300109863281,88.69219970703125,123222.81,150746.71,0.06,2026-09-11T13:45:21.993591+00:00
2025-11-24,4091.89990234375,50.29499816894531,89.63400268554688,124995.6,153636.54,0.06,2026-09-11T13:45:21.993591+00:00
2025-11-25,4139.2001953125,50.933998107910156,89.14779663085938,125754.63,154744.53,0.06,2026-09-11T13:45:21.993591+00:00
2025-11-26,4165.2001953125,52.91600036621094,89.15059661865234,126548.52,160771.18,0.06,2026-09-11T13:45:21.993591+00:00
2025-11-28,4218.2998046875,56.44599914550781,89.36479949951172,128469.74,171908.19,0.06,2026-09-11T13:45:21.993591+00:00
2025-12-01,4239.2998046875,58.417999267578125,89.3499984741211,129087.92,177884.52,0.06,2026-09-11T13:45:21.993591+00:00
2025-12-02,4186.60009765625,57.983001708984375,89.61270141601562,127858.02,177079.05,0.06,2026-09-11T13:45:21.993591+00:00
2025-12-03,4199.2998046875,57.92100143432617,89.91719818115234,128681.64,177490.76,0.06,2026-09-11T13:45:21.993591+00:00
2025-12-04,4211.7998046875,56.84700012207031,90.17050170898438,129428.27,174690.37,0.06,2026-09-11T13:45:21.993591+00:00
2025-12-05,4212.89990234375,58.422000885009766,89.8364028930664,128982.39,178865.14,0.06,2026-09-11T13:45:21.993591+00:00
2025-12-08,4187.2001953125,57.77899932861328,89.93800354003906,128340.55,177096.58,0.06,2026-09-11T13:45:21.993591+00:00
2025-12-09,4206.7001953125,60.16899871826172,90.12999725341797,129213.49,184815.79,0.06,2026-09-11T13:45:21.993591+00:00
2025-12-10,4196.39990234375,60.37900161743164,89.91690063476562,128592.35,185022.35,0.06,2026-09-11T13:45:21.993591+00:00
2025-12-11,4285.5,63.92900085449219,89.79299926757812,131141.73,195630.84,0.06,2026-09-11T13:45:21.993591+00:00
2025-12-12,4300.10009765625,61.36199951171875,90.25299835205078,132262.62,188737.44,0.06,2026-09-11T13:45:21.993591+00:00
2025-12-15,4306.7001953125,62.939998626708984,90.5770034790039,132941.18,194286.04,0.06,2026-09-11T13:45:21.993591+00:00
2025-12-16,4304.5,62.70000076293945,90.77690124511719,133166.5,193972.35,0.06,2026-09-11T13:45:21.993591+00:00
2025-12-17,4347.5,66.23699951171875,90.94889831542969,134751.61,205302.87,0.06,2026-09-11T13:45:21.993591+00:00
2025-12-18,4339.5,64.59200286865234,90.4136962890625,133712.14,199026.04,0.06,2026-09-11T13:45:21.993591+00:00
2025-12-19,4361.39990234375,66.84500122070312,90.25579833984375,134152.25,205608.46,0.06,2026-09-11T13:45:21.993591+00:00
2025-12-22,4444.60009765625,67.90599822998047,89.56999969482422,135672.61,207284.89,0.06,2026-09-11T13:45:21.993591+00:00
2025-12-23,4482.7998046875,70.48500061035156,89.60389709472656,136890.46,215238.79,0.06,2026-09-11T13:45:21.993591+00:00
2025-12-24,4480.60009765625,71.03099822998047,89.50789642333984,136676.69,216673.7,0.06,2026-09-11T13:45:21.993591+00:00
2025-12-26,4529.10009765625,76.48600006103516,90.10590362548828,139079.17,234872.47,0.06,2026-09-11T13:45:21.993591+00:00
2025-12-29,4325.10009765625,69.85600280761719,89.82929992675781,132407.05,213854.64,0.06,2026-09-11T13:45:21.993591+00:00
2025-12-30,4370.10009765625,77.3740005493164,89.9000015258789,133889.96,237056.4,0.06,2026-09-11T13:45:21.993591+00:00
2025-12-31,4325.60009765625,70.13400268554688,89.76940155029297,132334.06,214562.53,0.06,2026-09-11T13:45:21.993591+00:00
2026-01-02,4314.39990234375,70.55599975585938,89.96189880371094,132274.44,216316.42,0.06,2026-09-11T13:45:21.993591+00:00
2026-01-05,4436.89990234375,76.16400146484375,90.00700378417969,136098.35,233626.97,0.06,2026-09-11T13:45:21.993591+00:00
2026-01-06,4482.2001953125,80.52999877929688,90.23300170898438,137833.12,247639.56,0.06,2026-09-11T13:45:21.993591+00:00
2026-01-07,4449.2998046875,77.13500213623047,90.16609954833984,136719.95,237023.66,0.06,2026-09-11T13:45:21.993591+00:00
2026-01-08,4449.7001953125,74.71600341796875,89.8644027709961,136274.74,228822.25,0.06,2026-09-11T13:45:21.993591+00:00
2026-01-09,4490.2998046875,78.88400268554688,89.90540313720703,137580.87,241697.22,0.06,2026-09-11T13:45:21.993591+00:00
2026-01-12,4604.2998046875,84.61000061035156,90.23600006103516,141592.54,260194.71,0.06,2026-09-11T13:45:21.993591+00:00
2026-01-13,4589.2001953125,85.87699890136719,90.13269805908203,140966.63,263788.68,0.06,2026-09-11T13:45:21.993591+00:00
2026-01-14,4626.2998046875,90.86900329589844,90.27300262451172,142327.42,279557.13,0.06,2026-09-11T13:45:21.993591+00:00
2026-01-15,4616.2998046875,91.8759994506836,90.18319702148438,141878.49,282373.95,0.06,2026-09-11T13:45:21.993591+00:00
2026-01-16,4588.39990234375,88.09100341796875,90.36160278320312,141299.98,271276.65,0.06,2026-09-11T13:45:21.993591+00:00
2026-01-20,4759.60009765625,94.20600128173828,90.90450286865234,147452.72,291850.8,0.06,2026-09-11T13:45:21.993591+00:00
2026-01-21,4831.7998046875,92.20999908447266,91.11840057373047,150041.69,286339.35,0.06,2026-09-11T13:45:21.993591+00:00
2026-01-22,4908.7998046875,95.97599792480469,91.53690338134766,153132.88,299402.75,0.06,2026-09-11T13:45:21.993591+00:00
2026-01-23,4976.2001953125,100.92500305175781,91.55829620361328,155271.76,314915.04,0.06,2026-09-11T13:45:21.993591+00:00
2026-01-26,5079.7001953125,115.08000183105469,91.5009994506836,158402.07,358857.99,0.06,2026-09-11T13:45:21.993591+00:00
2026-01-27,5079.89990234375,105.52300262451172,91.71309661865234,158775.48,329818.81,0.06,2026-09-11T13:45:21.993591+00:00
2026-01-28,5301.60009765625,113.11100006103516,91.5343017578125,165381.82,352846.36,0.06,2026-09-11T13:45:21.993591+00:00
2026-01-29,5318.39990234375,114.03700256347656,92.04080200195312,166823.92,357703.44,0.06,2026-09-11T13:45:21.993591+00:00
2026-01-30,4713.89990234375,78.29000091552734,91.78189849853516,147446.45,244883.92,0.06,2026-09-11T13:45:21.993591+00:00
2026-02-02,4622.5,76.77799987792969,91.68699645996094,144438.04,239906.2,0.06,2026-09-11T13:45:21.993591+00:00
2026-02-03,4903.7001953125,83.04199981689453,90.24559783935547,150815.81,255399.92,0.06,2026-09-11T13:45:21.993591+00:00
2026-02-04,4920.39990234375,84.16500091552734,90.42289733886719,151626.72,259362.32,0.06,2026-09-11T13:45:21.993591+00:00
2026-02-05,4861.39990234375,76.52899932861328,90.125,149315.04,235054.32,0.06,2026-09-11T13:45:21.993591+00:00
2026-02-06,4951.2001953125,76.73500061035156,90.3147964477539,152393.46,236183.38,0.06,2026-09-11T13:45:21.993591+00:00
2026-02-09,5050.89990234375,82.06500244140625,90.58799743652344,155932.39,253352.72,0.06,2026-09-11T13:45:21.993591+00:00
2026-02-10,5003.7998046875,80.21800231933594,90.82279968261719,154878.72,248292.53,0.06,2026-09-11T13:45:21.993591+00:00
2026-02-11,5071.60009765625,83.75399780273438,90.58789825439453,156571.28,258566.74,0.06,2026-09-11T13:45:21.993591+00:00
2026-02-12,4923.7001953125,75.5459976196289,90.73570251464844,152253.31,233607.4,0.06,2026-09-11T13:45:21.993591+00:00
2026-02-13,5022.0,77.85099792480469,90.56410217285156,154999.29,240279.76,0.06,2026-09-11T13:45:21.993591+00:00
2026-02-17,4882.89990234375,73.4469985961914,90.78299713134766,151070.36,227235.14,0.06,2026-09-11T13:45:21.993591+00:00
2026-02-18,4986.5,77.50900268554688,90.6261978149414,154009.15,239388.25,0.06,2026-09-11T13:45:21.993591+00:00
2026-02-19,4975.89990234375,77.56500244140625,90.79350280761719,153965.47,240003.46,0.06,2026-09-11T13:45:21.993591+00:00
2026-02-20,5059.2998046875,82.28299713134766,91.04109954833984,156972.96,255296.3,0.06,2026-09-11T13:45:21.993591+00:00
2026-02-23,5204.7001953125,86.52300262451172,90.72660064697266,160926.4,267524.25,0.06,2026-09-11T13:45:21.993591+00:00
2026-02-24,5155.7998046875,87.45700073242188,91.02010345458984,159930.13,271286.91,0.06,2026-09-11T13:45:21.993591+00:00
2026-02-25,5206.39990234375,90.93900299072266,90.91799926757812,161318.55,281771.45,0.06,2026-09-11T13:45:21.993591+00:00
2026-02-26,5176.5,86.99800109863281,90.95099639892578,160450.33,269658.22,0.06,2026-09-11T13:45:21.993591+00:00
2026-02-27,5230.5,92.68199920654297,91.00740051269531,162224.65,287454.45,0.06,2026-09-11T13:45:21.993591+00:00
2026-03-02,5294.39990234375,88.28399658203125,91.07959747314453,164336.78,274031.2,0.06,2026-09-11T13:45:21.993591+00:00
2026-03-03,5107.39990234375,82.9229965209961,91.56340026855469,159374.45,258758.02,0.06,2026-09-11T13:45:21.993591+00:00
2026-03-04,5120.2001953125,82.63300323486328,92.00859832763672,160550.73,259106.84,0.06,2026-09-11T13:45:21.993591+00:00
2026-03-05,5065.2998046875,81.68699645996094,92.12300109863281,159026.74,256458.99,0.06,2026-09-11T13:45:21.993591+00:00
2026-03-06,5146.10009765625,83.81600189208984,91.78690338134766,160974.05,262183.03,0.06,2026-09-11T13:45:21.993591+00:00
2026-03-09,5091.5,84.03199768066406,91.93620300292969,159525.18,263286.25,0.06,2026-09-11T13:45:21.993591+00:00
2026-03-10,5229.7001953125,89.08300018310547,91.220703125,162580.01,276939.67,0.06,2026-09-11T13:45:21.993591+00:00
2026-03-11,5167.39990234375,85.06500244140625,92.16510009765625,162306.35,267186.4,0.06,2026-09-11T13:45:21.993591+00:00
2026-03-12,5115.7998046875,84.66999816894531,92.22879791259766,160796.66,266129.5,0.06,2026-09-11T13:45:21.993591+00:00
2026-03-13,5052.5,80.91400146484375,92.38990020751953,159084.46,254768.13,0.06,2026-09-11T13:45:21.993591+00:00
2026-03-16,4994.0,80.26300048828125,92.5635986328125,157538.13,253193.5,0.06,2026-09-11T13:45:21.993591+00:00
2026-03-17,5001.0,79.52999877929688,92.28269958496094,157280.21,250119.87,0.06,2026-09-11T13:45:21.993591+00:00
2026-03-18,4889.89990234375,77.23799896240234,92.39129638671875,153967.11,243197.44,0.06,2026-09-11T13:45:21.993591+00:00
2026-03-19,4600.7001953125,70.9020004272461,93.24659729003906,146202.18,225314.12,0.06,2026-09-11T13:45:21.993591+00:00
2026-03-20,4570.39990234375,69.36000061035156,93.0822982788086,144983.38,220025.55,0.06,2026-09-11T13:45:21.993591+00:00
2026-03-23,4404.10009765625,69.04900360107422,93.89530181884766,140928.22,220952.14,0.06,2026-09-11T13:45:21.993591+00:00
2026-03-24,4399.2998046875,69.27400207519531,93.24369812011719,139797.68,220133.78,0.06,2026-09-11T13:45:21.993591+00:00
2026-03-25,4549.7998046875,72.36100006103516,94.29969787597656,146217.55,232547.56,0.06,2026-09-11T13:45:21.993591+00:00
2026-03-26,4375.5,67.6709976196289,94.6937026977539,141203.58,218383.89,0.06,2026-09-11T13:45:21.993591+00:00
2026-03-27,4492.0,69.54499816894531,94.30950164794922,144375.04,223520.97,0.06,2026-09-11T13:45:21.993591+00:00
2026-03-30,4526.0,70.3239974975586,94.78179931640625,146196.31,227156.63,0.06,2026-09-11T13:45:21.993591+00:00
