Date,Adj close,Close,High,Low,Open,Volume,validation_status,validation_notes,USDINR_rate,Close_INR_kg,conversion_timestamp
2024-03-08,24.339000701904297,24.339000701904297,24.5049991607666,24.299999237060547,24.5049991607666,115,valid,,82.7522964477539,64755.08,2026-10-03T13:44:11.061689+00:00
2024-03-11,24.511999130249023,24.511999130249023,24.511999130249023,24.3700008392334,24.385000228881836,172,valid,,82.7520980834961,65215.2,2026-10-03T13:44:11.061689+00:00
2024-03-12,24.194000244140625,24.194000244140625,24.5049991607666,24.194000244140625,24.46500015258789,42,valid,,82.7782974243164,64389.53,2026-10-03T13:44:11.061689+00:00
2024-03-13,24.958999633789062,24.958999633789062,24.958999633789062,24.21500015258789,24.21500015258789,37,valid,,82.83509826660156,66471.06,2026-10-03T13:44:11.061689+00:00
2024-03-14,24.874000549316406,24.874000549316406,24.979999542236328,24.874000549316406,24.875,20,valid,,82.83110046386719,66241.5,2026-10-03T13:44:11.061689+00:00
2024-03-15,25.200000762939453,25.200000762939453,25.420000076293945,24.825000762939453,24.834999084472656,48,valid,,82.9655990600586,67218.63,2026-10-03T13:44:11.061689+00:00
2024-03-18,25.090999603271484,25.090999603271484,25.2450008392334,25.090999603271484,25.15999984741211,26,valid,,82.88890075683594,66866.01,2026-10-03T13:44:11.061689+00:00
2024-03-19,24.964000701904297,24.964000701904297,25.170000076293945,24.94499969482422,25.170000076293945,20,valid,,82.86360168457031,66507.26,2026-10-03T13:44:11.061689+00:00
2024-03-20,24.933000564575195,24.933000564575195,24.933000564575195,24.933000564575195,24.933000564575195,75,valid,,83.04239654541016,66568.0,2026-10-03T13:44:11.061689+00:00
2024-03-21,24.849000930786133,24.849000930786133,25.735000610351562,24.849000930786133,25.625,69,valid,,83.05460357666016,66353.48,2026-10-03T13:44:11.061689+00:00
2024-03-22,24.691999435424805,24.691999435424805,24.75,24.65999984741211,24.75,20,valid,,83.22660064697266,66070.79,2026-10-03T13:44:11.061689+00:00
2024-03-25,24.7450008392334,24.7450008392334,24.844999313354492,24.719999313354492,24.815000534057617,69,valid,,83.59359741210938,66504.58,2026-10-03T13:44:11.061689+00:00
2024-03-26,24.482999801635742,24.482999801635742,24.649999618530273,24.482999801635742,24.639999389648438,663,valid,,83.41739654541016,65661.73,2026-10-03T13:44:11.061689+00:00
2024-03-27,24.625,24.625,24.625,24.424999237060547,24.424999237060547,215,valid,,83.34549713134766,65985.64,2026-10-03T13:44:11.061689+00:00
2024-03-28,24.797000885009766,24.797000885009766,24.90999984741211,24.684999465942383,24.684999465942383,20,valid,,83.36499786376953,66462.09,2026-10-03T13:44:11.061689+00:00
2024-04-01,24.95400047302246,24.95400047302246,25.344999313354492,24.809999465942383,25.25,44,valid,,83.36479949951172,66882.72,2026-10-03T13:44:11.061689+00:00
2024-04-02,25.804000854492188,25.804000854492188,25.854999542236328,25.270000457763672,25.299999237060547,59,valid,,83.40969848632812,69198.18,2026-10-03T13:44:11.061689+00:00
2024-04-03,26.94499969482422,26.94499969482422,27.065000534057617,26.209999084472656,26.2549991607666,104,valid,,83.35030364990234,72206.52,2026-10-03T13:44:11.061689+00:00
2024-04-04,27.139999389648438,27.139999389648438,27.270000457763672,26.790000915527344,27.229999542236328,23,valid,,83.37329864501953,72749.14,2026-10-03T13:44:11.061689+00:00
2024-04-05,27.399999618530273,27.399999618530273,27.40999984741211,26.489999771118164,26.489999771118164,39,valid,,83.47779846191406,73538.13,2026-10-03T13:44:11.061689+00:00
2024-04-08,27.711999893188477,27.711999893188477,27.93000030517578,27.711999893188477,27.80500030517578,6,valid,,83.29679870605469,74214.24,2026-10-03T13:44:11.061689+00:00
2024-04-09,27.891000747680664,27.891000747680664,28.1200008392334,27.891000747680664,28.1200008392334,66,valid,,83.26959991455078,74669.22,2026-10-03T13:44:11.061689+00:00
2024-04-10,27.961000442504883,27.961000442504883,27.985000610351562,27.764999389648438,27.764999389648438,5,valid,,83.22429656982422,74815.9,2026-10-03T13:44:11.061689+00:00
2024-04-11,28.176000595092773,28.176000595092773,28.514999389648438,28.0,28.1299991607666,536,valid,,83.4126968383789,75561.85,2026-10-03T13:44:11.061689+00:00
2024-04-12,28.2549991607666,28.2549991607666,29.80500030517578,28.2549991607666,28.510000228881836,354,valid,,83.34929656982422,75716.11,2026-10-03T13:44:11.061689+00:00
2024-04-15,28.650999069213867,28.650999069213867,28.650999069213867,27.770000457763672,28.25,61,valid,,83.61109924316406,77018.45,2026-10-03T13:44:11.061689+00:00
2024-04-16,28.31800079345703,28.31800079345703,28.354999542236328,28.235000610351562,28.354999542236328,76,valid,,83.50599670410156,76027.61,2026-10-03T13:44:11.061689+00:00
2024-04-17,28.34600067138672,28.34600067138672,28.510000228881836,28.309999465942383,28.510000228881836,9,valid,,83.6675033569336,76249.97,2026-10-03T13:44:11.061689+00:00
2024-04-18,28.32900047302246,28.32900047302246,28.32900047302246,28.32900047302246,28.32900047302246,0,valid,,83.5958023071289,76138.93,2026-10-03T13:44:11.061689+00:00
2024-04-19,28.808000564575195,28.808000564575195,28.808000564575195,28.21500015258789,28.5049991607666,15,valid,,83.54499816894531,77379.27,2026-10-03T13:44:11.061689+00:00
2024-04-22,27.21299934387207,27.21299934387207,27.21299934387207,27.21299934387207,27.21299934387207,0,valid,,83.38529968261719,72955.32,2026-10-03T13:44:11.061689+00:00
2024-04-23,27.33099937438965,27.33099937438965,27.40999984741211,27.135000228881836,27.135000228881836,15,valid,,83.38619995117188,73272.46,2026-10-03T13:44:11.061689+00:00
2024-04-24,27.323999404907227,27.323999404907227,27.323999404907227,27.1299991607666,27.139999389648438,4,valid,,83.2833023071289,73163.3,2026-10-03T13:44:11.061689+00:00
2024-04-25,27.341999053955078,27.341999053955078,27.341999053955078,27.341999053955078,27.341999053955078,29,valid,,83.3405990600586,73261.86,2026-10-03T13:44:11.061689+00:00
2024-04-26,27.240999221801758,27.240999221801758,27.240999221801758,27.240999221801758,27.240999221801758,68254,valid,,83.30180358886719,72957.26,2026-10-03T13:44:11.061689+00:00
2024-04-29,27.37299919128418,27.37299919128418,27.440000534057617,26.959999084472656,27.200000762939453,11787,valid,,83.40229797363281,73399.22,2026-10-03T13:44:11.061689+00:00
2024-04-30,26.391000747680664,26.391000747680664,27.165000915527344,26.299999237060547,27.155000686645508,1881,valid,,83.45110321044922,70807.46,2026-10-03T13:44:11.061689+00:00
2024-05-01,26.48900032043457,26.48900032043457,26.94499969482422,26.28499984741211,26.28499984741211,387,valid,,83.49839782714844,71110.67,2026-10-03T13:44:11.061689+00:00
2024-05-02,26.58300018310547,26.58300018310547,26.795000076293945,26.03499984741211,26.71500015258789,277,valid,,83.40640258789062,71284.39,2026-10-03T13:44:11.061689+00:00
2024-05-03,26.44499969482422,26.44499969482422,26.78499984741211,26.15999984741211,26.6299991607666,194,valid,,83.40630340576172,70914.25,2026-10-03T13:44:11.061689+00:00
2024-05-06,27.368999481201172,27.368999481201172,27.389999389648438,26.950000762939453,26.950000762939453,48,valid,,83.37999725341797,73368.88,2026-10-03T13:44:11.061689+00:00
2024-05-07,27.30299949645996,27.30299949645996,27.44499969482422,27.280000686645508,27.299999237060547,74,valid,,83.4728012084961,73273.41,2026-10-03T13:44:11.061689+00:00
2024-05-08,27.361000061035156,27.361000061035156,27.420000076293945,27.264999389648438,27.264999389648438,123,valid,,83.46990203857422,73426.52,2026-10-03T13:44:11.061689+00:00
2024-05-09,28.131999969482422,28.131999969482422,28.200000762939453,27.600000381469727,27.604999542236328,333,valid,,83.46430206298828,75490.52,2026-10-03T13:44:11.061689+00:00
2024-05-10,28.274999618530273,28.274999618530273,28.594999313354492,28.229999542236328,28.594999313354492,75,valid,,83.45939636230469,75869.79,2026-10-03T13:44:11.061689+00:00
2024-05-13,28.22100067138672,28.22100067138672,28.344999313354492,28.03499984741211,28.059999465942383,253,valid,,83.5248031616211,75784.25,2026-10-03T13:44:11.061689+00:00
2024-05-14,28.485000610351562,28.485000610351562,28.610000610351562,28.110000610351562,28.270000457763672,212,valid,,83.50550079345703,76475.51,2026-10-03T13:44:11.061689+00:00
2024-05-15,29.513999938964844,29.513999938964844,29.513999938964844,28.610000610351562,28.610000610351562,31,valid,,83.52420043945312,79255.87,2026-10-03T13:44:11.061689+00:00
2024-05-16,29.665000915527344,29.665000915527344,29.8799991607666,29.5,29.8799991607666,29,valid,,83.40509796142578,79547.77,2026-10-03T13:44:11.061689+00:00
2024-05-17,31.047000885009766,31.047000885009766,31.604999542236328,29.760000228881836,29.760000228881836,118,valid,,83.47010040283203,83318.54,2026-10-03T13:44:11.061689+00:00
2024-05-20,32.20500183105469,32.20500183105469,32.20500183105469,30.9950008392334,30.9950008392334,83,valid,,83.30039978027344,86250.47,2026-10-03T13:44:11.061689+00:00
2024-05-21,31.868000030517578,31.868000030517578,32.5,31.405000686645508,32.494998931884766,55,valid,,83.31500244140625,85362.88,2026-10-03T13:44:11.061689+00:00
2024-05-22,31.295000076293945,31.295000076293945,32.029998779296875,31.15999984741211,32.029998779296875,31,valid,,83.31680297851562,83829.84,2026-10-03T13:44:11.061689+00:00
2024-05-23,30.284000396728516,30.284000396728516,30.709999084472656,30.1299991607666,30.344999313354492,104,valid,,83.26709747314453,81073.28,2026-10-03T13:44:11.061689+00:00
2024-05-24,30.329999923706055,30.329999923706055,30.3700008392334,30.329999923706055,30.3700008392334,10,valid,,83.2863998413086,81215.25,2026-10-03T13:44:11.061689+00:00
2024-05-28,31.97100067138672,31.97100067138672,32.1150016784668,31.5049991607666,31.540000915527344,45,valid,,83.14569854736328,85464.76,2026-10-03T13:44:11.061689+00:00
2024-05-29,32.202999114990234,32.202999114990234,32.202999114990234,32.202999114990234,32.202999114990234,932,valid,,83.20649719238281,86147.89,2026-10-03T13:44:11.061689+00:00
2024-05-30,31.38800048828125,31.38800048828125,32.04999923706055,31.110000610351562,32.0,257,valid,,83.3656005859375,84128.2,2026-10-03T13:44:11.061689+00:00
2024-05-31,30.297000885009766,30.297000885009766,30.489999771118164,30.297000885009766,30.424999237060547,44,valid,,83.3208999633789,81160.49,2026-10-03T13:44:11.061689+00:00
2024-06-03,30.641000747680664,30.641000747680664,30.641000747680664,29.850000381469727,30.440000534057617,209,valid,,83.45079803466797,82209.97,2026-10-03T13:44:11.061689+00:00
2024-06-04,29.488000869750977,29.488000869750977,29.9950008392334,29.469999313354492,29.7549991607666,39,valid,,83.09339904785156,78777.63,2026-10-03T13:44:11.061689+00:00
2024-06-05,29.947999954223633,29.947999954223633,29.969999313354492,29.549999237060547,29.549999237060547,16,valid,,83.62940216064453,80522.62,2026-10-03T13:44:11.061689+00:00
2024-06-06,31.246999740600586,31.246999740600586,31.31999969482422,30.559999465942383,30.559999465942383,282,valid,,83.38079833984375,83765.55,2026-10-03T13:44:11.061689+00:00
2024-06-07,29.334999084472656,29.334999084472656,31.524999618530273,29.299999237060547,31.524999618530273,10,valid,,83.47309875488281,78727.0,2026-10-03T13:44:11.061689+00:00
2024-06-10,29.768999099731445,29.768999099731445,29.768999099731445,29.479999542236328,29.59000015258789,32,valid,,83.52760314941406,79943.9,2026-10-03T13:44:11.061689+00:00
2024-06-11,29.132999420166016,29.132999420166016,29.5049991607666,29.132999420166016,29.155000686645508,3,valid,,83.52980041503906,78237.99,2026-10-03T13:44:11.061689+00:00
2024-06-12,30.176000595092773,30.176000595092773,30.176000595092773,29.75,30.176000595092773,8,valid,,83.5968017578125,81104.02,2026-10-03T13:44:11.061689+00:00
2024-06-13,28.989999771118164,28.989999771118164,29.325000762939453,28.815000534057617,29.125,21,valid,,83.5343017578125,77858.16,2026-10-03T13:44:11.061689+00:00
2024-06-14,29.402000427246094,29.402000427246094,29.540000915527344,29.385000228881836,29.385000228881836,16,valid,,83.52210235595703,78953.13,2026-10-03T13:44:11.061689+00:00
2024-06-17,29.325000762939453,29.325000762939453,29.325000762939453,29.325000762939453,29.325000762939453,0,valid,,83.55180358886719,78774.37,2026-10-03T13:44:11.061689+00:00
2024-06-18,29.5049991607666,29.5049991607666,29.5049991607666,28.954999923706055,29.0049991607666,66,valid,,83.51010131835938,79218.33,2026-10-03T13:44:11.061689+00:00
2024-06-20,30.775999069213867,30.775999069213867,30.775999069213867,29.5,29.5,20,valid,,83.41950225830078,82541.21,2026-10-03T13:44:11.061689+00:00
2024-06-21,29.572999954223633,29.572999954223633,30.510000228881836,29.572999954223633,30.5,20,valid,,83.60160064697266,79487.9,2026-10-03T13:44:11.061689+00:00
2024-06-24,29.48900032043457,29.48900032043457,29.5,29.48900032043457,29.5,5,valid,,83.5625,79225.05,2026-10-03T13:44:11.061689+00:00
2024-06-25,28.836999893188477,28.836999893188477,29.5,28.836999893188477,29.5,5,valid,,83.46040344238281,77378.73,2026-10-03T13:44:11.061689+00:00
2024-06-26,28.909000396728516,28.909000396728516,28.909000396728516,28.909000396728516,28.909000396728516,52023,valid,,83.41459655761719,77529.36,2026-10-03T13:44:11.061689+00:00
2024-06-27,28.917999267578125,28.917999267578125,29.225000381469727,28.665000915527344,28.770000457763672,14649,valid,,83.58039855957031,77707.64,2026-10-03T13:44:11.061689+00:00
2024-06-28,29.23699951171875,29.23699951171875,29.579999923706055,28.81999969482422,28.940000534057617,538,valid,,83.45089721679688,78443.12,2026-10-03T13:44:11.061689+00:00
2024-07-01,29.299999237060547,29.299999237060547,29.440000534057617,29.0,29.100000381469727,664,valid,,83.36750030517578,78533.59,2026-10-03T13:44:11.061689+00:00
2024-07-02,29.35300064086914,29.35300064086914,29.6200008392334,29.225000381469727,29.309999465942383,153,valid,,83.44129943847656,78745.3,2026-10-03T13:44:11.061689+00:00
2024-07-03,30.54800033569336,30.54800033569336,30.549999237060547,29.540000915527344,29.594999313354492,261,valid,,83.4791030883789,81988.25,2026-10-03T13:44:11.061689+00:00
2024-07-05,31.38800048828125,31.38800048828125,31.469999313354492,30.165000915527344,30.264999389648438,451,valid,,83.49340057373047,84257.17,2026-10-03T13:44:11.061689+00:00
2024-07-08,30.618000030517578,30.618000030517578,31.200000762939453,30.618000030517578,31.200000762939453,171,valid,,83.47209930419922,82169.23,2026-10-03T13:44:11.061689+00:00
2024-07-09,30.77199935913086,30.77199935913086,30.77199935913086,30.77199935913086,30.77199935913086,6,valid,,83.45760345458984,82568.18,2026-10-03T13:44:11.061689+00:00
2024-07-10,30.726999282836914,30.726999282836914,30.770000457763672,30.726999282836914,30.770000457763672,121,valid,,83.49299621582031,82482.39,2026-10-03T13:44:11.061689+00:00
2024-07-11,31.393999099731445,31.393999099731445,31.704999923706055,30.905000686645508,30.940000534057617,257,valid,,83.49590301513672,84275.8,2026-10-03T13:44:11.061689+00:00
2024-07-12,30.88599967956543,30.88599967956543,31.364999771118164,30.459999084472656,31.364999771118164,41,valid,,83.51850128173828,82934.54,2026-10-03T13:44:11.061689+00:00
2024-07-15,30.672000885009766,30.672000885009766,31.0049991607666,30.594999313354492,30.690000534057617,43,valid,,83.52030181884766,82361.69,2026-10-03T13:44:11.061689+00:00
2024-07-16,31.19499969482422,31.19499969482422,31.30500030517578,30.780000686645508,30.809999465942383,8,valid,,83.58760070800781,83833.56,2026-10-03T13:44:11.061689+00:00
2024-07-17,30.136999130249023,30.136999130249023,31.28499984741211,30.136999130249023,31.204999923706055,69,valid,,83.52960205078125,80934.09,2026-10-03T13:44:11.061689+00:00
2024-07-18,29.9950008392334,29.9950008392334,30.5049991607666,29.989999771118164,30.5049991607666,4,valid,,83.57209777832031,80593.73,2026-10-03T13:44:11.061689+00:00
2024-07-19,29.08799934387207,29.08799934387207,29.75,28.899999618530273,29.75,73,valid,,83.67430114746094,78252.28,2026-10-03T13:44:11.061689+00:00
2024-07-22,29.124000549316406,29.124000549316406,29.170000076293945,28.780000686645508,29.170000076293945,27,valid,,83.73030090332031,78401.57,2026-10-03T13:44:11.061689+00:00
2024-07-23,29.131999969482422,29.131999969482422,29.131999969482422,28.799999237060547,29.0,21,valid,,83.67130279541016,78367.84,2026-10-03T13:44:11.061689+00:00
2024-07-24,29.115999221801758,29.115999221801758,29.115999221801758,28.985000610351562,29.115999221801758,9,valid,,83.70680236816406,78358.03,2026-10-03T13:44:11.061689+00:00
2024-07-25,27.80699920654297,27.80699920654297,28.700000762939453,27.549999237060547,28.700000762939453,157,valid,,83.74299621582031,74867.56,2026-10-03T13:44:11.061689+00:00
2024-07-26,27.860000610351562,27.860000610351562,28.010000228881836,27.739999771118164,28.010000228881836,75,valid,,83.73760223388672,75005.43,2026-10-03T13:44:11.061689+00:00
2024-07-29,27.702999114990234,27.702999114990234,28.049999237060547,27.702999114990234,28.049999237060547,819,valid,,83.72779846191406,74574.01,2026-10-03T13:44:11.061689+00:00
2024-07-30,28.364999771118164,28.364999771118164,28.364999771118164,27.799999237060547,27.825000762939453,320,valid,,83.75050354003906,76376.77,2026-10-03T13:44:11.061689+00:00
2024-07-31,28.777999877929688,28.777999877929688,28.885000228881836,28.71500015258789,28.71500015258789,17,valid,,83.73899841308594,77478.18,2026-10-03T13:44:11.061689+00:00
2024-08-01,28.33099937438965,28.33099937438965,28.94499969482422,28.33099937438965,28.94499969482422,16,valid,,83.7177963256836,76255.42,2026-10-03T13:44:11.061689+00:00
2024-08-02,28.246000289916992,28.246000289916992,28.93000030517578,28.246000289916992,28.899999618530273,101,valid,,83.743896484375,76050.34,2026-10-03T13:44:11.061689+00:00
2024-08-05,27.076000213623047,27.076000213623047,28.559999465942383,26.84000015258789,28.165000915527344,38,valid,,83.73529815673828,72892.72,2026-10-03T13:44:11.061689+00:00
2024-08-06,27.09600067138672,27.09600067138672,27.229999542236328,27.09600067138672,27.21500015258789,110,valid,,84.00260162353516,73179.43,2026-10-03T13:44:11.061689+00:00
2024-08-07,26.829999923706055,26.829999923706055,26.915000915527344,26.69499969482422,26.915000915527344,7,valid,,83.93489837646484,72402.62,2026-10-03T13:44:11.061689+00:00
2024-08-08,27.5,27.5,27.5049991607666,27.05500030517578,27.05500030517578,36,valid,,83.94239807128906,74217.3,2026-10-03T13:44:11.061689+00:00
2024-08-09,27.48699951171875,27.48699951171875,27.48699951171875,27.48699951171875,27.48699951171875,2,valid,,83.98899841308594,74223.39,2026-10-03T13:44:11.061689+00:00
2024-08-12,27.91699981689453,27.91699981689453,27.924999237060547,27.780000686645508,27.84000015258789,11,valid,,83.94979858398438,75349.34,2026-10-03T13:44:11.061689+00:00
2024-08-13,27.69499969482422,27.69499969482422,27.69499969482422,27.69499969482422,27.69499969482422,4,valid,,83.88999938964844,74696.91,2026-10-03T13:44:11.061689+00:00
2024-08-14,27.253999710083008,27.253999710083008,27.253999710083008,27.253999710083008,27.253999710083008,30,valid,,83.88200378417969,73500.47,2026-10-03T13:44:11.061689+00:00
2024-08-15,28.341999053955078,28.341999053955078,28.341999053955078,28.145000457763672,28.145000457763672,41,valid,,83.97149658203125,76516.21,2026-10-03T13:44:11.061689+00:00
2024-08-16,28.777999877929688,28.777999877929688,28.777999877929688,28.777999877929688,28.777999877929688,15,valid,,83.94830322265625,77671.84,2026-10-03T13:44:11.061689+00:00
2024-08-19,29.239999771118164,29.239999771118164,29.239999771118164,29.239999771118164,29.239999771118164,18,valid,,83.88980102539062,78863.78,2026-10-03T13:44:11.061689+00:00
2024-08-20,29.454999923706055,29.454999923706055,29.954999923706055,29.454999923706055,29.854999542236328,15,valid,,83.87860107421875,79433.06,2026-10-03T13:44:11.061689+00:00
2024-08-21,29.47599983215332,29.47599983215332,29.47599983215332,29.47599983215332,29.47599983215332,1,valid,,83.77940368652344,79395.68,2026-10-03T13:44:11.061689+00:00
2024-08-22,29.006000518798828,29.006000518798828,29.450000762939453,29.0,29.44499969482422,4,valid,,83.88860321044922,78231.54,2026-10-03T13:44:11.061689+00:00
2024-08-23,29.785999298095703,29.785999298095703,29.785999298095703,29.785999298095703,29.785999298095703,8,valid,,83.94059753417969,80385.05,2026-10-03T13:44:11.061689+00:00
2024-08-26,29.976999282836914,29.976999282836914,30.104999542236328,29.905000686645508,30.104999542236328,53,valid,,83.81379699707031,80778.3,2026-10-03T13:44:11.061689+00:00
2024-08-27,29.951000213623047,29.951000213623047,29.985000610351562,29.951000213623047,29.951000213623047,78,valid,,83.88369750976562,80775.56,2026-10-03T13:44:11.061689+00:00
2024-08-28,29.176000595092773,29.176000595092773,29.176000595092773,29.176000595092773,29.176000595092773,42397,valid,,83.92160034179688,78721.0,2026-10-03T13:44:11.061689+00:00
2024-08-29,29.55699920654297,29.55699920654297,29.655000686645508,29.110000610351562,29.110000610351562,7849,valid,,83.94149780273438,79767.89,2026-10-03T13:44:11.061689+00:00
2024-08-30,28.731000900268555,28.731000900268555,29.55500030517578,28.709999084472656,29.3799991607666,488,valid,,83.89510345458984,77495.85,2026-10-03T13:44:11.061689+00:00
2024-09-03,27.951000213623047,27.951000213623047,28.565000534057617,27.69499969482422,28.354999542236328,292,valid,,83.92729949951172,75420.89,2026-10-03T13:44:11.061689+00:00
2024-09-04,28.16699981689453,28.16699981689453,28.21500015258789,27.885000228881836,27.885000228881836,237,valid,,83.95030212402344,76024.56,2026-10-03T13:44:11.061689+00:00
2024-09-05,28.719999313354492,28.719999313354492,28.770000457763672,28.19499969482422,28.19499969482422,299,valid,,83.98249816894531,77546.87,2026-10-03T13:44:11.061689+00:00
2024-09-06,27.808000564575195,27.808000564575195,28.584999084472656,27.808000564575195,28.584999084472656,72,valid,,83.98359680175781,75085.36,2026-10-03T13:44:11.061689+00:00
2024-09-09,28.291000366210938,28.291000366210938,28.34000015258789,28.049999237060547,28.084999084472656,72,valid,,83.98259735107422,76388.62,2026-10-03T13:44:11.061689+00:00
2024-09-10,28.256999969482422,28.256999969482422,28.256999969482422,28.204999923706055,28.2450008392334,20,valid,,83.98090362548828,76295.28,2026-10-03T13:44:11.061689+00:00
2024-09-11,28.562999725341797,28.562999725341797,28.68000030517578,28.4950008392334,28.4950008392334,18,valid,,83.98200225830078,77122.5,2026-10-03T13:44:11.061689+00:00
2024-09-12,29.743000030517578,29.743000030517578,29.799999237060547,28.790000915527344,28.80500030517578,33,valid,,83.99259948730469,80318.73,2026-10-03T13:44:11.061689+00:00
2024-09-13,30.698999404907227,30.698999404907227,30.770000457763672,29.979999542236328,29.979999542236328,66,valid,,83.93479919433594,82843.29,2026-10-03T13:44:11.061689+00:00
2024-09-16,30.770999908447266,30.770999908447266,31.014999389648438,30.764999389648438,30.885000228881836,116,valid,,83.88480377197266,82988.13,2026-10-03T13:44:11.061689+00:00
2024-09-17,30.618999481201172,30.618999481201172,30.700000762939453,30.618999481201172,30.618999481201172,52,valid,,83.88400268554688,82577.4,2026-10-03T13:44:11.061689+00:00
2024-09-18,30.340999603271484,30.340999603271484,30.729999542236328,30.299999237060547,30.65999984741211,86,valid,,83.77059936523438,81717.03,2026-10-03T13:44:11.061689+00:00
2024-09-19,31.0939998626709,31.0939998626709,31.0939998626709,30.049999237060547,30.049999237060547,26,valid,,83.69170379638672,83666.2,2026-10-03T13:44:11.061689+00:00
2024-09-20,31.176000595092773,31.176000595092773,31.200000762939453,31.065000534057617,31.065000534057617,3,valid,,83.61470031738281,83809.66,2026-10-03T13:44:11.061689+00:00
2024-09-23,30.767000198364258,30.767000198364258,30.864999771118164,30.6299991607666,30.6299991607666,70,valid,,83.48709869384766,82583.94,2026-10-03T13:44:11.061689+00:00
2024-09-24,32.111000061035156,32.111000061035156,32.111000061035156,30.825000762939453,30.860000610351562,35,valid,,83.55960083007812,86266.32,2026-10-03T13:44:11.061689+00:00
2024-09-25,31.697999954223633,31.697999954223633,31.989999771118164,31.697999954223633,31.80500030517578,38,valid,,83.56759643554688,85164.94,2026-10-03T13:44:11.061689+00:00
2024-09-26,32.025001525878906,32.025001525878906,32.25,32.025001525878906,32.23500061035156,301,valid,,83.62409973144531,86101.69,2026-10-03T13:44:11.061689+00:00
2024-09-27,31.518999099731445,31.518999099731445,32.13999938964844,31.44499969482422,31.815000534057617,120,valid,,83.61710357666016,84734.17,2026-10-03T13:44:11.061689+00:00
2024-09-30,31.163999557495117,31.163999557495117,31.604999542236328,31.1200008392334,31.604999542236328,73,valid,,83.71640014648438,83879.3,2026-10-03T13:44:11.061689+00:00
2024-10-01,31.44499969482422,31.44499969482422,31.594999313354492,31.309999465942383,31.350000381469727,86,valid,,83.82730102539062,84747.74,2026-10-03T13:44:11.061689+00:00
2024-10-02,31.628000259399414,31.628000259399414,31.700000762939453,31.05500030517578,31.05500030517578,24,valid,,83.87210083007812,85286.5,2026-10-03T13:44:11.061689+00:00
2024-10-03,32.18899917602539,32.18899917602539,32.18899917602539,31.440000534057617,31.459999084472656,146,valid,,83.91960144042969,86848.43,2026-10-03T13:44:11.061689+00:00
2024-10-04,32.12799835205078,32.12799835205078,32.86000061035156,31.610000610351562,32.095001220703125,156,valid,,84.0093994140625,86776.6,2026-10-03T13:44:11.061689+00:00
2024-10-07,31.7450008392334,31.7450008392334,31.7450008392334,31.59000015258789,31.59000015258789,1,valid,,84.02780151367188,85760.91,2026-10-03T13:44:11.061689+00:00
2024-10-08,30.354999542236328,30.354999542236328,31.385000228881836,30.354999542236328,31.385000228881836,21,valid,,83.96410369873047,81943.58,2026-10-03T13:44:11.061689+00:00
2024-10-09,30.424999237060547,30.424999237060547,30.485000610351562,30.424999237060547,30.485000610351562,2,valid,,83.91459655761719,82084.12,2026-10-03T13:44:11.061689+00:00
2024-10-10,31.0049991607666,31.0049991607666,31.0049991607666,31.0049991607666,31.0049991607666,4,valid,,83.94219970703125,83676.43,2026-10-03T13:44:11.061689+00:00
2024-10-11,31.520000457763672,31.520000457763672,31.53499984741211,31.520000457763672,31.53499984741211,15,valid,,83.94599914550781,85070.17,2026-10-03T13:44:11.061689+00:00
2024-10-14,31.08300018310547,31.08300018310547,31.200000762939453,31.08300018310547,31.08300018310547,2,valid,,84.16829681396484,84112.89,2026-10-03T13:44:11.061689+00:00
2024-10-15,31.527000427246094,31.527000427246094,31.527000427246094,31.527000427246094,31.527000427246094,0,valid,,84.04850006103516,85192.95,2026-10-03T13:44:11.061689+00:00
2024-10-16,31.760000228881836,31.760000228881836,31.760000228881836,31.645000457763672,31.649999618530273,25,valid,,84.05619812011719,85830.43,2026-10-03T13:44:11.061689+00:00
2024-10-17,31.572999954223633,31.572999954223633,31.854999542236328,31.572999954223633,31.68000030517578,26,valid,,84.03929901123047,85307.92,2026-10-03T13:44:11.061689+00:00
2024-10-18,33.03200149536133,33.03200149536133,33.68000030517578,33.03200149536133,33.03200149536133,33,valid,,84.05380249023438,89265.43,2026-10-03T13:44:11.061689+00:00
2024-10-21,33.86899948120117,33.86899948120117,34.255001068115234,33.8650016784668,33.8650016784668,58,valid,,84.0687026977539,91543.56,2026-10-03T13:44:11.061689+00:00
2024-10-22,34.83100128173828,34.83100128173828,34.834999084472656,34.42499923706055,34.474998474121094,80,valid,,84.07350158691406,94149.1,2026-10-03T13:44:11.061689+00:00
2024-10-23,33.63999938964844,33.63999938964844,34.55500030517578,33.63999938964844,34.55500030517578,6,valid,,84.08399963378906,90941.14,2026-10-03T13:44:11.061689+00:00
2024-10-24,33.611000061035156,33.611000061035156,34.13999938964844,33.611000061035156,34.13999938964844,24,valid,,84.06759643554688,90845.02,2026-10-03T13:44:11.061689+00:00
2024-10-25,33.60300064086914,33.60300064086914,33.70500183105469,33.25,33.25,22,valid,,84.08180236816406,90838.75,2026-10-03T13:44:11.061689+00:00
2024-10-28,33.83000183105469,33.83000183105469,33.83000183105469,33.77000045776367,33.77000045776367,3,valid,,84.10199737548828,91474.36,2026-10-03T13:44:11.061689+00:00
2024-10-29,34.26900100708008,34.26900100708008,34.26900100708008,34.26900100708008,34.26900100708008,133,valid,,84.10279846191406,92662.27,2026-10-03T13:44:11.061689+00:00
2024-10-30,33.91400146484375,33.91400146484375,34.16999816894531,33.540000915527344,34.119998931884766,79,valid,,84.08930206298828,91687.65,2026-10-03T13:44:11.061689+00:00
2024-10-31,32.65299987792969,32.65299987792969,33.525001525878906,32.59000015258789,33.525001525878906,37,valid,,84.08910369873047,88278.28,2026-10-03T13:44:11.061689+00:00
2024-11-01,32.54199981689453,32.54199981689453,32.54199981689453,32.400001525878906,32.54199981689453,98,valid,,84.09149932861328,87980.7,2026-10-03T13:44:11.061689+00:00
2024-11-04,32.47999954223633,32.47999954223633,32.47999954223633,32.47999954223633,32.47999954223633,0,valid,,84.13359832763672,87857.03,2026-10-03T13:44:11.061689+00:00
2024-11-05,32.654998779296875,32.654998779296875,32.654998779296875,32.654998779296875,32.654998779296875,6,valid,,84.15249633789062,88350.24,2026-10-03T13:44:11.061689+00:00
2024-11-06,31.22100067138672,31.22100067138672,32.040000915527344,31.0,32.040000915527344,6,valid,,84.11630249023438,84434.13,2026-10-03T13:44:11.061689+00:00
2024-11-07,31.764999389648438,31.764999389648438,31.764999389648438,31.44499969482422,31.44499969482422,222,valid,,84.2511978149414,86043.09,2026-10-03T13:44:11.061689+00:00
2024-11-08,31.358999252319336,31.358999252319336,31.4950008392334,31.344999313354492,31.4950008392334,3,valid,,84.306396484375,84998.99,2026-10-03T13:44:11.061689+00:00
2024-11-11,30.540000915527344,30.540000915527344,31.114999771118164,30.5,31.114999771118164,69,valid,,84.38289642333984,82854.2,2026-10-03T13:44:11.061689+00:00
2024-11-12,30.68600082397461,30.68600082397461,30.68600082397461,30.309999465942383,30.309999465942383,5,valid,,84.39649963378906,83263.72,2026-10-03T13:44:11.061689+00:00
2024-11-13,30.59000015258789,30.59000015258789,30.969999313354492,30.43000030517578,30.969999313354492,5,valid,,84.39530181884766,83002.05,2026-10-03T13:44:11.061689+00:00
2024-11-14,30.507999420166016,30.507999420166016,30.56999969482422,29.735000610351562,30.170000076293945,38,valid,,84.4229965209961,82806.71,2026-10-03T13:44:11.061689+00:00
2024-11-15,30.371000289916992,30.371000289916992,30.371000289916992,30.2450008392334,30.31999969482422,2,valid,,84.47380065917969,82484.47,2026-10-03T13:44:11.061689+00:00
2024-11-18,31.163000106811523,31.163000106811523,31.163000106811523,31.163000106811523,31.163000106811523,6,valid,,84.47750091552734,84639.17,2026-10-03T13:44:11.061689+00:00
2024-11-19,31.20800018310547,31.20800018310547,31.475000381469727,31.149999618530273,31.454999923706055,10,valid,,84.39849853515625,84682.12,2026-10-03T13:44:11.061689+00:00
2024-11-20,30.95599937438965,30.95599937438965,31.18000030517578,30.95599937438965,31.18000030517578,7,valid,,84.39759826660156,83997.43,2026-10-03T13:44:11.061689+00:00
2024-11-21,30.91200065612793,30.91200065612793,30.94499969482422,30.75,30.94499969482422,30,valid,,84.38310241699219,83863.63,2026-10-03T13:44:11.061689+00:00
2024-11-22,31.30900001525879,31.30900001525879,31.30900001525879,31.260000228881836,31.299999237060547,5,valid,,84.48829650878906,85046.57,2026-10-03T13:44:11.061689+00:00
2024-11-25,30.209999084472656,30.209999084472656,30.815000534057617,30.209999084472656,30.815000534057617,12,valid,,84.43599700927734,82010.49,2026-10-03T13:44:11.061689+00:00
2024-11-26,30.38800048828125,30.38800048828125,30.38800048828125,30.38800048828125,30.38800048828125,55215,valid,,84.37750244140625,82436.56,2026-10-03T13:44:11.061689+00:00
2024-11-27,30.111000061035156,30.111000061035156,30.75,29.989999771118164,30.489999771118164,19729,valid,,84.33910369873047,81647.94,2026-10-03T13:44:11.061689+00:00
2024-11-29,30.684999465942383,30.684999465942383,30.950000762939453,29.655000686645508,30.135000228881836,2230,valid,,84.47160339355469,83335.09,2026-10-03T13:44:11.061689+00:00
2024-12-02,30.448999404907227,30.448999404907227,30.670000076293945,30.170000076293945,30.510000228881836,158,valid,,84.55699920654297,82777.76,2026-10-03T13:44:11.061689+00:00
2024-12-03,31.07699966430664,31.07699966430664,31.110000610351562,30.8700008392334,30.934999465942383,211,valid,,84.73709869384766,84664.97,2026-10-03T13:44:11.061689+00:00
2024-12-04,31.5049991607666,31.5049991607666,31.5049991607666,30.920000076293945,31.155000686645508,504,valid,,84.68309783935547,85776.29,2026-10-03T13:44:11.061689+00:00
2024-12-05,31.134000778198242,31.134000778198242,31.475000381469727,31.134000778198242,31.290000915527344,211,valid,,84.70700073242188,84790.13,2026-10-03T13:44:11.061689+00:00
2024-12-06,31.18600082397461,31.18600082397461,31.334999084472656,31.079999923706055,31.299999237060547,35,valid,,84.68379974365234,84908.48,2026-10-03T13:44:11.061689+00:00
2024-12-09,32.215999603271484,32.215999603271484,32.51499938964844,31.440000534057617,31.440000534057617,642,valid,,84.66600036621094,87694.37,2026-10-03T13:44:11.061689+00:00
2024-12-10,32.362998962402344,32.362998962402344,32.362998962402344,32.03499984741211,32.10499954223633,689,valid,,84.84729766845703,88283.15,2026-10-03T13:44:11.061689+00:00
2024-12-11,32.5620002746582,32.5620002746582,32.5620002746582,32.20500183105469,32.34000015258789,484,valid,,84.8740005493164,88853.96,2026-10-03T13:44:11.061689+00:00
2024-12-12,31.22800064086914,31.22800064086914,32.77000045776367,31.225000381469727,32.529998779296875,108,valid,,84.85710144042969,85196.83,2026-10-03T13:44:11.061689+00:00
2024-12-13,30.655000686645508,30.655000686645508,31.0,30.559999465942383,31.0,47,valid,,84.83920288085938,83615.92,2026-10-03T13:44:11.061689+00:00
2024-12-16,30.69700050354004,30.69700050354004,30.815000534057617,30.68000030517578,30.815000534057617,36,valid,,84.802001953125,83693.77,2026-10-03T13:44:11.061689+00:00
2024-12-17,30.572999954223633,30.572999954223633,30.572999954223633,30.290000915527344,30.344999313354492,365,valid,,84.91729736328125,83469.01,2026-10-03T13:44:11.061689+00:00
2024-12-18,30.40999984741211,30.40999984741211,30.440000534057617,29.8799991607666,30.440000534057617,290,valid,,84.91539764404297,83022.14,2026-10-03T13:44:11.061689+00:00
2024-12-19,29.0939998626709,29.0939998626709,29.614999771118164,28.854999542236328,29.604999542236328,81,valid,,85.16549682617188,79663.28,2026-10-03T13:44:11.061689+00:00
2024-12-20,29.65999984741211,29.65999984741211,29.844999313354492,29.104999542236328,29.165000915527344,61,valid,,85.27940368652344,81321.68,2026-10-03T13:44:11.061689+00:00
2024-12-23,29.88800048828125,29.88800048828125,29.989999771118164,29.88800048828125,29.895000457763672,54,valid,,84.94499969482422,81625.48,2026-10-03T13:44:11.061689+00:00
2024-12-24,29.974000930786133,29.974000930786133,29.974000930786133,29.974000930786133,29.974000930786133,66,valid,,85.0988998413086,82008.66,2026-10-03T13:44:11.061689+00:00
2024-12-26,30.047000885009766,30.047000885009766,30.114999771118164,29.979999542236328,30.014999389648438,109,valid,,85.41339874267578,82512.21,2026-10-03T13:44:11.061689+00:00
2024-12-27,29.655000686645508,29.655000686645508,29.934999465942383,29.604999542236328,29.934999465942383,502,valid,,85.26090240478516,81290.34,2026-10-03T13:44:11.061689+00:00
2024-12-30,29.106000900268555,29.106000900268555,29.719999313354492,28.989999771118164,29.65999984741211,200,valid,,85.38600158691406,79902.48,2026-10-03T13:44:11.061689+00:00
2024-12-31,28.940000534057617,28.940000534057617,29.170000076293945,28.940000534057617,29.135000228881836,172,valid,,85.7865982055664,79819.51,2026-10-03T13:44:11.061689+00:00
2025-01-02,29.621999740600586,29.621999740600586,29.71500015258789,29.260000228881836,29.260000228881836,307,valid,,85.78569793701172,81699.67,2026-10-03T13:44:11.061689+00:00
2025-01-03,29.805999755859375,29.805999755859375,30.079999923706055,29.805999755859375,30.079999923706055,91,valid,,85.80400085449219,82224.7,2026-10-03T13:44:11.061689+00:00
2025-01-06,30.341999053955078,30.341999053955078,30.459999084472656,29.959999084472656,30.3700008392334,186,valid,,85.75900268554688,83659.44,2026-10-03T13:44:11.061689+00:00
2025-01-07,30.44700050354004,30.44700050354004,30.44700050354004,30.44700050354004,30.44700050354004,6,valid,,85.68070220947266,83872.31,2026-10-03T13:44:11.061689+00:00
2025-01-08,30.45199966430664,30.45199966430664,30.649999618530273,30.280000686645508,30.524999618530273,46,valid,,85.80650329589844,84009.25,2026-10-03T13:44:11.061689+00:00
2025-01-09,30.791000366210938,30.791000366210938,30.96500015258789,30.735000610351562,30.96500015258789,192,valid,,85.90750122070312,85044.44,2026-10-03T13:44:11.061689+00:00
2025-01-10,31.090999603271484,31.090999603271484,31.53499984741211,31.09000015258789,31.53499984741211,60,valid,,85.91999816894531,85885.53,2026-10-03T13:44:11.061689+00:00
2025-01-13,30.090999603271484,30.090999603271484,30.274999618530273,30.090999603271484,30.274999618530273,2,valid,,86.18800354003906,83382.42,2026-10-03T13:44:11.061689+00:00
2025-01-14,30.131999969482422,30.131999969482422,30.19499969482422,30.131999969482422,30.19499969482422,66,valid,,86.65059661865234,83944.18,2026-10-03T13:44:11.061689+00:00
2025-01-15,31.319000244140625,31.319000244140625,31.350000381469727,30.875,30.8799991607666,21,valid,,86.535400390625,87135.02,2026-10-03T13:44:11.061689+00:00
2025-01-16,31.523000717163086,31.523000717163086,31.674999237060547,31.329999923706055,31.385000228881836,109,valid,,86.43099975585938,87596.78,2026-10-03T13:44:11.061689+00:00
2025-01-17,30.951000213623047,30.951000213623047,31.209999084472656,30.951000213623047,31.200000762939453,5,valid,,86.6061019897461,86181.54,2026-10-03T13:44:11.061689+00:00
2025-01-21,31.31100082397461,31.31100082397461,31.31100082397461,30.774999618530273,30.799999237060547,215,valid,,86.21109771728516,86786.3,2026-10-03T13:44:11.061689+00:00
2025-01-22,31.23900032043457,31.23900032043457,31.23900032043457,30.9950008392334,30.9950008392334,7,valid,,86.45189666748047,86828.58,2026-10-03T13:44:11.061689+00:00
2025-01-23,30.67300033569336,30.67300033569336,30.67300033569336,30.399999618530273,30.399999618530273,2,valid,,86.47270202636719,85275.91,2026-10-03T13:44:11.061689+00:00
2025-01-24,31.023000717163086,31.023000717163086,31.075000762939453,30.989999771118164,31.075000762939453,112,valid,,86.44020080566406,86216.55,2026-10-03T13:44:11.061689+00:00
2025-01-27,30.253999710083008,30.253999710083008,30.253999710083008,30.253999710083008,30.253999710083008,111,valid,,86.2030029296875,83848.68,2026-10-03T13:44:11.061689+00:00
2025-01-28,30.726999282836914,30.726999282836914,30.726999282836914,30.364999771118164,30.364999771118164,132,valid,,86.46839904785156,85421.78,2026-10-03T13:44:11.061689+00:00
2025-01-29,31.238000869750977,31.238000869750977,31.238000869750977,31.238000869750977,31.238000869750977,263,valid,,86.58460235595703,86959.09,2026-10-03T13:44:11.061689+00:00
2025-01-30,32.36399841308594,32.36399841308594,32.599998474121094,31.469999313354492,31.479999542236328,557,valid,,86.6406021118164,90151.86,2026-10-03T13:44:11.061689+00:00
2025-01-31,32.12799835205078,32.12799835205078,32.7599983215332,32.11000061035156,32.67499923706055,162,valid,,86.64700317382812,89501.08,2026-10-03T13:44:11.061689+00:00
2025-02-03,32.391998291015625,32.391998291015625,32.459999084472656,31.6299991607666,32.14500045776367,444,valid,,86.55400085449219,90139.67,2026-10-03T13:44:11.061689+00:00
2025-02-04,32.88800048828125,32.88800048828125,32.88800048828125,32.1150016784668,32.209999084472656,744,valid,,86.94339752197266,91931.67,2026-10-03T13:44:11.061689+00:00
2025-02-05,32.856998443603516,32.856998443603516,32.856998443603516,32.6349983215332,32.80500030517578,42,valid,,87.13009643554688,92042.23,2026-10-03T13:44:11.061689+00:00
2025-02-06,32.518001556396484,32.518001556396484,32.518001556396484,32.3849983215332,32.5,651,valid,,87.33409881591797,91305.88,2026-10-03T13:44:11.061689+00:00
2025-02-07,32.334999084472656,32.334999084472656,32.7400016784668,32.11000061035156,32.7400016784668,172,valid,,87.58830261230469,91056.31,2026-10-03T13:44:11.061689+00:00
2025-02-10,32.391998291015625,32.391998291015625,32.391998291015625,32.310001373291016,32.310001373291016,456,valid,,87.51309967041016,91138.5,2026-10-03T13:44:11.061689+00:00
2025-02-11,32.23099899291992,32.23099899291992,32.2599983215332,31.635000228881836,32.11000061035156,23,valid,,87.49009704589844,90661.67,2026-10-03T13:44:11.061689+00:00
2025-02-12,32.69499969482422,32.69499969482422,32.755001068115234,31.96500015258789,31.96500015258789,80,valid,,86.81120300292969,91253.22,2026-10-03T13:44:11.061689+00:00
2025-02-13,32.650001525878906,32.650001525878906,32.880001068115234,32.53499984741211,32.834999084472656,119,valid,,86.8740005493164,91193.54,2026-10-03T13:44:11.061689+00:00
2025-02-14,32.80099868774414,32.80099868774414,34.08000183105469,32.75,33.744998931884766,153,valid,,86.75409698486328,91488.84,2026-10-03T13:44:11.061689+00:00
2025-02-18,33.31700134277344,33.31700134277344,33.36000061035156,32.7599983215332,32.7599983215332,201,valid,,86.85479736328125,93035.95,2026-10-03T13:44:11.061689+00:00
2025-02-19,32.99300003051758,32.99300003051758,33.560001373291016,32.99300003051758,33.560001373291016,21,valid,,86.88719940185547,92165.56,2026-10-03T13:44:11.061689+00:00
2025-02-20,33.444000244140625,33.444000244140625,33.444000244140625,33.444000244140625,33.444000244140625,0,valid,,86.872802734375,93409.94,2026-10-03T13:44:11.061689+00:00
2025-02-21,32.97600173950195,32.97600173950195,33.32500076293945,32.97600173950195,33.32500076293945,96,valid,,86.45120239257812,91655.83,2026-10-03T13:44:11.061689+00:00
2025-02-24,32.57500076293945,32.57500076293945,32.85499954223633,32.57500076293945,32.834999084472656,115,valid,,86.52940368652344,90623.16,2026-10-03T13:44:11.061689+00:00
2025-02-25,31.801000595092773,31.801000595092773,32.439998626708984,31.801000595092773,32.125,72,valid,,86.69010162353516,88634.21,2026-10-03T13:44:11.061689+00:00
2025-02-26,32.25299835205078,32.25299835205078,32.25299835205078,32.25299835205078,32.25299835205078,36515,valid,,87.0811996459961,90299.54,2026-10-03T13:44:11.061689+00:00
2025-02-27,31.801000595092773,31.801000595092773,32.290000915527344,31.469999313354492,32.23500061035156,10140,valid,,87.16220092773438,89116.89,2026-10-03T13:44:11.061689+00:00
2025-02-28,31.2189998626709,31.2189998626709,31.645000457763672,31.084999084472656,31.575000762939453,1641,valid,,87.3270034790039,87651.35,2026-10-03T13:44:11.061689+00:00
2025-03-03,32.03200149536133,32.03200149536133,32.209999084472656,31.375,31.434999465942383,872,valid,,87.46399688720703,90075.04,2026-10-03T13:44:11.061689+00:00
2025-03-04,32.108001708984375,32.108001708984375,32.290000915527344,31.770000457763672,31.84000015258789,762,valid,,87.32959747314453,90150.01,2026-10-03T13:44:11.061689+00:00
2025-03-05,32.858001708984375,32.858001708984375,33.0,32.16999816894531,32.16999816894531,912,valid,,87.21700286865234,92136.85,2026-10-03T13:44:11.061689+00:00
2025-03-06,33.0629997253418,33.0629997253418,33.0629997253418,32.630001068115234,32.97999954223633,370,valid,,86.88929748535156,92363.33,2026-10-03T13:44:11.061689+00:00
2025-03-07,32.54800033569336,32.54800033569336,32.93000030517578,32.404998779296875,32.93000030517578,926,valid,,87.12879943847656,91175.28,2026-10-03T13:44:11.061689+00:00
2025-03-10,32.275001525878906,32.275001525878906,32.76499938964844,32.10499954223633,32.76499938964844,300,valid,,87.07379913330078,90353.47,2026-10-03T13:44:11.061689+00:00
2025-03-11,32.88800048828125,32.88800048828125,33.1349983215332,32.27000045776367,32.29499816894531,243,valid,,87.3551025390625,92366.99,2026-10-03T13:44:11.061689+00:00
2025-03-12,33.48400115966797,33.48400115966797,33.5,33.189998626708984,33.244998931884766,689,valid,,87.20010375976562,93874.02,2026-10-03T13:44:11.061689+00:00
2025-03-13,34.05099868774414,34.05099868774414,34.404998779296875,33.349998474121094,33.3849983215332,345,valid,,87.3405990600586,95617.43,2026-10-03T13:44:11.061689+00:00
2025-03-14,34.1870002746582,34.1870002746582,34.55500030517578,34.05500030517578,34.244998931884766,191,valid,,86.9220962524414,95539.34,2026-10-03T13:44:11.061689+00:00
2025-03-17,34.07400131225586,34.07400131225586,34.1150016784668,33.96500015258789,34.040000915527344,333,valid,,86.93900299072266,95242.08,2026-10-03T13:44:11.061689+00:00
2025-03-18,34.57899856567383,34.57899856567383,34.57899856567383,34.404998779296875,34.5,15,valid,,86.91639709472656,96628.49,2026-10-03T13:44:11.061689+00:00
2025-03-19,33.974998474121094,33.974998474121094,34.39500045776367,33.974998474121094,34.39500045776367,193,valid,,86.57610321044922,94568.94,2026-10-03T13:44:11.061689+00:00
2025-03-20,33.7859992980957,33.7859992980957,33.810001373291016,33.689998626708984,33.689998626708984,257,valid,,86.33709716796875,93783.25,2026-10-03T13:44:11.061689+00:00
2025-03-21,33.290000915527344,33.290000915527344,33.290000915527344,33.290000915527344,33.290000915527344,189,valid,,86.33609771728516,92405.39,2026-10-03T13:44:11.061689+00:00
2025-03-24,33.26499938964844,33.26499938964844,33.47999954223633,33.26499938964844,33.474998474121094,88,valid,,85.98699951171875,91962.63,2026-10-03T13:44:11.061689+00:00
2025-03-25,34.00199890136719,34.00199890136719,34.09000015258789,33.459999084472656,33.459999084472656,14,valid,,85.53209686279297,93502.8,2026-10-03T13:44:11.061689+00:00
2025-03-26,34.03300094604492,34.03300094604492,34.30500030517578,33.994998931884766,34.30500030517578,134,valid,,85.59040069580078,93651.85,2026-10-03T13:44:11.061689+00:00
2025-03-27,34.89699935913086,34.89699935913086,34.89699935913086,34.89699935913086,34.89699935913086,1017,valid,,86.09539794921875,96595.99,2026-10-03T13:44:11.061689+00:00
2025-03-28,34.64400100708008,34.64400100708008,35.26499938964844,34.560001373291016,35.26499938964844,316,valid,,85.69490051269531,95449.59,2026-10-03T13:44:11.061689+00:00
2025-03-31,34.457000732421875,34.457000732421875,35.0,34.400001525878906,34.7599983215332,97,valid,,85.53880310058594,94761.45,2026-10-03T13:44:11.061689+00:00
2025-04-01,34.15800094604492,34.15800094604492,34.665000915527344,34.15800094604492,34.599998474121094,97,valid,,85.46810150146484,93861.52,2026-10-03T13:44:11.061689+00:00
2025-04-02,34.499000549316406,34.499000549316406,34.85499954223633,34.499000549316406,34.499000549316406,558,valid,,85.61009979248047,94956.04,2026-10-03T13:44:11.061689+00:00
2025-04-03,31.8439998626709,31.8439998626709,34.1349983215332,31.625,34.1349983215332,63,valid,,85.65119934082031,87690.41,2026-10-03T13:44:11.061689+00:00
2025-04-04,29.115999221801758,29.115999221801758,31.5,29.115999221801758,31.440000534057617,61,valid,,85.28289794921875,79833.42,2026-10-03T13:44:11.061689+00:00
2025-04-07,29.510000228881836,29.510000228881836,30.459999084472656,28.309999465942383,28.450000762939453,310,valid,,85.529296875,81147.51,2026-10-03T13:44:11.061689+00:00
2025-04-08,29.591999053955078,29.591999053955078,30.31999969482422,29.591999053955078,29.764999389648438,64,valid,,86.0270004272461,81846.51,2026-10-03T13:44:11.061689+00:00
2025-04-09,30.322999954223633,30.322999954223633,30.322999954223633,29.2549991607666,29.350000381469727,137,valid,,86.435302734375,84266.39,2026-10-03T13:44:11.061689+00:00
2025-04-10,30.67099952697754,30.67099952697754,31.049999237060547,30.67099952697754,31.030000686645508,4,valid,,86.20929718017578,85010.6,2026-10-03T13:44:11.061689+00:00
2025-04-11,31.823999404907227,31.823999404907227,31.823999404907227,31.114999771118164,31.114999771118164,24,valid,,86.2603988647461,88258.65,2026-10-03T13:44:11.061689+00:00
2025-04-14,32.09199905395508,32.09199905395508,32.09199905395508,31.799999237060547,31.799999237060547,17,valid,,86.19300079345703,88932.36,2026-10-03T13:44:11.061689+00:00
2025-04-15,32.22700119018555,32.22700119018555,32.22700119018555,32.22700119018555,32.22700119018555,45,valid,,86.0447998046875,89152.92,2026-10-03T13:44:11.061689+00:00
2025-04-16,32.92599868774414,32.92599868774414,33.025001525878906,32.755001068115234,33.025001525878906,97,valid,,85.72669982910156,90749.89,2026-10-03T13:44:11.061689+00:00
2025-04-17,32.41999816894531,32.41999816894531,32.58000183105469,32.09000015258789,32.334999084472656,168,valid,,85.62049865722656,89244.57,2026-10-03T13:44:11.061689+00:00
2025-04-21,32.49599838256836,32.49599838256836,32.78499984741211,32.49599838256836,32.650001525878906,56,valid,,85.62049865722656,89453.78,2026-10-03T13:44:11.061689+00:00
2025-04-22,32.880001068115234,32.880001068115234,32.880001068115234,32.880001068115234,32.880001068115234,1,valid,,85.15889739990234,90022.88,2026-10-03T13:44:11.061689+00:00
2025-04-23,33.518001556396484,33.518001556396484,33.54999923706055,33.518001556396484,33.54999923706055,52,valid,,85.2323989868164,91848.89,2026-10-03T13:44:11.061689+00:00
2025-04-24,33.481998443603516,33.481998443603516,33.481998443603516,33.32500076293945,33.32500076293945,93,valid,,85.4999008178711,92038.18,2026-10-03T13:44:11.061689+00:00
2025-04-25,32.98899841308594,32.98899841308594,32.98899841308594,32.98899841308594,32.98899841308594,93,valid,,85.2573013305664,90425.68,2026-10-03T13:44:11.061689+00:00
2025-04-28,32.9900016784668,32.9900016784668,32.9900016784668,32.9900016784668,32.9900016784668,38963,valid,,85.38490295410156,90563.77,2026-10-03T13:44:11.061689+00:00
2025-04-29,33.275001525878906,33.275001525878906,33.51499938964844,32.81999969482422,33.095001220703125,9484,valid,,85.1603012084961,91105.86,2026-10-03T13:44:11.061689+00:00
2025-04-30,32.53099822998047,32.53099822998047,32.9900016784668,32.1349983215332,32.88999938964844,622,valid,,85.1707992553711,89079.79,2026-10-03T13:44:11.061689+00:00
2025-05-01,32.18899917602539,32.18899917602539,32.55500030517578,31.684999465942383,32.54499816894531,556,valid,,84.53119659423828,87481.37,2026-10-03T13:44:11.061689+00:00
2025-05-02,31.98900032043457,31.98900032043457,32.67499923706055,31.90999984741211,32.3849983215332,74,valid,,84.69670104980469,87108.04,2026-10-03T13:44:11.061689+00:00
2025-05-05,32.20500183105469,32.20500183105469,32.47999954223633,31.915000915527344,31.920000076293945,224,valid,,84.52629852294922,87519.78,2026-10-03T13:44:11.061689+00:00
2025-05-06,33.112998962402344,33.112998962402344,33.189998626708984,32.650001525878906,32.650001525878906,227,valid,,84.2208023071289,89662.11,2026-10-03T13:44:11.061689+00:00
2025-05-07,32.53099822998047,32.53099822998047,32.80500030517578,32.19499969482422,32.80500030517578,253,valid,,84.79319763183594,88684.86,2026-10-03T13:44:11.061689+00:00
2025-05-08,32.37799835205078,32.37799835205078,32.44499969482422,32.275001525878906,32.275001525878906,526,valid,,84.81719970703125,88292.74,2026-10-03T13:44:11.061689+00:00
2025-05-09,32.67599868774414,32.67599868774414,32.72999954223633,32.67599868774414,32.67599868774414,7,valid,,86.08219909667969,90434.32,2026-10-03T13:44:11.061689+00:00
2025-05-12,32.38800048828125,32.38800048828125,32.8650016784668,31.93000030517578,32.584999084472656,90,valid,,85.4083023071289,88935.53,2026-10-03T13:44:11.061689+00:00
2025-05-13,32.86800003051758,32.86800003051758,33.20500183105469,32.80500030517578,33.20000076293945,28,valid,,84.9656982421875,89785.87,2026-10-03T13:44:11.061689+00:00
2025-05-14,32.22600173950195,32.22600173950195,32.255001068115234,32.084999084472656,32.2400016784668,57,valid,,85.060302734375,88130.13,2026-10-03T13:44:11.061689+00:00
2025-05-15,32.48099899291992,32.48099899291992,32.48099899291992,32.48099899291992,32.48099899291992,2,valid,,85.48760223388672,89273.71,2026-10-03T13:44:11.061689+00:00
2025-05-16,32.15800094604492,32.15800094604492,32.2400016784668,31.90999984741211,32.19499969482422,100,valid,,85.44490051269531,88341.8,2026-10-03T13:44:11.061689+00:00
2025-05-19,32.3129997253418,32.3129997253418,32.56999969482422,32.209999084472656,32.439998626708984,217,valid,,85.50029754638672,88825.15,2026-10-03T13:44:11.061689+00:00
2025-05-20,32.97999954223633,32.97999954223633,33.064998626708984,32.06999969482422,32.119998931884766,35,valid,,85.37210083007812,90522.74,2026-10-03T13:44:11.061689+00:00
2025-05-21,33.4630012512207,33.4630012512207,33.57500076293945,33.04499816894531,33.04499816894531,217,valid,,85.53610229492188,92024.91,2026-10-03T13:44:11.061689+00:00
2025-05-22,33.047000885009766,33.047000885009766,33.57500076293945,32.84000015258789,33.57500076293945,16,valid,,85.60030364990234,90949.1,2026-10-03T13:44:11.061689+00:00
2025-05-23,33.44200134277344,33.44200134277344,33.53499984741211,33.099998474121094,33.099998474121094,44,valid,,85.97489929199219,92438.95,2026-10-03T13:44:11.061689+00:00
2025-05-27,33.145999908447266,33.145999908447266,33.22999954223633,32.94499969482422,33.22999954223633,203,valid,,85.158203125,90750.43,2026-10-03T13:44:11.061689+00:00
2025-05-28,33.0,33.0,33.14500045776367,32.95500183105469,33.14500045776367,656,valid,,85.3604965209961,90565.32,2026-10-03T13:44:11.061689+00:00
2025-05-29,33.28300094604492,33.28300094604492,33.439998626708984,32.65999984741211,32.90999984741211,686,valid,,85.38590240478516,91369.18,2026-10-03T13:44:11.061689+00:00
2025-05-30,32.891998291015625,32.891998291015625,32.974998474121094,32.891998291015625,32.974998474121094,380,valid,,85.36129760742188,90269.77,2026-10-03T13:44:11.061689+00:00
2025-06-02,34.5629997253418,34.5629997253418,34.790000915527344,33.45000076293945,33.45000076293945,188,valid,,85.52429962158203,95036.85,2026-10-03T13:44:11.061689+00:00
2025-06-03,34.50299835205078,34.50299835205078,34.50299835205078,34.314998626708984,34.314998626708984,14,valid,,85.36370086669922,94693.71,2026-10-03T13:44:11.061689+00:00
2025-06-04,34.51900100708008,34.51900100708008,34.51900100708008,34.38999938964844,34.38999938964844,164,valid,,85.70880126953125,95120.63,2026-10-03T13:44:11.061689+00:00
2025-06-05,35.68899917602539,35.68899917602539,36.025001525878906,35.29999923706055,35.30500030517578,55,valid,,85.9041976928711,98568.88,2026-10-03T13:44:11.061689+00:00
2025-06-06,36.025001525878906,36.025001525878906,36.35499954223633,35.6349983215332,35.654998779296875,367,valid,,85.87750244140625,99465.96,2026-10-03T13:44:11.061689+00:00
2025-06-09,36.6879997253418,36.6879997253418,36.6879997253418,36.6879997253418,36.6879997253418,28,valid,,85.7853012084961,101187.76,2026-10-03T13:44:11.061689+00:00
2025-06-10,36.54199981689453,36.54199981689453,36.54199981689453,36.45000076293945,36.459999084472656,133,valid,,85.75599670410156,100750.65,2026-10-03T13:44:11.061689+00:00
2025-06-11,36.16600036621094,36.16600036621094,36.27000045776367,36.09000015258789,36.09000015258789,33,valid,,85.65280151367188,99593.99,2026-10-03T13:44:11.061689+00:00
2025-06-12,36.2130012512207,36.2130012512207,36.2130012512207,35.7599983215332,35.7599983215332,51,valid,,85.46980285644531,99510.36,2026-10-03T13:44:11.061689+00:00
2025-06-13,36.28099822998047,36.28099822998047,36.314998626708984,36.20000076293945,36.20500183105469,90,valid,,85.68840026855469,99952.19,2026-10-03T13:44:11.061689+00:00
2025-06-16,36.37900161743164,36.37900161743164,36.37900161743164,36.25,36.25,6,valid,,86.24919891357422,100878.1,2026-10-03T13:44:11.061689+00:00
2025-06-17,37.09000015258789,37.09000015258789,37.255001068115234,36.810001373291016,36.810001373291016,60,valid,,86.10420227050781,102676.78,2026-10-03T13:44:11.061689+00:00
2025-06-18,36.86600112915039,36.86600112915039,37.17499923706055,36.86600112915039,37.17499923706055,0,valid,,86.36270141601562,102363.07,2026-10-03T13:44:11.061689+00:00
2025-06-20,35.97600173950195,35.97600173950195,35.97600173950195,35.775001525878906,35.775001525878906,2,valid,,86.58380126953125,100147.61,2026-10-03T13:44:11.061689+00:00
2025-06-23,36.15299987792969,36.15299987792969,36.165000915527344,36.15299987792969,36.15999984741211,7,valid,,86.5802993774414,100636.26,2026-10-03T13:44:11.061689+00:00
2025-06-24,35.70100021362305,35.70100021362305,35.83000183105469,35.599998474121094,35.83000183105469,10,valid,,86.23300170898438,98979.43,2026-10-03T13:44:11.061689+00:00
2025-06-25,36.084999084472656,36.084999084472656,36.084999084472656,36.084999084472656,36.084999084472656,2,valid,,85.90480041503906,99663.28,2026-10-03T13:44:11.061689+00:00
2025-06-26,36.58599853515625,36.58599853515625,36.58599853515625,36.310001373291016,36.310001373291016,43116,valid,,86.006103515625,101166.16,2026-10-03T13:44:11.061689+00:00
2025-06-27,36.0369987487793,36.0369987487793,36.63999938964844,35.6349983215332,36.560001373291016,7734,valid,,85.66639709472656,99254.49,2026-10-03T13:44:11.061689+00:00
2025-06-30,35.85200119018555,35.85200119018555,36.119998931884766,35.27000045776367,35.89500045776367,191,valid,,85.4552993774414,98501.64,2026-10-03T13:44:11.061689+00:00
2025-07-01,36.082000732421875,36.082000732421875,36.5,35.845001220703125,36.060001373291016,74,valid,,85.71399688720703,99433.66,2026-10-03T13:44:11.061689+00:00
2025-07-02,36.42599868774414,36.42599868774414,36.45000076293945,35.97999954223633,35.97999954223633,512,valid,,85.6427993774414,100298.26,2026-10-03T13:44:11.061689+00:00
2025-07-03,36.784000396728516,36.784000396728516,36.939998626708984,36.349998474121094,36.40999984741211,0,valid,,85.69409942626953,101344.68,2026-10-03T13:44:11.061689+00:00
2025-07-04,36.775001525878906,36.775001525878906,36.775001525878906,36.775001525878906,36.775001525878906,0,valid,,85.31909942626953,100876.5,2026-10-03T13:44:11.061689+00:00
2025-07-07,36.6150016784668,36.6150016784668,37.09000015258789,36.125,37.09000015258789,362,valid,,85.49629974365234,100646.21,2026-10-03T13:44:11.061689+00:00
2025-07-08,36.47200012207031,36.47200012207031,36.685001373291016,36.2599983215332,36.685001373291016,463,valid,,85.89199829101562,100717.13,2026-10-03T13:44:11.061689+00:00
2025-07-09,36.35100173950195,36.35100173950195,36.3849983215332,36.27000045776367,36.3849983215332,34,valid,,85.7073974609375,100167.25,2026-10-03T13:44:11.061689+00:00
2025-07-10,37.03799819946289,37.03799819946289,37.40999984741211,36.63999938964844,36.63999938964844,746,valid,,85.70850372314453,102061.63,2026-10-03T13:44:11.061689+00:00
2025-07-11,38.67599868774414,38.67599868774414,38.93000030517578,37.45000076293945,37.45000076293945,687,valid,,85.73480224609375,106607.99,2026-10-03T13:44:11.061689+00:00
2025-07-14,38.46200180053711,38.46200180053711,39.13999938964844,38.36000061035156,39.099998474121094,103,valid,,85.82129669189453,106125.08,2026-10-03T13:44:11.061689+00:00
2025-07-15,37.83399963378906,37.83399963378906,38.33000183105469,37.67499923706055,38.279998779296875,183,valid,,85.96839904785156,104571.22,2026-10-03T13:44:11.061689+00:00
2025-07-16,37.85300064086914,37.85300064086914,38.05500030517578,37.790000915527344,37.970001220703125,218,valid,,85.99310302734375,104653.8,2026-10-03T13:44:11.061689+00:00
2025-07-17,38.055999755859375,38.055999755859375,38.19499969482422,37.84000015258789,37.84000015258789,147,valid,,85.88520050048828,105083.02,2026-10-03T13:44:11.061689+00:00
2025-07-18,38.222999572753906,38.222999572753906,38.51499938964844,38.222999572753906,38.51499938964844,52,valid,,86.04650115966797,105742.37,2026-10-03T13:44:11.061689+00:00
2025-07-21,39.10100173950195,39.10100173950195,39.125,38.994998931884766,38.994998931884766,73,valid,,86.14859771728516,108299.68,2026-10-03T13:44:11.061689+00:00
2025-07-22,39.31999969482422,39.31999969482422,39.35499954223633,38.915000915527344,38.915000915527344,67,valid,,86.19529724121094,108965.28,2026-10-03T13:44:11.061689+00:00
2025-07-23,39.27799987792969,39.27799987792969,39.40999984741211,39.220001220703125,39.40999984741211,51,valid,,86.3427963256836,109035.15,2026-10-03T13:44:11.061689+00:00
2025-07-24,39.020999908447266,39.020999908447266,39.130001068115234,38.84000015258789,39.060001373291016,59,valid,,86.39869689941406,108391.85,2026-10-03T13:44:11.061689+00:00
2025-07-25,38.16699981689453,38.16699981689453,38.93000030517578,38.040000915527344,38.93000030517578,7,valid,,86.4302978515625,106058.41,2026-10-03T13:44:11.061689+00:00
2025-07-28,38.0260009765625,38.0260009765625,38.189998626708984,38.02000045776367,38.130001068115234,154,valid,,86.506103515625,105759.28,2026-10-03T13:44:11.061689+00:00
2025-07-29,38.08399963378906,38.08399963378906,38.130001068115234,38.060001373291016,38.130001068115234,1109,valid,,86.77760314941406,106253.02,2026-10-03T13:44:11.061689+00:00
2025-07-30,37.566001892089844,37.566001892089844,38.165000915527344,36.775001525878906,38.165000915527344,352,valid,,87.06320190429688,105152.76,2026-10-03T13:44:11.061689+00:00
2025-07-31,36.551998138427734,36.551998138427734,36.84000015258789,36.551998138427734,36.84000015258789,89,valid,,87.714599609375,103079.92,2026-10-03T13:44:11.061689+00:00
2025-08-01,36.7869987487793,36.7869987487793,36.7869987487793,36.345001220703125,36.345001220703125,95,valid,,87.4894027709961,103476.3,2026-10-03T13:44:11.061689+00:00
2025-08-04,37.19200134277344,37.19200134277344,37.29999923706055,37.14500045776367,37.14500045776367,488,valid,,87.24530029296875,104323.62,2026-10-03T13:44:11.061689+00:00
2025-08-05,37.6870002746582,37.6870002746582,37.6870002746582,37.60499954223633,37.60499954223633,3,valid,,87.89330291748047,106497.26,2026-10-03T13:44:11.061689+00:00
2025-08-06,37.76599884033203,37.76599884033203,37.76599884033203,37.7599983215332,37.7599983215332,6,valid,,87.72309875488281,106513.83,2026-10-03T13:44:11.061689+00:00
2025-08-07,38.15800094604492,38.15800094604492,38.375,38.15800094604492,38.33000183105469,130,valid,,87.76249694824219,107667.75,2026-10-03T13:44:11.061689+00:00
2025-08-08,38.41699981689453,38.41699981689453,38.619998931884766,38.38999938964844,38.48500061035156,54,valid,,87.43319702148438,107991.82,2026-10-03T13:44:11.061689+00:00
2025-08-11,37.6619987487793,37.6619987487793,38.040000915527344,37.6619987487793,38.040000915527344,35,valid,,87.48829650878906,105936.2,2026-10-03T13:44:11.061689+00:00
2025-08-12,37.89899826049805,37.89899826049805,37.89899826049805,37.55500030517578,37.55500030517578,19,valid,,87.66449737548828,106817.53,2026-10-03T13:44:11.061689+00:00
2025-08-13,38.499000549316406,38.499000549316406,38.505001068115234,38.45000076293945,38.45000076293945,8,valid,,87.59559631347656,108423.34,2026-10-03T13:44:11.061689+00:00
2025-08-14,37.981998443603516,37.981998443603516,37.981998443603516,37.981998443603516,37.981998443603516,5,valid,,87.44999694824219,106789.53,2026-10-03T13:44:11.061689+00:00
2025-08-15,37.89400100708008,37.89400100708008,37.89400100708008,37.880001068115234,37.880001068115234,2,valid,,87.69180297851562,106836.71,2026-10-03T13:44:11.061689+00:00
2025-08-18,37.95100021362305,37.95100021362305,37.95100021362305,37.95100021362305,37.95100021362305,3,valid,,87.51280212402344,106779.01,2026-10-03T13:44:11.061689+00:00
2025-08-19,37.26100158691406,37.26100158691406,37.30500030517578,37.20500183105469,37.30500030517578,10,valid,,87.29509735107422,104576.82,2026-10-03T13:44:11.061689+00:00
2025-08-20,37.70500183105469,37.70500183105469,37.744998931884766,37.70500183105469,37.744998931884766,2,valid,,87.0791015625,105561.11,2026-10-03T13:44:11.061689+00:00
2025-08-21,38.027000427246094,38.027000427246094,38.027000427246094,38.027000427246094,38.027000427246094,28,valid,,87.01820373535156,106388.15,2026-10-03T13:44:11.061689+00:00
2025-08-22,39.00299835205078,39.00299835205078,39.00299835205078,39.00299835205078,39.00299835205078,2,valid,,87.29340362548828,109463.79,2026-10-03T13:44:11.061689+00:00
2025-08-25,38.676998138427734,38.676998138427734,38.790000915527344,38.5099983215332,38.76499938964844,344,valid,,87.3301010131836,108594.49,2026-10-03T13:44:11.061689+00:00
2025-08-26,38.582000732421875,38.582000732421875,38.582000732421875,38.525001525878906,38.525001525878906,78,valid,,87.60859680175781,108673.22,2026-10-03T13:44:11.061689+00:00
2025-08-27,38.68899917602539,38.68899917602539,38.68899917602539,38.68899917602539,38.68899917602539,38378,valid,,87.60070037841797,108964.78,2026-10-03T13:44:11.061689+00:00
2025-08-28,39.189998626708984,39.189998626708984,39.334999084472656,38.68000030517578,38.689998626708984,5603,valid,,87.65910339355469,110449.39,2026-10-03T13:44:11.061689+00:00
2025-08-29,40.20000076293945,40.20000076293945,40.30500030517578,38.904998779296875,39.154998779296875,0,valid,,87.5916976928711,113208.77,2026-10-03T13:44:11.061689+00:00
2025-09-02,41.07099914550781,41.07099914550781,41.34000015258789,40.185001373291016,40.185001373291016,820,valid,,88.00140380859375,116202.62,2026-10-03T13:44:11.061689+00:00
2025-09-03,41.54199981689453,41.54199981689453,41.71500015258789,41.01499938964844,41.150001525878906,409,valid,,87.99829864501953,117531.08,2026-10-03T13:44:11.061689+00:00
2025-09-04,40.9109992980957,40.9109992980957,41.05500030517578,40.79999923706055,41.029998779296875,249,valid,,88.072998046875,115844.1,2026-10-03T13:44:11.061689+00:00
2025-09-05,41.07400131225586,41.07400131225586,41.53499984741211,40.869998931884766,40.959999084472656,835,valid,,88.19290161132812,116464.0,2026-10-03T13:44:11.061689+00:00
2025-09-08,41.42599868774414,41.42599868774414,41.779998779296875,41.150001525878906,41.150001525878906,531,valid,,88.1863021850586,117453.29,2026-10-03T13:44:11.061689+00:00
2025-09-09,40.87799835205078,40.87799835205078,41.56999969482422,40.87799835205078,41.56999969482422,359,valid,,87.98049926757812,115629.09,2026-10-03T13:44:11.061689+00:00
2025-09-10,41.132999420166016,41.132999420166016,41.132999420166016,41.132999420166016,41.132999420166016,350,valid,,88.21829986572266,116664.88,2026-10-03T13:44:11.061689+00:00
2025-09-11,41.696998596191406,41.696998596191406,41.7400016784668,41.349998474121094,41.35499954223633,538,valid,,88.05339813232422,118043.47,2026-10-03T13:44:11.061689+00:00
2025-09-12,42.387001037597656,42.387001037597656,42.387001037597656,41.599998474121094,41.599998474121094,18,valid,,88.2676010131836,120288.77,2026-10-03T13:44:11.061689+00:00
2025-09-15,42.516998291015625,42.516998291015625,42.58000183105469,42.209999084472656,42.209999084472656,48,valid,,88.27729797363281,120670.94,2026-10-03T13:44:11.061689+00:00
2025-09-16,42.47100067138672,42.47100067138672,42.47100067138672,42.435001373291016,42.47100067138672,894,valid,,88.12349700927734,120330.38,2026-10-03T13:44:11.061689+00:00
2025-09-17,41.72200012207031,41.72200012207031,41.935001373291016,41.72200012207031,41.88999938964844,311,valid,,87.88459777832031,117887.82,2026-10-03T13:44:11.061689+00:00
2025-09-18,41.707000732421875,41.707000732421875,41.709999084472656,41.494998931884766,41.70000076293945,156,valid,,87.91069793701172,117880.44,2026-10-03T13:44:11.061689+00:00
2025-09-19,42.5359992980957,42.5359992980957,42.8650016784668,41.814998626708984,41.915000915527344,625,valid,,88.20690155029297,120628.59,2026-10-03T13:44:11.061689+00:00
2025-09-22,43.79899978637695,43.79899978637695,43.91999816894531,43.29999923706055,43.66999816894531,179,valid,,88.09919738769531,124058.69,2026-10-03T13:44:11.061689+00:00
2025-09-23,44.19200134277344,44.19200134277344,44.29999923706055,43.70000076293945,43.900001525878906,400,valid,,88.30439758300781,125463.4,2026-10-03T13:44:11.061689+00:00
2025-09-24,43.777000427246094,43.777000427246094,44.185001373291016,43.70000076293945,44.11000061035156,174,valid,,88.80799865722656,124993.99,2026-10-03T13:44:11.061689+00:00
2025-09-25,44.696998596191406,44.696998596191406,45.0,43.78499984741211,43.790000915527344,199,valid,,88.77860260009766,127578.57,2026-10-03T13:44:11.061689+00:00
2025-09-26,46.22100067138672,46.22100067138672,46.22100067138672,44.869998931884766,44.875,556,valid,,88.77310180664062,131920.35,2026-10-03T13:44:11.061689+00:00
2025-09-29,46.61199951171875,46.61199951171875,46.875,46.09000015258789,46.13999938964844,622,valid,,88.67680358886719,132892.0,2026-10-03T13:44:11.061689+00:00
2025-09-30,46.25299835205078,46.25299835205078,46.959999084472656,45.96500015258789,46.935001373291016,338,valid,,88.70449829101562,131909.66,2026-10-03T13:44:11.061689+00:00
2025-10-01,47.290000915527344,47.290000915527344,47.5099983215332,46.790000915527344,47.345001220703125,125,valid,,88.8406982421875,135074.18,2026-10-03T13:44:11.061689+00:00
2025-10-02,46.0,46.0,47.244998931884766,45.3849983215332,46.970001220703125,509,valid,,88.68299865722656,131156.33,2026-10-03T13:44:11.061689+00:00
2025-10-03,47.59700012207031,47.59700012207031,47.59700012207031,47.59700012207031,47.59700012207031,53,valid,,88.72019958496094,135766.67,2026-10-03T13:44:11.061689+00:00
2025-10-06,48.082000732421875,48.082000732421875,48.082000732421875,47.89500045776367,47.89500045776367,60,valid,,88.73509979248047,137173.13,2026-10-03T13:44:11.061689+00:00
2025-10-07,47.17900085449219,47.17900085449219,47.849998474121094,47.029998779296875,47.41999816894531,708,valid,,88.72109985351562,134575.72,2026-10-03T13:44:11.061689+00:00
2025-10-08,48.65599822998047,48.65599822998047,48.65599822998047,47.88999938964844,47.88999938964844,149,valid,,88.74259948730469,138822.41,2026-10-03T13:44:11.061689+00:00
2025-10-09,46.849998474121094,46.849998474121094,49.4900016784668,46.73500061035156,47.92499923706055,1568,valid,,88.7771987915039,133721.76,2026-10-03T13:44:11.061689+00:00
2025-10-10,46.9379997253418,46.9379997253418,48.290000915527344,46.93000030517578,46.93000030517578,453,valid,,88.86540222167969,134106.04,2026-10-03T13:44:11.061689+00:00
2025-10-13,50.130001068115234,50.130001068115234,50.494998931884766,49.34000015258789,49.34000015258789,453,valid,,88.7573013305664,143051.65,2026-10-03T13:44:11.061689+00:00
2025-10-14,50.31399917602539,50.31399917602539,51.98500061035156,48.53499984741211,51.2599983215332,249,valid,,88.66510009765625,143427.56,2026-10-03T13:44:11.061689+00:00
2025-10-15,51.073001861572266,51.073001861572266,51.57500076293945,50.845001220703125,50.939998626708984,102,valid,,88.78250122070312,145783.99,2026-10-03T13:44:11.061689+00:00
2025-10-16,53.02299880981445,53.02299880981445,53.10499954223633,51.78499984741211,52.5099983215332,356,valid,,87.80950164794922,149691.4,2026-10-03T13:44:11.061689+00:00
2025-10-17,49.86399841308594,49.86399841308594,53.34000015258789,49.64500045776367,53.21500015258789,400,valid,,87.9906997680664,141063.59,2026-10-03T13:44:11.061689+00:00
2025-10-20,51.11899948120117,51.11899948120117,51.43000030517578,50.13999938964844,50.415000915527344,652,valid,,88.0022964477539,144633.01,2026-10-03T13:44:11.061689+00:00
2025-10-21,47.45000076293945,47.45000076293945,50.80500030517578,47.415000915527344,50.80500030517578,329,valid,,87.87999725341797,134065.59,2026-10-03T13:44:11.061689+00:00
2025-10-22,47.46099853515625,47.46099853515625,48.1150016784668,47.220001220703125,47.88999938964844,347,valid,,88.00160217285156,134282.22,2026-10-03T13:44:11.061689+00:00
2025-10-23,48.481998443603516,48.481998443603516,48.90999984741211,48.459999084472656,48.470001220703125,507,valid,,87.74030303955078,136763.66,2026-10-03T13:44:11.061689+00:00
2025-10-24,48.37699890136719,48.37699890136719,48.43000030517578,47.42499923706055,47.42499923706055,270,valid,,87.77899932861328,136527.65,2026-10-03T13:44:11.061689+00:00
2025-10-27,46.5620002746582,46.5620002746582,47.810001373291016,45.845001220703125,47.810001373291016,161,valid,,87.8290023803711,131480.29,2026-10-03T13:44:11.061689+00:00
2025-10-28,47.125,47.125,47.125,46.32500076293945,46.32500076293945,59,valid,,88.22209930419922,133665.65,2026-10-03T13:44:11.061689+00:00
2025-10-29,47.72100067138672,47.72100067138672,47.72100067138672,47.72100067138672,47.72100067138672,545,valid,,88.22550201416016,135361.37,2026-10-03T13:44:11.061689+00:00
2025-10-30,48.428001403808594,48.428001403808594,48.61000061035156,47.1349983215332,47.540000915527344,370,valid,,88.34559631347656,137553.78,2026-10-03T13:44:11.061689+00:00
2025-10-31,47.99399948120117,47.99399948120117,48.68000030517578,47.99399948120117,48.439998626708984,484,valid,,88.6344985961914,136766.84,2026-10-03T13:44:11.061689+00:00
2025-11-03,47.88800048828125,47.88800048828125,48.349998474121094,47.82500076293945,47.82500076293945,0,valid,,88.77539825439453,136681.71,2026-10-03T13:44:11.061689+00:00
2025-11-04,47.130001068115234,47.130001068115234,47.130001068115234,46.80500030517578,46.92499923706055,115,valid,,88.72339630126953,134439.43,2026-10-03T13:44:11.061689+00:00
2025-11-05,47.862998962402344,47.862998962402344,47.880001068115234,47.560001373291016,47.560001373291016,23,valid,,88.73200225830078,136543.57,2026-10-03T13:44:11.061689+00:00
2025-11-06,47.79399871826172,47.79399871826172,47.79399871826172,47.79399871826172,47.79399871826172,86,valid,,88.55690002441406,136077.66,2026-10-03T13:44:11.061689+00:00
2025-11-07,48.016998291015625,48.016998291015625,48.040000915527344,48.01499938964844,48.029998779296875,23,valid,,88.6729965209961,136891.81,2026-10-03T13:44:11.061689+00:00
2025-11-10,50.176998138427734,50.176998138427734,50.176998138427734,49.5,49.5,91,valid,,88.65799713134766,143025.56,2026-10-03T13:44:11.061689+00:00
2025-11-11,50.61800003051758,50.61800003051758,50.85499954223633,50.43000030517578,50.43000030517578,106,valid,,88.70709991455078,144362.51,2026-10-03T13:44:11.061689+00:00
2025-11-12,53.332000732421875,53.332000732421875,53.5,51.25,51.25,20,valid,,88.46649932861328,151690.29,2026-10-03T13:44:11.061689+00:00
2025-11-13,53.07400131225586,53.07400131225586,54.20000076293945,52.65999984741211,52.93000030517578,264,valid,,88.59400177001953,151174.04,2026-10-03T13:44:11.061689+00:00
2025-11-14,50.59000015258789,50.59000015258789,53.099998474121094,50.244998931884766,53.099998474121094,73,valid,,88.81610107421875,144459.95,2026-10-03T13:44:11.061689+00:00
2025-11-17,50.625,50.625,50.75,49.665000915527344,50.75,71,valid,,88.68199920654297,144341.62,2026-10-03T13:44:11.061689+00:00
2025-11-18,50.45000076293945,50.45000076293945,50.91999816894531,49.23500061035156,49.33000183105469,384,valid,,88.63590240478516,143767.89,2026-10-03T13:44:11.061689+00:00
2025-11-19,50.790000915527344,50.790000915527344,51.75,50.42499923706055,51.599998474121094,72,valid,,88.55680084228516,144607.63,2026-10-03T13:44:11.061689+00:00
2025-11-20,50.24700164794922,50.24700164794922,50.349998474121094,50.005001068115234,50.349998474121094,10,valid,,88.48719787597656,142949.18,2026-10-03T13:44:11.061689+00:00
2025-11-21,49.87300109863281,49.87300109863281,49.94499969482422,48.125,49.849998474121094,22,valid,,88.69219970703125,142213.88,2026-10-03T13:44:11.061689+00:00
2025-11-24,50.29499816894531,50.29499816894531,50.29499816894531,49.595001220703125,49.595001220703125,35,valid,,89.63400268554688,144940.13,2026-10-03T13:44:11.061689+00:00
2025-11-25,50.933998107910156,50.933998107910156,51.130001068115234,50.814998626708984,50.845001220703125,49588,valid,,89.14779663085938,145985.41,2026-10-03T13:44:11.061689+00:00
2025-11-26,52.91600036621094,52.91600036621094,53.095001220703125,50.959999084472656,51.10499954223633,14378,valid,,89.15059661865234,151670.92,2026-10-03T13:44:11.061689+00:00
2025-11-28,56.44599914550781,56.44599914550781,56.45500183105469,52.54999923706055,53.07500076293945,2541,valid,,89.36479949951172,162177.54,2026-10-03T13:44:11.061689+00:00
2025-12-01,58.417999267578125,58.417999267578125,58.474998474121094,56.13999938964844,56.220001220703125,994,valid,,89.3499984741211,167815.58,2026-10-03T13:44:11.061689+00:00
2025-12-02,57.983001708984375,57.983001708984375,58.459999084472656,56.58000183105469,57.66999816894531,392,valid,,89.61270141601562,167055.71,2026-10-03T13:44:11.061689+00:00
2025-12-03,57.92100143432617,57.92100143432617,58.900001525878906,57.650001525878906,58.78499984741211,264,valid,,89.91719818115234,167444.12,2026-10-03T13:44:11.061689+00:00
2025-12-04,56.84700012207031,56.84700012207031,58.29999923706055,56.29999923706055,58.29999923706055,335,valid,,90.17050170898438,164802.24,2026-10-03T13:44:11.061689+00:00
2025-12-05,58.422000885009766,58.422000885009766,58.470001220703125,56.834999084472656,56.834999084472656,284,valid,,89.8364028930664,168740.7,2026-10-03T13:44:11.061689+00:00
2025-12-08,57.77899932861328,57.77899932861328,58.34000015258789,57.52000045776367,58.209999084472656,518,valid,,89.93800354003906,167072.25,2026-10-03T13:44:11.061689+00:00
2025-12-09,60.16899871826172,60.16899871826172,60.52000045776367,57.6150016784668,57.6150016784668,324,valid,,90.12999725341797,174354.52,2026-10-03T13:44:11.061689+00:00
2025-12-10,60.37900161743164,60.37900161743164,61.529998779296875,60.1150016784668,60.56999969482422,462,valid,,89.91690063476562,174549.38,2026-10-03T13:44:11.061689+00:00
2025-12-11,63.92900085449219,63.92900085449219,63.92900085449219,61.875,61.974998474121094,408,valid,,89.79299926757812,184557.4,2026-10-03T13:44:11.061689+00:00
2025-12-12,61.36199951171875,61.36199951171875,63.55500030517578,60.665000915527344,63.06999969482422,435,valid,,90.25299835205078,178054.19,2026-10-03T13:44:11.061689+00:00
2025-12-15,62.939998626708984,62.939998626708984,62.95000076293945,61.22999954223633,61.22999954223633,387,valid,,90.5770034790039,183288.72,2026-10-03T13:44:11.061689+00:00
2025-12-16,62.70000076293945,62.70000076293945,63.0,62.540000915527344,62.665000915527344,70,valid,,90.77690124511719,182992.78,2026-10-03T13:44:11.061689+00:00
2025-12-17,66.23699951171875,66.23699951171875,66.4749984741211,65.08999633789062,65.27999877929688,233,valid,,90.94889831542969,193681.95,2026-10-03T13:44:11.061689+00:00
2025-12-18,64.59200286865234,64.59200286865234,65.7750015258789,64.27999877929688,65.7750015258789,118,valid,,90.4136962890625,187760.42,2026-10-03T13:44:11.061689+00:00
2025-12-19,66.84500122070312,66.84500122070312,66.84500122070312,66.48500061035156,66.49500274658203,144,valid,,90.25579833984375,193970.24,2026-10-03T13:44:11.061689+00:00
2025-12-22,67.90599822998047,67.90599822998047,68.86499786376953,67.00499725341797,67.00499725341797,130,valid,,89.56999969482422,195551.78,2026-10-03T13:44:11.061689+00:00
2025-12-23,70.48500061035156,70.48500061035156,70.57499694824219,69.07499694824219,69.08000183105469,40,valid,,89.60389709472656,203055.46,2026-10-03T13:44:11.061689+00:00
2025-12-24,71.03099822998047,71.03099822998047,71.51499938964844,71.0,71.51499938964844,35,valid,,89.50789642333984,204409.15,2026-10-03T13:44:11.061689+00:00
2025-12-26,76.48600006103516,76.48600006103516,78.83999633789062,73.73500061035156,74.5,140,valid,,90.10590362548828,221577.81,2026-10-03T13:44:11.061689+00:00
2025-12-29,69.85600280761719,69.85600280761719,79.69999694824219,69.85600280761719,79.69999694824219,1608,valid,,89.82929992675781,201749.66,2026-10-03T13:44:11.061689+00:00
2025-12-30,77.3740005493164,77.3740005493164,77.41000366210938,70.5,71.33000183105469,992,valid,,89.9000015258789,223638.11,2026-10-03T13:44:11.061689+00:00
2025-12-31,70.13400268554688,70.13400268554688,74.625,70.13400268554688,74.6050033569336,343,valid,,89.76940155029297,202417.48,2026-10-03T13:44:11.061689+00:00
2026-01-02,70.55599975585938,70.55599975585938,73.58999633789062,70.55599975585938,71.375,602,valid,,89.96189880371094,204072.1,2026-10-03T13:44:11.061689+00:00
2026-01-05,76.16400146484375,76.16400146484375,76.81999969482422,73.90499877929688,74.17500305175781,883,valid,,90.00700378417969,220402.81,2026-10-03T13:44:11.061689+00:00
2026-01-06,80.52999877929688,80.52999877929688,80.8550033569336,75.93000030517578,75.93000030517578,580,valid,,90.23300170898438,233622.23,2026-10-03T13:44:11.061689+00:00
2026-01-07,77.13500213623047,77.13500213623047,80.9000015258789,75.875,80.9000015258789,2093,valid,,90.16609954833984,223607.23,2026-10-03T13:44:11.061689+00:00
2026-01-08,74.71600341796875,74.71600341796875,76.56999969482422,73.16500091552734,76.56999969482422,1447,valid,,89.8644027709961,215870.05,2026-10-03T13:44:11.061689+00:00
2026-01-09,78.88400268554688,78.88400268554688,79.9749984741211,76.69999694824219,76.69999694824219,254,valid,,89.90540313720703,228016.25,2026-10-03T13:44:11.061689+00:00
2026-01-12,84.61000061035156,84.61000061035156,85.82499694824219,82.0,82.0,575,valid,,90.23600006103516,245466.71,2026-10-03T13:44:11.061689+00:00
2026-01-13,85.87699890136719,85.87699890136719,88.61000061035156,84.58999633789062,84.90499877929688,341,valid,,90.13269805908203,248857.25,2026-10-03T13:44:11.061689+00:00
2026-01-14,90.86900329589844,90.86900329589844,93.0,88.70500183105469,89.3499984741211,470,valid,,90.27300262451172,263733.15,2026-10-03T13:44:11.061689+00:00
2026-01-15,91.8759994506836,91.8759994506836,92.41999816894531,86.12999725341797,90.82499694824219,390,valid,,90.18319702148438,266390.52,2026-10-03T13:44:11.061689+00:00
2026-01-16,88.09100341796875,88.09100341796875,90.92500305175781,86.19499969482422,90.44000244140625,685,valid,,90.36160278320312,255921.37,2026-10-03T13:44:11.061689+00:00
2026-01-20,94.20600128173828,94.20600128173828,94.98999786376953,92.05999755859375,92.31999969482422,543,valid,,90.90450286865234,275330.95,2026-10-03T13:44:11.061689+00:00
2026-01-21,92.20999908447266,92.20999908447266,94.52999877929688,91.58999633789062,93.88500213623047,231,valid,,91.11840057373047,270131.46,2026-10-03T13:44:11.061689+00:00
2026-01-22,95.97599792480469,95.97599792480469,95.9800033569336,92.4800033569336,92.83499908447266,548,valid,,91.53690338134766,282455.42,2026-10-03T13:44:11.061689+00:00
2026-01-23,100.92500305175781,100.92500305175781,102.92500305175781,97.7300033569336,98.2699966430664,283,valid,,91.55829620361328,297089.66,2026-10-03T13:44:11.061689+00:00
2026-01-26,115.08000183105469,115.08000183105469,117.19499969482422,103.22000122070312,105.04499816894531,537,valid,,91.5009994506836,338545.28,2026-10-03T13:44:11.061689+00:00
2026-01-27,105.52300262451172,105.52300262451172,110.5199966430664,103.0999984741211,104.4000015258789,131,valid,,91.71309661865234,311149.82,2026-10-03T13:44:11.061689+00:00
2026-01-28,113.11100006103516,113.11100006103516,114.57499694824219,112.73500061035156,114.57499694824219,1436,valid,,91.5343017578125,332873.93,2026-10-03T13:44:11.061689+00:00
2026-01-29,114.03700256347656,114.03700256347656,121.30000305175781,107.97000122070312,116.88999938964844,1261,valid,,92.04080200195312,337456.07,2026-10-03T13:44:11.061689+00:00
2026-01-30,78.29000091552734,78.29000091552734,117.79000091552734,76.0250015258789,116.86499786376953,841,suspicious,Price jump of 31.35% exceeds threshold 15.0%,91.78189849853516,231022.56,2026-10-03T13:44:11.061689+00:00
2026-02-02,76.77799987792969,76.77799987792969,84.38999938964844,73.36000061035156,81.0,388,valid,,91.68699645996094,226326.6,2026-10-03T13:44:11.061689+00:00
2026-02-03,83.04199981689453,83.04199981689453,88.19499969482422,80.0,80.125,840,valid,,90.24559783935547,240943.32,2026-10-03T13:44:11.061689+00:00
2026-02-04,84.16500091552734,84.16500091552734,90.9749984741211,83.625,87.11000061035156,158,valid,,90.42289733886719,244681.43,2026-10-03T13:44:11.061689+00:00
2026-02-05,76.52899932861328,76.52899932861328,88.44000244140625,71.08000183105469,88.44000244140625,422,valid,,90.125,221749.36,2026-10-03T13:44:11.061689+00:00
2026-02-06,76.73500061035156,76.73500061035156,77.31999969482422,68.70999908447266,70.40499877929688,118,valid,,90.3147964477539,222814.51,2026-10-03T13:44:11.061689+00:00
2026-02-09,82.06500244140625,82.06500244140625,82.06500244140625,79.9800033569336,80.50499725341797,443,valid,,90.58799743652344,239012.0,2026-10-03T13:44:11.061689+00:00
2026-02-10,80.21800231933594,80.21800231933594,81.67500305175781,79.83999633789062,81.67500305175781,112,valid,,90.82279968261719,234238.24,2026-10-03T13:44:11.061689+00:00
2026-02-11,83.75399780273438,83.75399780273438,84.47000122070312,80.98500061035156,80.99500274658203,11,valid,,90.58789825439453,243930.89,2026-10-03T13:44:11.061689+00:00
2026-02-12,75.5459976196289,75.5459976196289,82.69499969482422,75.5459976196289,82.68499755859375,78,valid,,90.73570251464844,220384.34,2026-10-03T13:44:11.061689+00:00
2026-02-13,77.85099792480469,77.85099792480469,78.47000122070312,74.83000183105469,75.11000061035156,63,valid,,90.56410217285156,226679.02,2026-10-03T13:44:11.061689+00:00
2026-02-17,73.4469985961914,73.4469985961914,75.3499984741211,72.0,75.3499984741211,61,valid,,90.78299713134766,214372.78,2026-10-03T13:44:11.061689+00:00
2026-02-18,77.50900268554688,77.50900268554688,77.50900268554688,75.69999694824219,75.69999694824219,18,valid,,90.6261978149414,225837.97,2026-10-03T13:44:11.061689+00:00
2026-02-19,77.56500244140625,77.56500244140625,78.94000244140625,76.94000244140625,76.94000244140625,208,valid,,90.79350280761719,226418.36,2026-10-03T13:44:11.061689+00:00
2026-02-20,82.28299713134766,82.28299713134766,84.41500091552734,80.45999908447266,80.45999908447266,30,valid,,91.04109954833984,240845.57,2026-10-03T13:44:11.061689+00:00
2026-02-23,86.52300262451172,86.52300262451172,87.91500091552734,86.49500274658203,86.49500274658203,41,valid,,90.72660064697266,252381.36,2026-10-03T13:44:11.061689+00:00
2026-02-24,87.45700073242188,87.45700073242188,87.45700073242188,86.29000091552734,86.29000091552734,268,valid,,91.02010345458984,255931.04,2026-10-03T13:44:11.061689+00:00
2026-02-25,90.93900299072266,90.93900299072266,90.93900299072266,90.93900299072266,90.93900299072266,36156,valid,,90.91799926757812,265822.12,2026-10-03T13:44:11.061689+00:00
2026-02-26,86.99800109863281,86.99800109863281,90.25499725341797,84.9800033569336,88.92500305175781,6626,valid,,90.95099639892578,254394.55,2026-10-03T13:44:11.061689+00:00
2026-02-27,92.68199920654297,92.68199920654297,93.87999725341797,87.81999969482422,88.06500244140625,1134,valid,,91.00740051269531,271183.44,2026-10-03T13:44:11.061689+00:00
2026-03-02,88.28399658203125,88.28399658203125,95.86000061035156,86.22000122070312,95.86000061035156,1338,valid,,91.07959747314453,258520.0,2026-10-03T13:44:11.061689+00:00
2026-03-03,82.9229965209961,82.9229965209961,90.80000305175781,79.0,89.58999633789062,1600,valid,,91.56340026855469,244111.34,2026-10-03T13:44:11.061689+00:00
2026-03-04,82.63300323486328,82.63300323486328,85.01499938964844,82.63300323486328,83.08499908447266,502,valid,,92.00859832763672,244440.42,2026-10-03T13:44:11.061689+00:00
2026-03-05,81.68699645996094,81.68699645996094,84.1500015258789,80.95500183105469,84.09500122070312,597,valid,,92.12300109863281,241942.45,2026-10-03T13:44:11.061689+00:00
2026-03-06,83.81600189208984,83.81600189208984,84.33499908447266,81.42500305175781,82.91999816894531,282,valid,,91.78690338134766,247342.49,2026-10-03T13:44:11.061689+00:00
