date,symbol,open,high,low,close,adj_close,volume,provider,retrieved_at,currency,unit,market,classification,validation_reason
2025-03-31,GOLD_INR,98.9888,99.6479,97.9928,98.6295,98.6295,311197.0,synthetic,2026-09-11T13:45:06.674237+00:00,INR,10g,spot_inr,valid,ok
2025-04-01,GOLD_INR,97.304,97.3171,97.2792,97.3157,97.3157,296365.0,synthetic,2026-09-11T13:45:06.674300+00:00,INR,10g,spot_inr,valid,ok
2025-04-02,GOLD_INR,96.9961,97.1583,95.7258,96.6206,96.6206,412009.0,synthetic,2026-09-11T13:45:06.674346+00:00,INR,10g,spot_inr,valid,ok
2025-04-03,GOLD_INR,95.3934,95.9018,95.266,95.3341,95.3341,434119.0,synthetic,2026-09-11T13:45:06.674390+00:00,INR,10g,spot_inr,valid,ok
2025-04-04,GOLD_INR,97.8774,98.3936,97.3336,97.8067,97.8067,278315.0,synthetic,2026-09-11T13:45:06.674432+00:00,INR,10g,spot_inr,valid,ok
2025-04-07,GOLD_INR,96.4823,97.4465,96.1889,96.7816,96.7816,88865.0,synthetic,2026-09-11T13:45:06.674484+00:00,INR,10g,spot_inr,valid,ok
2025-04-08,GOLD_INR,95.9318,97.112,95.0902,96.184,96.184,163874.0,synthetic,2026-09-11T13:45:06.674580+00:00,INR,10g,spot_inr,valid,ok
2025-04-09,GOLD_INR,95.3492,96.1165,94.8261,95.0186,95.0186,213380.0,synthetic,2026-09-11T13:45:06.674624+00:00,INR,10g,spot_inr,valid,ok
2025-04-10,GOLD_INR,95.4086,96.0005,94.6643,95.4995,95.4995,230402.0,synthetic,2026-09-11T13:45:06.674663+00:00,INR,10g,spot_inr,valid,ok
2025-04-11,GOLD_INR,95.9425,96.3265,95.4472,95.5432,95.5432,41481.0,synthetic,2026-09-11T13:45:06.674702+00:00,INR,10g,spot_inr,valid,ok
2025-04-14,GOLD_INR,94.3971,95.1614,93.3175,93.9399,93.9399,128159.0,synthetic,2026-09-11T13:45:06.674740+00:00,INR,10g,spot_inr,valid,ok
2025-04-15,GOLD_INR,93.6924,94.1421,92.5483,93.4643,93.4643,115334.0,synthetic,2026-09-11T13:45:06.674777+00:00,INR,10g,spot_inr,valid,ok
2025-04-16,GOLD_INR,92.8588,94.1098,92.3074,93.3067,93.3067,16691.0,synthetic,2026-09-11T13:45:06.674814+00:00,INR,10g,spot_inr,valid,ok
2025-04-17,GOLD_INR,92.4376,93.1525,92.0189,92.5635,92.5635,303610.0,synthetic,2026-09-11T13:45:06.674851+00:00,INR,10g,spot_inr,valid,ok
2025-04-18,GOLD_INR,91.5237,92.3782,90.893,91.9229,91.9229,160019.0,synthetic,2026-09-11T13:45:06.674928+00:00,INR,10g,spot_inr,valid,ok
2025-04-21,GOLD_INR,90.2256,91.0844,89.108,89.9533,89.9533,335537.0,synthetic,2026-09-11T13:45:06.674967+00:00,INR,10g,spot_inr,valid,ok
2025-04-22,GOLD_INR,89.0327,89.5782,88.6052,88.9393,88.9393,242839.0,synthetic,2026-09-11T13:45:06.675004+00:00,INR,10g,spot_inr,valid,ok
2025-04-23,GOLD_INR,89.7681,90.34,89.1287,89.9001,89.9001,355051.0,synthetic,2026-09-11T13:45:06.675042+00:00,INR,10g,spot_inr,valid,ok
2025-04-24,GOLD_INR,87.5149,88.5828,86.6473,87.7434,87.7434,99606.0,synthetic,2026-09-11T13:45:06.675087+00:00,INR,10g,spot_inr,valid,ok
2025-04-25,GOLD_INR,88.2719,88.4506,88.0397,88.351,88.351,121886.0,synthetic,2026-09-11T13:45:06.675125+00:00,INR,10g,spot_inr,valid,ok
2025-04-28,GOLD_INR,89.4484,89.9339,88.5309,89.2136,89.2136,34073.0,synthetic,2026-09-11T13:45:06.675162+00:00,INR,10g,spot_inr,valid,ok
2025-04-29,GOLD_INR,89.4943,89.8377,89.1221,89.4391,89.4391,499957.0,synthetic,2026-09-11T13:45:06.675198+00:00,INR,10g,spot_inr,valid,ok
2025-04-30,GOLD_INR,89.2952,89.7526,88.914,89.3315,89.3315,59516.0,synthetic,2026-09-11T13:45:06.675235+00:00,INR,10g,spot_inr,valid,ok
2025-05-01,GOLD_INR,88.8213,89.2076,88.4533,88.577,88.577,498360.0,synthetic,2026-09-11T13:45:06.675272+00:00,INR,10g,spot_inr,valid,ok
2025-05-02,GOLD_INR,87.368,87.9686,86.4195,87.0506,87.0506,247771.0,synthetic,2026-09-11T13:45:06.675309+00:00,INR,10g,spot_inr,valid,ok
2025-05-05,GOLD_INR,87.4699,88.6578,87.168,87.7991,87.7991,101109.0,synthetic,2026-09-11T13:45:06.675346+00:00,INR,10g,spot_inr,valid,ok
2025-05-06,GOLD_INR,86.5606,86.6823,86.5018,86.519,86.519,398310.0,synthetic,2026-09-11T13:45:06.675382+00:00,INR,10g,spot_inr,valid,ok
2025-05-07,GOLD_INR,85.7882,86.3999,85.1752,85.6273,85.6273,106752.0,synthetic,2026-09-11T13:45:06.675418+00:00,INR,10g,spot_inr,valid,ok
2025-05-08,GOLD_INR,86.6255,87.1031,86.0571,86.9231,86.9231,162566.0,synthetic,2026-09-11T13:45:06.675542+00:00,INR,10g,spot_inr,valid,ok
2025-05-09,GOLD_INR,88.1681,88.9876,87.9929,88.1835,88.1835,181011.0,synthetic,2026-09-11T13:45:06.675602+00:00,INR,10g,spot_inr,valid,ok
2025-05-12,GOLD_INR,87.1284,88.1546,87.0508,87.3092,87.3092,377508.0,synthetic,2026-09-11T13:45:06.675642+00:00,INR,10g,spot_inr,valid,ok
2025-05-13,GOLD_INR,87.1278,87.443,87.0324,87.4338,87.4338,457974.0,synthetic,2026-09-11T13:45:06.675679+00:00,INR,10g,spot_inr,valid,ok
2025-05-14,GOLD_INR,86.3323,86.8781,86.1353,86.4921,86.4921,78177.0,synthetic,2026-09-11T13:45:06.675716+00:00,INR,10g,spot_inr,valid,ok
2025-05-15,GOLD_INR,86.5808,86.769,85.717,86.4139,86.4139,227634.0,synthetic,2026-09-11T13:45:06.675754+00:00,INR,10g,spot_inr,valid,ok
2025-05-16,GOLD_INR,85.052,85.8869,84.9826,85.205,85.205,52435.0,synthetic,2026-09-11T13:45:06.675790+00:00,INR,10g,spot_inr,valid,ok
2025-05-19,GOLD_INR,86.0967,86.2139,85.2793,86.1788,86.1788,196097.0,synthetic,2026-09-11T13:45:06.675826+00:00,INR,10g,spot_inr,valid,ok
2025-05-20,GOLD_INR,87.4206,88.2184,86.67,87.0088,87.0088,493267.0,synthetic,2026-09-11T13:45:06.675863+00:00,INR,10g,spot_inr,valid,ok
2025-05-21,GOLD_INR,87.2656,88.2062,86.5029,87.3937,87.3937,36122.0,synthetic,2026-09-11T13:45:06.675899+00:00,INR,10g,spot_inr,valid,ok
2025-05-22,GOLD_INR,86.9391,86.9551,86.1821,86.7708,86.7708,200090.0,synthetic,2026-09-11T13:45:06.675935+00:00,INR,10g,spot_inr,valid,ok
2025-05-23,GOLD_INR,88.4252,88.8794,88.2516,88.6744,88.6744,461946.0,synthetic,2026-09-11T13:45:06.675972+00:00,INR,10g,spot_inr,valid,ok
2025-05-26,GOLD_INR,86.2805,86.7533,86.2321,86.7001,86.7001,96573.0,synthetic,2026-09-11T13:45:06.676008+00:00,INR,10g,spot_inr,valid,ok
2025-05-27,GOLD_INR,87.5201,87.5248,86.6745,87.2334,87.2334,480543.0,synthetic,2026-09-11T13:45:06.676045+00:00,INR,10g,spot_inr,valid,ok
2025-05-28,GOLD_INR,86.9724,87.4648,86.7255,87.1205,87.1205,30477.0,synthetic,2026-09-11T13:45:06.676091+00:00,INR,10g,spot_inr,valid,ok
2025-05-29,GOLD_INR,87.0347,87.3947,87.0294,87.1935,87.1935,409950.0,synthetic,2026-09-11T13:45:06.676127+00:00,INR,10g,spot_inr,valid,ok
2025-05-30,GOLD_INR,88.1624,89.0092,87.6952,87.7661,87.7661,452450.0,synthetic,2026-09-11T13:45:06.676164+00:00,INR,10g,spot_inr,valid,ok
2025-06-02,GOLD_INR,86.036,86.4713,85.3236,86.3862,86.3862,481037.0,synthetic,2026-09-11T13:45:06.676201+00:00,INR,10g,spot_inr,valid,ok
2025-06-03,GOLD_INR,86.4518,87.1217,86.0691,86.6664,86.6664,409838.0,synthetic,2026-09-11T13:45:06.676237+00:00,INR,10g,spot_inr,valid,ok
2025-06-04,GOLD_INR,88.1173,88.1186,87.5583,88.1137,88.1137,497775.0,synthetic,2026-09-11T13:45:06.676274+00:00,INR,10g,spot_inr,valid,ok
2025-06-05,GOLD_INR,87.2875,88.1019,86.9229,87.5731,87.5731,262415.0,synthetic,2026-09-11T13:45:06.676310+00:00,INR,10g,spot_inr,valid,ok
2025-06-06,GOLD_INR,88.1987,89.3736,87.521,88.6052,88.6052,451786.0,synthetic,2026-09-11T13:45:06.676346+00:00,INR,10g,spot_inr,valid,ok
2025-06-09,GOLD_INR,88.2375,88.4924,87.547,88.1441,88.1441,435470.0,synthetic,2026-09-11T13:45:06.676396+00:00,INR,10g,spot_inr,valid,ok
2025-06-10,GOLD_INR,88.1397,88.2042,87.2789,87.7917,87.7917,400078.0,synthetic,2026-09-11T13:45:06.676431+00:00,INR,10g,spot_inr,valid,ok
2025-06-11,GOLD_INR,88.719,88.7912,87.7399,88.5955,88.5955,482515.0,synthetic,2026-09-11T13:45:06.676467+00:00,INR,10g,spot_inr,valid,ok
2025-06-12,GOLD_INR,90.093,90.3265,89.3565,90.2519,90.2519,301961.0,synthetic,2026-09-11T13:45:06.676538+00:00,INR,10g,spot_inr,valid,ok
2025-06-13,GOLD_INR,90.8998,91.4557,90.7325,91.2941,91.2941,27599.0,synthetic,2026-09-11T13:45:06.676592+00:00,INR,10g,spot_inr,valid,ok
2025-06-16,GOLD_INR,90.5303,90.8802,89.4003,90.1058,90.1058,429577.0,synthetic,2026-09-11T13:45:06.676630+00:00,INR,10g,spot_inr,valid,ok
2025-06-17,GOLD_INR,88.6648,88.7715,88.4551,88.654,88.654,320824.0,synthetic,2026-09-11T13:45:06.676668+00:00,INR,10g,spot_inr,valid,ok
2025-06-18,GOLD_INR,86.0423,86.1988,85.0083,85.644,85.644,275194.0,synthetic,2026-09-11T13:45:06.676704+00:00,INR,10g,spot_inr,valid,ok
2025-06-19,GOLD_INR,86.3182,86.5144,85.5778,86.4923,86.4923,97931.0,synthetic,2026-09-11T13:45:06.676740+00:00,INR,10g,spot_inr,valid,ok
2025-06-20,GOLD_INR,85.8392,86.6942,85.1396,85.9937,85.9937,371804.0,synthetic,2026-09-11T13:45:06.676775+00:00,INR,10g,spot_inr,valid,ok
2025-06-23,GOLD_INR,85.5146,86.3486,84.5529,85.3012,85.3012,187179.0,synthetic,2026-09-11T13:45:06.676809+00:00,INR,10g,spot_inr,valid,ok
2025-06-24,GOLD_INR,84.3639,84.6295,84.1311,84.5182,84.5182,35560.0,synthetic,2026-09-11T13:45:06.676844+00:00,INR,10g,spot_inr,valid,ok
2025-06-25,GOLD_INR,85.0071,85.9465,84.8977,85.4084,85.4084,232747.0,synthetic,2026-09-11T13:45:06.676879+00:00,INR,10g,spot_inr,valid,ok
2025-06-26,GOLD_INR,86.3667,86.378,85.2558,85.9494,85.9494,177920.0,synthetic,2026-09-11T13:45:06.676915+00:00,INR,10g,spot_inr,valid,ok
2025-06-27,GOLD_INR,83.9884,84.2703,83.7903,83.8729,83.8729,197028.0,synthetic,2026-09-11T13:45:06.676950+00:00,INR,10g,spot_inr,valid,ok
2025-06-30,GOLD_INR,83.4102,83.9927,82.6,83.7892,83.7892,78710.0,synthetic,2026-09-11T13:45:06.676985+00:00,INR,10g,spot_inr,valid,ok
2025-07-01,GOLD_INR,83.248,83.6182,82.5668,82.9037,82.9037,245749.0,synthetic,2026-09-11T13:45:06.677020+00:00,INR,10g,spot_inr,valid,ok
2025-07-02,GOLD_INR,84.7302,84.961,83.8957,84.4075,84.4075,68259.0,synthetic,2026-09-11T13:45:06.677056+00:00,INR,10g,spot_inr,valid,ok
2025-07-03,GOLD_INR,84.5202,84.8448,84.2173,84.3365,84.3365,418478.0,synthetic,2026-09-11T13:45:06.677100+00:00,INR,10g,spot_inr,valid,ok
2025-07-04,GOLD_INR,82.9363,83.719,82.3146,82.9534,82.9534,291728.0,synthetic,2026-09-11T13:45:06.677135+00:00,INR,10g,spot_inr,valid,ok
2025-07-07,GOLD_INR,81.3122,82.3096,80.5596,81.7146,81.7146,185640.0,synthetic,2026-09-11T13:45:06.677171+00:00,INR,10g,spot_inr,valid,ok
2025-07-08,GOLD_INR,80.372,80.7482,80.0651,80.4853,80.4853,370275.0,synthetic,2026-09-11T13:45:06.677206+00:00,INR,10g,spot_inr,valid,ok
2025-07-09,GOLD_INR,79.9724,80.3142,78.8741,79.6538,79.6538,465209.0,synthetic,2026-09-11T13:45:06.677241+00:00,INR,10g,spot_inr,valid,ok
2025-07-10,GOLD_INR,80.0076,80.648,78.9732,79.7179,79.7179,331889.0,synthetic,2026-09-11T13:45:06.677278+00:00,INR,10g,spot_inr,valid,ok
2025-07-11,GOLD_INR,79.1871,79.9265,78.7924,79.3919,79.3919,468933.0,synthetic,2026-09-11T13:45:06.677314+00:00,INR,10g,spot_inr,valid,ok
2025-07-14,GOLD_INR,80.1069,80.8087,79.3078,79.9285,79.9285,322754.0,synthetic,2026-09-11T13:45:06.677350+00:00,INR,10g,spot_inr,valid,ok
2025-07-15,GOLD_INR,79.5891,80.2767,79.5286,79.8356,79.8356,60074.0,synthetic,2026-09-11T13:45:06.677387+00:00,INR,10g,spot_inr,valid,ok
2025-07-16,GOLD_INR,79.7953,80.0942,79.0805,79.8273,79.8273,390993.0,synthetic,2026-09-11T13:45:06.677424+00:00,INR,10g,spot_inr,valid,ok
2025-07-17,GOLD_INR,79.6007,80.3391,78.7271,79.4766,79.4766,165887.0,synthetic,2026-09-11T13:45:06.677461+00:00,INR,10g,spot_inr,valid,ok
2025-07-18,GOLD_INR,77.2338,77.7396,76.6136,77.5349,77.5349,290121.0,synthetic,2026-09-11T13:45:06.677531+00:00,INR,10g,spot_inr,valid,ok
2025-07-21,GOLD_INR,75.3904,76.2814,74.6888,75.7143,75.7143,55070.0,synthetic,2026-09-11T13:45:06.677580+00:00,INR,10g,spot_inr,valid,ok
2025-07-22,GOLD_INR,76.0319,76.2855,75.9848,76.0611,76.0611,132920.0,synthetic,2026-09-11T13:45:06.677618+00:00,INR,10g,spot_inr,valid,ok
2025-07-23,GOLD_INR,76.2719,76.3776,75.9694,76.0086,76.0086,389236.0,synthetic,2026-09-11T13:45:06.677655+00:00,INR,10g,spot_inr,valid,ok
2025-07-24,GOLD_INR,76.5074,77.3355,76.3104,76.6242,76.6242,492865.0,synthetic,2026-09-11T13:45:06.677691+00:00,INR,10g,spot_inr,valid,ok
2025-07-25,GOLD_INR,76.7539,77.5607,76.1541,77.0884,77.0884,439572.0,synthetic,2026-09-11T13:45:06.677726+00:00,INR,10g,spot_inr,valid,ok
2025-07-28,GOLD_INR,76.3583,77.1063,76.125,76.6256,76.6256,484095.0,synthetic,2026-09-11T13:45:06.677762+00:00,INR,10g,spot_inr,valid,ok
2025-07-29,GOLD_INR,77.7018,78.3589,76.9358,77.3289,77.3289,301973.0,synthetic,2026-09-11T13:45:06.677797+00:00,INR,10g,spot_inr,valid,ok
2025-07-30,GOLD_INR,77.6724,77.9643,77.1405,77.3006,77.3006,428793.0,synthetic,2026-09-11T13:45:06.677833+00:00,INR,10g,spot_inr,valid,ok
2025-07-31,GOLD_INR,78.0558,78.1957,77.9208,78.1225,78.1225,365274.0,synthetic,2026-09-11T13:45:06.677869+00:00,INR,10g,spot_inr,valid,ok
2025-08-01,GOLD_INR,77.8766,78.2629,77.6676,78.2107,78.2107,292277.0,synthetic,2026-09-11T13:45:06.677905+00:00,INR,10g,spot_inr,valid,ok
2025-08-04,GOLD_INR,78.9351,79.3408,78.9142,79.1113,79.1113,125918.0,synthetic,2026-09-11T13:45:06.677940+00:00,INR,10g,spot_inr,valid,ok
2025-08-05,GOLD_INR,80.8166,81.0779,80.6541,80.8871,80.8871,178546.0,synthetic,2026-09-11T13:45:06.677982+00:00,INR,10g,spot_inr,valid,ok
2025-08-06,GOLD_INR,81.4762,81.8386,80.4385,81.2261,81.2261,313802.0,synthetic,2026-09-11T13:45:06.678017+00:00,INR,10g,spot_inr,valid,ok
2025-08-07,GOLD_INR,81.432,82.4871,80.8805,81.7416,81.7416,373435.0,synthetic,2026-09-11T13:45:06.678053+00:00,INR,10g,spot_inr,valid,ok
2025-08-08,GOLD_INR,81.4986,81.8728,81.2791,81.5491,81.5491,379765.0,synthetic,2026-09-11T13:45:06.678096+00:00,INR,10g,spot_inr,valid,ok
2025-08-11,GOLD_INR,81.4821,82.125,80.9844,81.3892,81.3892,368848.0,synthetic,2026-09-11T13:45:06.678132+00:00,INR,10g,spot_inr,valid,ok
2025-08-12,GOLD_INR,83.9111,84.7114,82.8249,83.542,83.542,230285.0,synthetic,2026-09-11T13:45:06.678169+00:00,INR,10g,spot_inr,valid,ok
2025-08-13,GOLD_INR,84.5848,85.2162,83.9317,84.6187,84.6187,92852.0,synthetic,2026-09-11T13:45:06.678204+00:00,INR,10g,spot_inr,valid,ok
2025-08-14,GOLD_INR,84.6831,85.0435,83.866,85.0257,85.0257,194456.0,synthetic,2026-09-11T13:45:06.678240+00:00,INR,10g,spot_inr,valid,ok
2025-08-15,GOLD_INR,85.8873,86.245,85.0799,85.9655,85.9655,362012.0,synthetic,2026-09-11T13:45:06.678276+00:00,INR,10g,spot_inr,valid,ok
2025-08-18,GOLD_INR,85.7585,86.1732,84.9742,86.025,86.025,272188.0,synthetic,2026-09-11T13:45:06.678311+00:00,INR,10g,spot_inr,valid,ok
2025-08-19,GOLD_INR,86.7924,87.1753,85.597,86.4107,86.4107,267302.0,synthetic,2026-09-11T13:45:06.678346+00:00,INR,10g,spot_inr,valid,ok
2025-08-20,GOLD_INR,87.7026,88.3882,86.7871,87.6158,87.6158,455971.0,synthetic,2026-09-11T13:45:06.678381+00:00,INR,10g,spot_inr,valid,ok
2025-08-21,GOLD_INR,88.5214,88.6397,87.5274,88.1522,88.1522,331009.0,synthetic,2026-09-11T13:45:06.678416+00:00,INR,10g,spot_inr,valid,ok
2025-08-22,GOLD_INR,88.606,88.8034,87.7891,88.5873,88.5873,27249.0,synthetic,2026-09-11T13:45:06.678452+00:00,INR,10g,spot_inr,valid,ok
2025-08-25,GOLD_INR,88.612,88.7818,88.2546,88.5714,88.5714,63851.0,synthetic,2026-09-11T13:45:06.678488+00:00,INR,10g,spot_inr,valid,ok
2025-08-26,GOLD_INR,88.3109,88.9526,87.7896,88.5394,88.5394,97042.0,synthetic,2026-09-11T13:45:06.678567+00:00,INR,10g,spot_inr,valid,ok
2025-08-27,GOLD_INR,88.6711,89.9014,88.6418,89.083,89.083,103438.0,synthetic,2026-09-11T13:45:06.678606+00:00,INR,10g,spot_inr,valid,ok
2025-08-28,GOLD_INR,88.5213,89.1427,88.2472,88.5518,88.5518,88553.0,synthetic,2026-09-11T13:45:06.678643+00:00,INR,10g,spot_inr,valid,ok
2025-08-29,GOLD_INR,88.634,89.5123,87.6866,88.2141,88.2141,483888.0,synthetic,2026-09-11T13:45:06.678679+00:00,INR,10g,spot_inr,valid,ok
2025-09-01,GOLD_INR,89.2472,89.802,88.4549,89.678,89.678,498860.0,synthetic,2026-09-11T13:45:06.678716+00:00,INR,10g,spot_inr,valid,ok
2025-09-02,GOLD_INR,89.2925,89.9487,88.8353,89.0555,89.0555,411003.0,synthetic,2026-09-11T13:45:06.678751+00:00,INR,10g,spot_inr,valid,ok
2025-09-03,GOLD_INR,88.6213,89.3182,87.9869,88.2815,88.2815,321609.0,synthetic,2026-09-11T13:45:06.678787+00:00,INR,10g,spot_inr,valid,ok
2025-09-04,GOLD_INR,88.765,89.1835,87.6982,88.5647,88.5647,157071.0,synthetic,2026-09-11T13:45:06.678823+00:00,INR,10g,spot_inr,valid,ok
2025-09-05,GOLD_INR,87.7856,88.2213,86.916,87.5924,87.5924,302695.0,synthetic,2026-09-11T13:45:06.678858+00:00,INR,10g,spot_inr,valid,ok
2025-09-08,GOLD_INR,87.3823,87.7427,87.0112,87.0415,87.0415,25230.0,synthetic,2026-09-11T13:45:06.678893+00:00,INR,10g,spot_inr,valid,ok
2025-09-09,GOLD_INR,87.5323,87.6422,86.6041,87.2759,87.2759,331687.0,synthetic,2026-09-11T13:45:06.678928+00:00,INR,10g,spot_inr,valid,ok
2025-09-10,GOLD_INR,85.705,86.7215,85.3826,86.1094,86.1094,219288.0,synthetic,2026-09-11T13:45:06.678964+00:00,INR,10g,spot_inr,valid,ok
2025-09-11,GOLD_INR,86.2837,87.1701,85.682,86.4919,86.4919,423947.0,synthetic,2026-09-11T13:45:06.678999+00:00,INR,10g,spot_inr,valid,ok
2025-09-12,GOLD_INR,86.908,87.4438,86.4881,86.5334,86.5334,59951.0,synthetic,2026-09-11T13:45:06.679034+00:00,INR,10g,spot_inr,valid,ok
2025-09-15,GOLD_INR,85.944,86.1617,85.3252,85.8373,85.8373,38614.0,synthetic,2026-09-11T13:45:06.679093+00:00,INR,10g,spot_inr,valid,ok
2025-09-16,GOLD_INR,85.984,86.5217,85.0861,85.9291,85.9291,154915.0,synthetic,2026-09-11T13:45:06.679131+00:00,INR,10g,spot_inr,valid,ok
2025-09-17,GOLD_INR,86.65,87.0684,85.9921,86.5169,86.5169,485563.0,synthetic,2026-09-11T13:45:06.679168+00:00,INR,10g,spot_inr,valid,ok
2025-09-18,GOLD_INR,86.6019,86.9359,86.0577,86.8244,86.8244,481262.0,synthetic,2026-09-11T13:45:06.679203+00:00,INR,10g,spot_inr,valid,ok
2025-09-19,GOLD_INR,88.2768,88.359,87.7835,88.2689,88.2689,171218.0,synthetic,2026-09-11T13:45:06.679238+00:00,INR,10g,spot_inr,valid,ok
2025-09-22,GOLD_INR,89.7008,90.8167,89.0209,89.9252,89.9252,141032.0,synthetic,2026-09-11T13:45:06.679273+00:00,INR,10g,spot_inr,valid,ok
2025-09-23,GOLD_INR,91.376,92.2792,91.2953,91.8228,91.8228,412716.0,synthetic,2026-09-11T13:45:06.679309+00:00,INR,10g,spot_inr,valid,ok
2025-09-24,GOLD_INR,92.6936,93.0418,92.2542,92.7912,92.7912,223962.0,synthetic,2026-09-11T13:45:06.679343+00:00,INR,10g,spot_inr,valid,ok
2025-09-25,GOLD_INR,93.1716,93.4639,93.0631,93.3927,93.3927,13541.0,synthetic,2026-09-11T13:45:06.679379+00:00,INR,10g,spot_inr,valid,ok
2025-09-26,GOLD_INR,93.7996,94.473,93.0233,93.8849,93.8849,416109.0,synthetic,2026-09-11T13:45:06.679416+00:00,INR,10g,spot_inr,valid,ok
2025-09-29,GOLD_INR,93.5939,93.6913,93.1645,93.4894,93.4894,462457.0,synthetic,2026-09-11T13:45:06.679535+00:00,INR,10g,spot_inr,valid,ok
2025-09-30,GOLD_INR,91.771,91.9683,91.1678,91.7094,91.7094,169951.0,synthetic,2026-09-11T13:45:06.679595+00:00,INR,10g,spot_inr,valid,ok
2025-10-01,GOLD_INR,91.7912,93.0395,91.4167,92.1909,92.1909,136164.0,synthetic,2026-09-11T13:45:06.679633+00:00,INR,10g,spot_inr,valid,ok
2025-10-02,GOLD_INR,92.1949,93.2867,92.0003,92.5085,92.5085,461845.0,synthetic,2026-09-11T13:45:06.679670+00:00,INR,10g,spot_inr,valid,ok
2025-10-03,GOLD_INR,93.807,94.5162,93.5319,93.6533,93.6533,18545.0,synthetic,2026-09-11T13:45:06.679706+00:00,INR,10g,spot_inr,valid,ok
2025-10-06,GOLD_INR,92.4118,93.1119,91.9047,92.6365,92.6365,158383.0,synthetic,2026-09-11T13:45:06.679741+00:00,INR,10g,spot_inr,valid,ok
2025-10-07,GOLD_INR,91.4924,91.6532,90.4648,91.208,91.208,224541.0,synthetic,2026-09-11T13:45:06.679777+00:00,INR,10g,spot_inr,valid,ok
2025-10-08,GOLD_INR,91.5984,92.0456,90.7581,91.8914,91.8914,343618.0,synthetic,2026-09-11T13:45:06.679813+00:00,INR,10g,spot_inr,valid,ok
2025-10-09,GOLD_INR,92.4908,93.0932,91.4654,92.1099,92.1099,18335.0,synthetic,2026-09-11T13:45:06.679848+00:00,INR,10g,spot_inr,valid,ok
2025-10-10,GOLD_INR,92.9993,93.4,92.2362,93.0733,93.0733,10169.0,synthetic,2026-09-11T13:45:06.679884+00:00,INR,10g,spot_inr,valid,ok
2025-10-13,GOLD_INR,93.3372,94.0206,92.8092,93.7432,93.7432,297851.0,synthetic,2026-09-11T13:45:06.679919+00:00,INR,10g,spot_inr,valid,ok
2025-10-14,GOLD_INR,93.9073,94.2622,93.5144,93.655,93.655,206167.0,synthetic,2026-09-11T13:45:06.679955+00:00,INR,10g,spot_inr,valid,ok
2025-10-15,GOLD_INR,92.7053,93.1138,91.4349,92.3099,92.3099,410235.0,synthetic,2026-09-11T13:45:06.679990+00:00,INR,10g,spot_inr,valid,ok
2025-10-16,GOLD_INR,92.3493,93.4208,92.0204,92.7227,92.7227,285414.0,synthetic,2026-09-11T13:45:06.680026+00:00,INR,10g,spot_inr,valid,ok
2025-10-17,GOLD_INR,93.0041,93.0144,91.9947,92.7999,92.7999,401055.0,synthetic,2026-09-11T13:45:06.680068+00:00,INR,10g,spot_inr,valid,ok
2025-10-20,GOLD_INR,92.8815,93.4973,92.1229,92.7153,92.7153,302530.0,synthetic,2026-09-11T13:45:06.680105+00:00,INR,10g,spot_inr,valid,ok
2025-10-21,GOLD_INR,91.8965,92.7588,91.2687,92.3481,92.3481,351733.0,synthetic,2026-09-11T13:45:06.680140+00:00,INR,10g,spot_inr,valid,ok
2025-10-22,GOLD_INR,92.5441,92.5804,92.0602,92.4118,92.4118,229773.0,synthetic,2026-09-11T13:45:06.680176+00:00,INR,10g,spot_inr,valid,ok
2025-10-23,GOLD_INR,91.7498,91.8917,91.0471,91.8287,91.8287,51178.0,synthetic,2026-09-11T13:45:06.680211+00:00,INR,10g,spot_inr,valid,ok
2025-10-24,GOLD_INR,90.8283,91.2332,90.3132,90.8082,90.8082,93034.0,synthetic,2026-09-11T13:45:06.680247+00:00,INR,10g,spot_inr,valid,ok
2025-10-27,GOLD_INR,89.4068,90.1808,88.9994,89.8441,89.8441,291461.0,synthetic,2026-09-11T13:45:06.680283+00:00,INR,10g,spot_inr,valid,ok
2025-10-28,GOLD_INR,90.4611,90.856,89.4715,90.0747,90.0747,272741.0,synthetic,2026-09-11T13:45:06.680318+00:00,INR,10g,spot_inr,valid,ok
2025-10-29,GOLD_INR,90.6184,91.8255,90.1393,91.0134,91.0134,138900.0,synthetic,2026-09-11T13:45:06.680353+00:00,INR,10g,spot_inr,valid,ok
2025-10-30,GOLD_INR,92.7364,93.3757,91.9851,92.8079,92.8079,246506.0,synthetic,2026-09-11T13:45:06.680389+00:00,INR,10g,spot_inr,valid,ok
2025-10-31,GOLD_INR,91.2513,92.0667,90.8795,90.9513,90.9513,27321.0,synthetic,2026-09-11T13:45:06.680424+00:00,INR,10g,spot_inr,valid,ok
2025-11-03,GOLD_INR,90.5145,90.7486,89.8194,90.5247,90.5247,76731.0,synthetic,2026-09-11T13:45:06.680459+00:00,INR,10g,spot_inr,valid,ok
2025-11-04,GOLD_INR,91.3303,91.9188,91.3296,91.6005,91.6005,364816.0,synthetic,2026-09-11T13:45:06.680525+00:00,INR,10g,spot_inr,valid,ok
2025-11-05,GOLD_INR,91.4485,91.8206,90.2333,91.1282,91.1282,96154.0,synthetic,2026-09-11T13:45:06.680575+00:00,INR,10g,spot_inr,valid,ok
2025-11-06,GOLD_INR,91.0263,91.6154,90.2635,90.9609,90.9609,423256.0,synthetic,2026-09-11T13:45:06.680614+00:00,INR,10g,spot_inr,valid,ok
2025-11-07,GOLD_INR,90.8218,91.7565,90.472,90.9511,90.9511,162145.0,synthetic,2026-09-11T13:45:06.680650+00:00,INR,10g,spot_inr,valid,ok
2025-11-10,GOLD_INR,92.7212,92.7477,91.7798,92.3214,92.3214,197376.0,synthetic,2026-09-11T13:45:06.680686+00:00,INR,10g,spot_inr,valid,ok
2025-11-11,GOLD_INR,92.9077,93.1539,92.453,93.0058,93.0058,448207.0,synthetic,2026-09-11T13:45:06.680722+00:00,INR,10g,spot_inr,valid,ok
2025-11-12,GOLD_INR,92.8643,93.8333,92.1036,93.3099,93.3099,262757.0,synthetic,2026-09-11T13:45:06.680758+00:00,INR,10g,spot_inr,valid,ok
2025-11-13,GOLD_INR,94.2818,95.1644,93.6475,94.4228,94.4228,90159.0,synthetic,2026-09-11T13:45:06.680794+00:00,INR,10g,spot_inr,valid,ok
2025-11-14,GOLD_INR,95.2606,96.0465,94.4998,95.4979,95.4979,415187.0,synthetic,2026-09-11T13:45:06.680829+00:00,INR,10g,spot_inr,valid,ok
2025-11-17,GOLD_INR,94.5195,95.1857,93.9023,94.6341,94.6341,155054.0,synthetic,2026-09-11T13:45:06.680865+00:00,INR,10g,spot_inr,valid,ok
2025-11-18,GOLD_INR,94.186,94.5028,93.4772,94.4622,94.4622,33116.0,synthetic,2026-09-11T13:45:06.680900+00:00,INR,10g,spot_inr,valid,ok
2025-11-19,GOLD_INR,93.808,94.688,93.5477,94.2366,94.2366,272109.0,synthetic,2026-09-11T13:45:06.680936+00:00,INR,10g,spot_inr,valid,ok
2025-11-20,GOLD_INR,93.4806,93.6936,92.8206,93.3041,93.3041,219296.0,synthetic,2026-09-11T13:45:06.680971+00:00,INR,10g,spot_inr,valid,ok
2025-11-21,GOLD_INR,94.6974,95.2377,93.6331,94.3847,94.3847,303115.0,synthetic,2026-09-11T13:45:06.681006+00:00,INR,10g,spot_inr,valid,ok
2025-11-24,GOLD_INR,94.2181,95.0885,93.395,94.2977,94.2977,436425.0,synthetic,2026-09-11T13:45:06.681042+00:00,INR,10g,spot_inr,valid,ok
2025-11-25,GOLD_INR,93.1194,94.0149,92.4626,93.1451,93.1451,221993.0,synthetic,2026-09-11T13:45:06.681084+00:00,INR,10g,spot_inr,valid,ok
2025-11-26,GOLD_INR,94.0314,94.7969,93.5496,93.6316,93.6316,315432.0,synthetic,2026-09-11T13:45:06.681120+00:00,INR,10g,spot_inr,valid,ok
2025-11-27,GOLD_INR,92.625,93.3038,92.4893,92.6446,92.6446,407783.0,synthetic,2026-09-11T13:45:06.681156+00:00,INR,10g,spot_inr,valid,ok
2025-11-28,GOLD_INR,93.8894,94.4103,93.1689,93.8482,93.8482,459446.0,synthetic,2026-09-11T13:45:06.681192+00:00,INR,10g,spot_inr,valid,ok
2025-12-01,GOLD_INR,92.7137,93.1295,91.9657,92.8316,92.8316,126597.0,synthetic,2026-09-11T13:45:06.681228+00:00,INR,10g,spot_inr,valid,ok
2025-12-02,GOLD_INR,91.9652,92.6804,91.5438,92.3008,92.3008,111982.0,synthetic,2026-09-11T13:45:06.681264+00:00,INR,10g,spot_inr,valid,ok
2025-12-03,GOLD_INR,93.8978,94.2798,92.5754,93.4973,93.4973,309072.0,synthetic,2026-09-11T13:45:06.681300+00:00,INR,10g,spot_inr,valid,ok
2025-12-04,GOLD_INR,94.5763,95.2154,94.3501,94.6331,94.6331,140350.0,synthetic,2026-09-11T13:45:06.681335+00:00,INR,10g,spot_inr,valid,ok
2025-12-05,GOLD_INR,95.8245,96.6098,95.0648,95.6934,95.6934,40874.0,synthetic,2026-09-11T13:45:06.681370+00:00,INR,10g,spot_inr,valid,ok
2025-12-08,GOLD_INR,97.8291,98.204,97.4228,98.0192,98.0192,194317.0,synthetic,2026-09-11T13:45:06.681405+00:00,INR,10g,spot_inr,valid,ok
2025-12-09,GOLD_INR,97.6934,98.202,97.255,98.1078,98.1078,207391.0,synthetic,2026-09-11T13:45:06.681440+00:00,INR,10g,spot_inr,valid,ok
2025-12-10,GOLD_INR,97.9704,98.4375,97.5317,97.9935,97.9935,416279.0,synthetic,2026-09-11T13:45:06.681475+00:00,INR,10g,spot_inr,valid,ok
2025-12-11,GOLD_INR,97.3568,97.6223,96.4504,97.5943,97.5943,352087.0,synthetic,2026-09-11T13:45:06.681554+00:00,INR,10g,spot_inr,valid,ok
2025-12-12,GOLD_INR,97.5901,98.4013,96.9948,97.1212,97.1212,184770.0,synthetic,2026-09-11T13:45:06.681595+00:00,INR,10g,spot_inr,valid,ok
2025-12-15,GOLD_INR,96.6803,97.4734,96.2136,96.7582,96.7582,146133.0,synthetic,2026-09-11T13:45:06.681632+00:00,INR,10g,spot_inr,valid,ok
2025-12-16,GOLD_INR,98.0883,98.7794,97.4417,98.0779,98.0779,411630.0,synthetic,2026-09-11T13:45:06.681668+00:00,INR,10g,spot_inr,valid,ok
2025-12-17,GOLD_INR,97.6521,97.7962,96.8253,97.1965,97.1965,373210.0,synthetic,2026-09-11T13:45:06.681704+00:00,INR,10g,spot_inr,valid,ok
2025-12-18,GOLD_INR,97.8046,98.1635,97.0936,97.4431,97.4431,474963.0,synthetic,2026-09-11T13:45:06.681739+00:00,INR,10g,spot_inr,valid,ok
2025-12-19,GOLD_INR,96.7226,96.986,96.1638,96.744,96.744,229566.0,synthetic,2026-09-11T13:45:06.681774+00:00,INR,10g,spot_inr,valid,ok
2025-12-22,GOLD_INR,95.9585,96.4928,95.5248,96.06,96.06,351036.0,synthetic,2026-09-11T13:45:06.681810+00:00,INR,10g,spot_inr,valid,ok
2025-12-23,GOLD_INR,95.2133,95.3064,94.3697,95.1217,95.1217,370571.0,synthetic,2026-09-11T13:45:06.681845+00:00,INR,10g,spot_inr,valid,ok
2025-12-24,GOLD_INR,96.9731,97.9244,96.1967,97.4518,97.4518,120909.0,synthetic,2026-09-11T13:45:06.681880+00:00,INR,10g,spot_inr,valid,ok
2025-12-25,GOLD_INR,97.8648,98.2728,97.0489,98.0134,98.0134,202841.0,synthetic,2026-09-11T13:45:06.681915+00:00,INR,10g,spot_inr,valid,ok
2025-12-26,GOLD_INR,94.6211,95.4252,94.0382,94.1619,94.1619,418640.0,synthetic,2026-09-11T13:45:06.681957+00:00,INR,10g,spot_inr,valid,ok
2025-12-29,GOLD_INR,92.9967,93.4348,92.6877,93.1979,93.1979,178408.0,synthetic,2026-09-11T13:45:06.681993+00:00,INR,10g,spot_inr,valid,ok
2025-12-30,GOLD_INR,96.0522,96.3217,95.1973,95.8817,95.8817,327997.0,synthetic,2026-09-11T13:45:06.682028+00:00,INR,10g,spot_inr,valid,ok
2025-12-31,GOLD_INR,94.8416,95.5587,94.4301,94.5477,94.5477,99459.0,synthetic,2026-09-11T13:45:06.682069+00:00,INR,10g,spot_inr,valid,ok
2026-01-01,GOLD_INR,95.8653,96.078,95.2217,95.5635,95.5635,203444.0,synthetic,2026-09-11T13:45:06.682105+00:00,INR,10g,spot_inr,valid,ok
2026-01-02,GOLD_INR,94.9456,95.5197,94.6806,95.3311,95.3311,174801.0,synthetic,2026-09-11T13:45:06.682141+00:00,INR,10g,spot_inr,valid,ok
2026-01-05,GOLD_INR,95.3292,95.8868,94.453,95.0538,95.0538,463531.0,synthetic,2026-09-11T13:45:06.682176+00:00,INR,10g,spot_inr,valid,ok
2026-01-06,GOLD_INR,93.8524,94.3837,93.7275,94.0106,94.0106,49394.0,synthetic,2026-09-11T13:45:06.682218+00:00,INR,10g,spot_inr,valid,ok
2026-01-07,GOLD_INR,95.4557,96.3327,95.2235,95.2624,95.2624,437110.0,synthetic,2026-09-11T13:45:06.682254+00:00,INR,10g,spot_inr,valid,ok
2026-01-08,GOLD_INR,94.6762,95.8684,94.2701,94.983,94.983,119651.0,synthetic,2026-09-11T13:45:06.682289+00:00,INR,10g,spot_inr,valid,ok
2026-01-09,GOLD_INR,94.1911,94.437,93.0749,93.9188,93.9188,477985.0,synthetic,2026-09-11T13:45:06.682349+00:00,INR,10g,spot_inr,valid,ok
2026-01-12,GOLD_INR,93.147,93.7517,92.3305,93.6004,93.6004,108346.0,synthetic,2026-09-11T13:45:06.682394+00:00,INR,10g,spot_inr,valid,ok
2026-01-13,GOLD_INR,93.6835,94.0071,93.2514,93.379,93.379,481917.0,synthetic,2026-09-11T13:45:06.682431+00:00,INR,10g,spot_inr,valid,ok
2026-01-14,GOLD_INR,93.8878,94.7078,93.689,93.9157,93.9157,190995.0,synthetic,2026-09-11T13:45:06.682468+00:00,INR,10g,spot_inr,valid,ok
2026-01-15,GOLD_INR,91.9025,92.3827,91.1629,92.2116,92.2116,120445.0,synthetic,2026-09-11T13:45:06.682504+00:00,INR,10g,spot_inr,valid,ok
2026-01-16,GOLD_INR,92.0052,92.7101,91.6801,92.2971,92.2971,86479.0,synthetic,2026-09-11T13:45:06.682588+00:00,INR,10g,spot_inr,valid,ok
2026-01-19,GOLD_INR,94.2963,94.9263,93.8962,93.9853,93.9853,50602.0,synthetic,2026-09-11T13:45:06.682629+00:00,INR,10g,spot_inr,valid,ok
2026-01-20,GOLD_INR,93.4462,93.9719,93.3187,93.3852,93.3852,189251.0,synthetic,2026-09-11T13:45:06.682668+00:00,INR,10g,spot_inr,valid,ok
2026-01-21,GOLD_INR,93.7692,94.4114,93.7455,94.0016,94.0016,49263.0,synthetic,2026-09-11T13:45:06.682706+00:00,INR,10g,spot_inr,valid,ok
2026-01-22,GOLD_INR,94.3863,94.566,93.943,94.1319,94.1319,236560.0,synthetic,2026-09-11T13:45:06.682743+00:00,INR,10g,spot_inr,valid,ok
2026-01-23,GOLD_INR,93.1231,93.7711,92.6174,93.3194,93.3194,24399.0,synthetic,2026-09-11T13:45:06.682780+00:00,INR,10g,spot_inr,valid,ok
2026-01-26,GOLD_INR,92.5212,93.2058,92.1042,92.2301,92.2301,279244.0,synthetic,2026-09-11T13:45:06.682817+00:00,INR,10g,spot_inr,valid,ok
2026-01-27,GOLD_INR,94.0387,94.5101,93.8819,94.1285,94.1285,402906.0,synthetic,2026-09-11T13:45:06.682853+00:00,INR,10g,spot_inr,valid,ok
2026-01-28,GOLD_INR,94.1531,94.4162,93.6963,93.7416,93.7416,41617.0,synthetic,2026-09-11T13:45:06.682889+00:00,INR,10g,spot_inr,valid,ok
2026-01-29,GOLD_INR,92.2066,92.7457,91.3124,92.2938,92.2938,198014.0,synthetic,2026-09-11T13:45:06.682925+00:00,INR,10g,spot_inr,valid,ok
2026-01-30,GOLD_INR,92.154,92.5133,92.0392,92.1747,92.1747,141729.0,synthetic,2026-09-11T13:45:06.682982+00:00,INR,10g,spot_inr,valid,ok
2026-02-02,GOLD_INR,92.7445,93.6883,92.4803,93.0846,93.0846,491455.0,synthetic,2026-09-11T13:45:06.683030+00:00,INR,10g,spot_inr,valid,ok
2026-02-03,GOLD_INR,93.5845,94.5015,92.6733,93.585,93.585,47247.0,synthetic,2026-09-11T13:45:06.683073+00:00,INR,10g,spot_inr,valid,ok
2026-02-04,GOLD_INR,94.5668,95.3947,93.9262,94.1929,94.1929,210280.0,synthetic,2026-09-11T13:45:06.683110+00:00,INR,10g,spot_inr,valid,ok
2026-02-05,GOLD_INR,95.0741,95.1394,94.3488,94.7084,94.7084,78072.0,synthetic,2026-09-11T13:45:06.683145+00:00,INR,10g,spot_inr,valid,ok
2026-02-06,GOLD_INR,93.5593,94.2817,92.8237,93.6591,93.6591,400146.0,synthetic,2026-09-11T13:45:06.683181+00:00,INR,10g,spot_inr,valid,ok
2026-02-09,GOLD_INR,92.7961,93.8985,92.2598,93.1661,93.1661,389880.0,synthetic,2026-09-11T13:45:06.683216+00:00,INR,10g,spot_inr,valid,ok
2026-02-10,GOLD_INR,91.4262,92.1984,91.1573,91.687,91.687,29396.0,synthetic,2026-09-11T13:45:06.683251+00:00,INR,10g,spot_inr,valid,ok
2026-02-11,GOLD_INR,91.2397,92.2449,91.0432,91.5087,91.5087,18029.0,synthetic,2026-09-11T13:45:06.683286+00:00,INR,10g,spot_inr,valid,ok
2026-02-12,GOLD_INR,91.539,91.5792,90.8026,91.2428,91.2428,235108.0,synthetic,2026-09-11T13:45:06.683320+00:00,INR,10g,spot_inr,valid,ok
2026-02-13,GOLD_INR,91.5988,91.836,90.7911,91.4834,91.4834,56529.0,synthetic,2026-09-11T13:45:06.683355+00:00,INR,10g,spot_inr,valid,ok
2026-02-16,GOLD_INR,92.2152,92.6035,91.9237,92.0171,92.0171,57172.0,synthetic,2026-09-11T13:45:06.683390+00:00,INR,10g,spot_inr,valid,ok
2026-02-17,GOLD_INR,92.2347,92.3862,90.9581,91.8392,91.8392,63577.0,synthetic,2026-09-11T13:45:06.683425+00:00,INR,10g,spot_inr,valid,ok
2026-02-18,GOLD_INR,92.1512,92.6733,91.2321,92.0314,92.0314,244362.0,synthetic,2026-09-11T13:45:06.683541+00:00,INR,10g,spot_inr,valid,ok
2026-02-19,GOLD_INR,91.6007,92.4184,91.496,91.9823,91.9823,385698.0,synthetic,2026-09-11T13:45:06.683594+00:00,INR,10g,spot_inr,valid,ok
2026-02-20,GOLD_INR,91.3464,91.7253,90.817,91.3125,91.3125,291129.0,synthetic,2026-09-11T13:45:06.683632+00:00,INR,10g,spot_inr,valid,ok
2026-02-23,GOLD_INR,92.4465,93.2385,92.1268,92.1284,92.1284,362230.0,synthetic,2026-09-11T13:45:06.683668+00:00,INR,10g,spot_inr,valid,ok
2026-02-24,GOLD_INR,92.6492,93.003,91.7169,92.2705,92.2705,230243.0,synthetic,2026-09-11T13:45:06.683704+00:00,INR,10g,spot_inr,valid,ok
2026-02-25,GOLD_INR,91.7774,92.1588,90.9357,91.9544,91.9544,240025.0,synthetic,2026-09-11T13:45:06.683740+00:00,INR,10g,spot_inr,valid,ok
2026-02-26,GOLD_INR,92.1263,92.7353,91.7903,92.2588,92.2588,473488.0,synthetic,2026-09-11T13:45:06.683785+00:00,INR,10g,spot_inr,valid,ok
2026-02-27,GOLD_INR,93.803,93.9925,93.1117,93.3489,93.3489,11316.0,synthetic,2026-09-11T13:45:06.683821+00:00,INR,10g,spot_inr,valid,ok
2026-03-02,GOLD_INR,92.8255,93.6053,92.4157,92.9278,92.9278,340043.0,synthetic,2026-09-11T13:45:06.683857+00:00,INR,10g,spot_inr,valid,ok
2026-03-03,GOLD_INR,94.0483,94.9173,93.2468,94.5055,94.5055,451775.0,synthetic,2026-09-11T13:45:06.683892+00:00,INR,10g,spot_inr,valid,ok
2026-03-04,GOLD_INR,94.9095,95.4885,94.4383,95.16,95.16,110702.0,synthetic,2026-09-11T13:45:06.683927+00:00,INR,10g,spot_inr,valid,ok
2026-03-05,GOLD_INR,94.155,94.3863,93.7534,94.2553,94.2553,445924.0,synthetic,2026-09-11T13:45:06.683962+00:00,INR,10g,spot_inr,valid,ok
2026-03-06,GOLD_INR,94.7647,95.3913,94.2967,94.7476,94.7476,331822.0,synthetic,2026-09-11T13:45:06.683997+00:00,INR,10g,spot_inr,valid,ok
2026-03-09,GOLD_INR,93.0298,93.76,92.2798,92.7991,92.7991,39055.0,synthetic,2026-09-11T13:45:06.684032+00:00,INR,10g,spot_inr,valid,ok
2026-03-10,GOLD_INR,92.6834,94.0236,91.9442,93.1421,93.1421,157149.0,synthetic,2026-09-11T13:45:06.684081+00:00,INR,10g,spot_inr,valid,ok
2026-03-11,GOLD_INR,94.9375,95.1522,94.5826,94.9618,94.9618,340563.0,synthetic,2026-09-11T13:45:06.684118+00:00,INR,10g,spot_inr,valid,ok
2026-03-12,GOLD_INR,92.8281,93.0513,92.486,93.0008,93.0008,185279.0,synthetic,2026-09-11T13:45:06.684153+00:00,INR,10g,spot_inr,valid,ok
2026-03-13,GOLD_INR,93.379,94.1041,93.0905,93.5756,93.5756,190873.0,synthetic,2026-09-11T13:45:06.684189+00:00,INR,10g,spot_inr,valid,ok
2026-03-16,GOLD_INR,94.7888,95.0506,93.6506,94.3595,94.3595,422598.0,synthetic,2026-09-11T13:45:06.684224+00:00,INR,10g,spot_inr,valid,ok
2026-03-17,GOLD_INR,93.6253,93.993,93.5582,93.9258,93.9258,216015.0,synthetic,2026-09-11T13:45:06.684259+00:00,INR,10g,spot_inr,valid,ok
2026-03-18,GOLD_INR,93.6889,94.6454,93.4535,93.8719,93.8719,427597.0,synthetic,2026-09-11T13:45:06.684294+00:00,INR,10g,spot_inr,valid,ok
2026-03-19,GOLD_INR,94.7677,95.3539,94.4625,94.6993,94.6993,474976.0,synthetic,2026-09-11T13:45:06.684331+00:00,INR,10g,spot_inr,valid,ok
2026-03-20,GOLD_INR,93.8896,94.5493,93.2268,94.308,94.308,32418.0,synthetic,2026-09-11T13:45:06.684366+00:00,INR,10g,spot_inr,valid,ok
2026-03-23,GOLD_INR,95.1354,95.173,93.8655,94.796,94.796,498021.0,synthetic,2026-09-11T13:45:06.684401+00:00,INR,10g,spot_inr,valid,ok
2026-03-24,GOLD_INR,94.642,95.5098,93.7207,95.0258,95.0258,54374.0,synthetic,2026-09-11T13:45:06.684436+00:00,INR,10g,spot_inr,valid,ok
2026-03-25,GOLD_INR,95.4208,96.3124,94.5072,95.4965,95.4965,242782.0,synthetic,2026-09-11T13:45:06.684471+00:00,INR,10g,spot_inr,valid,ok
2026-03-26,GOLD_INR,95.8709,96.0995,94.6769,95.4282,95.4282,299227.0,synthetic,2026-09-11T13:45:06.684556+00:00,INR,10g,spot_inr,valid,ok
2026-03-27,GOLD_INR,94.8646,95.6413,94.3171,95.0853,95.0853,190554.0,synthetic,2026-09-11T13:45:06.684596+00:00,INR,10g,spot_inr,valid,ok
2026-03-30,GOLD_INR,95.6465,96.5426,95.1744,95.2505,95.2505,13312.0,synthetic,2026-09-11T13:45:06.684633+00:00,INR,10g,spot_inr,valid,ok
2026-03-31,GOLD_INR,95.843,96.2613,95.7221,96.0233,96.0233,147903.0,synthetic,2026-09-11T13:45:06.684668+00:00,INR,10g,spot_inr,valid,ok
