date,adj_close,close,high,low,open,volume,symbol,provider,retrieved_at,currency,unit,market,classification,validation_reason
2025-03-31,103.78327178955078,111.08999633789062,111.2300033569336,110.94000244140625,111.06999969482422,2755600,REAL_YIELD,yfinance,2026-09-11T13:45:20.643760+00:00,USD,percent,yield,valid,ok
2025-04-01,103.84813690185547,110.44999694824219,110.80999755859375,110.37999725341797,110.48999786376953,3953100,REAL_YIELD,yfinance,2026-09-11T13:45:20.643760+00:00,USD,percent,yield,valid,ok
2025-04-02,103.68830108642578,110.27999877929688,110.79000091552734,110.08999633789062,110.79000091552734,1679800,REAL_YIELD,yfinance,2026-09-11T13:45:20.643760+00:00,USD,percent,yield,valid,ok
2025-04-03,104.3370590209961,110.97000122070312,111.44999694824219,110.9000015258789,111.22000122070312,3547500,REAL_YIELD,yfinance,2026-09-11T13:45:20.643760+00:00,USD,percent,yield,valid,ok
2025-04-04,103.98917388916016,110.5999984741211,111.51000213623047,110.55999755859375,111.43000030517578,4726000,REAL_YIELD,yfinance,2026-09-11T13:45:20.643760+00:00,USD,percent,yield,valid,ok
2025-04-07,102.7386703491211,109.2699966430664,110.48999786376953,109.2300033569336,110.30000305175781,5648000,REAL_YIELD,yfinance,2026-09-11T13:45:20.643760+00:00,USD,percent,yield,valid,ok
2025-04-08,102.48480224609375,109.0,109.83000183105469,108.94999694824219,109.5,3549100,REAL_YIELD,yfinance,2026-09-11T13:45:20.643760+00:00,USD,percent,yield,valid,ok
2025-04-09,102.70106506347656,109.2300033569336,109.26000213623047,107.79000091552734,108.3499984741211,4559100,REAL_YIELD,yfinance,2026-09-11T13:45:20.643760+00:00,USD,percent,yield,valid,ok
2025-04-10,101.478759765625,107.93000030517578,109.08000183105469,107.87000274658203,108.9000015258789,4609000,REAL_YIELD,yfinance,2026-09-11T13:45:20.643760+00:00,USD,percent,yield,valid,ok
2025-04-11,101.51638793945312,107.97000122070312,107.97000122070312,106.47000122070312,107.0999984741211,2989200,REAL_YIELD,yfinance,2026-09-11T13:45:20.643760+00:00,USD,percent,yield,valid,ok
2025-04-14,102.00529479980469,108.48999786376953,108.73999786376953,108.25,108.62999725341797,3639200,REAL_YIELD,yfinance,2026-09-11T13:45:20.643760+00:00,USD,percent,yield,valid,ok
2025-04-15,101.99588775634766,108.4800033569336,108.76000213623047,108.38999938964844,108.4800033569336,2982000,REAL_YIELD,yfinance,2026-09-11T13:45:20.643760+00:00,USD,percent,yield,valid,ok
2025-04-16,102.27794647216797,108.77999877929688,108.87999725341797,108.43000030517578,108.55999755859375,2294400,REAL_YIELD,yfinance,2026-09-11T13:45:20.643760+00:00,USD,percent,yield,valid,ok
2025-04-17,102.51300811767578,109.02999877929688,109.08999633789062,108.76000213623047,108.81999969482422,1942000,REAL_YIELD,yfinance,2026-09-11T13:45:20.643760+00:00,USD,percent,yield,valid,ok
2025-04-21,101.98649597167969,108.47000122070312,109.16999816894531,108.43000030517578,108.80999755859375,2079200,REAL_YIELD,yfinance,2026-09-11T13:45:20.643760+00:00,USD,percent,yield,valid,ok
2025-04-22,102.36257934570312,108.87000274658203,108.98999786376953,108.73999786376953,108.8499984741211,2639700,REAL_YIELD,yfinance,2026-09-11T13:45:20.643760+00:00,USD,percent,yield,valid,ok
2025-04-23,102.66344451904297,109.19000244140625,109.87999725341797,109.01000213623047,109.81999969482422,1740500,REAL_YIELD,yfinance,2026-09-11T13:45:20.643760+00:00,USD,percent,yield,valid,ok
2025-04-24,103.20877838134766,109.7699966430664,109.7699966430664,109.4800033569336,109.55000305175781,1658300,REAL_YIELD,yfinance,2026-09-11T13:45:20.643760+00:00,USD,percent,yield,valid,ok
2025-04-25,103.25579071044922,109.81999969482422,109.97000122070312,109.76000213623047,109.94000244140625,1930700,REAL_YIELD,yfinance,2026-09-11T13:45:20.643760+00:00,USD,percent,yield,valid,ok
2025-04-28,103.6130599975586,110.19999694824219,110.2300033569336,109.86000061035156,109.87999725341797,1204800,REAL_YIELD,yfinance,2026-09-11T13:45:20.643760+00:00,USD,percent,yield,valid,ok
2025-04-29,103.79173278808594,110.38999938964844,110.41000366210938,110.13999938964844,110.1500015258789,1106100,REAL_YIELD,yfinance,2026-09-11T13:45:20.643760+00:00,USD,percent,yield,valid,ok
2025-04-30,103.91395568847656,110.5199966430664,110.62999725341797,110.23999786376953,110.36000061035156,2729600,REAL_YIELD,yfinance,2026-09-11T13:45:20.643760+00:00,USD,percent,yield,valid,ok
2025-05-01,103.55964660644531,109.61000061035156,110.2300033569336,109.45999908447266,110.0199966430664,2383600,REAL_YIELD,yfinance,2026-09-11T13:45:20.643760+00:00,USD,percent,yield,valid,ok
2025-05-02,103.0211181640625,109.04000091552734,109.4000015258789,108.98999786376953,109.37000274658203,1794200,REAL_YIELD,yfinance,2026-09-11T13:45:20.643760+00:00,USD,percent,yield,valid,ok
2025-05-05,102.91717529296875,108.93000030517578,109.0,108.66999816894531,108.94000244140625,1751500,REAL_YIELD,yfinance,2026-09-11T13:45:20.643760+00:00,USD,percent,yield,valid,ok
2025-05-06,103.22896575927734,109.26000213623047,109.27999877929688,108.88999938964844,108.97000122070312,1772200,REAL_YIELD,yfinance,2026-09-11T13:45:20.643760+00:00,USD,percent,yield,valid,ok
2025-05-07,103.33289337158203,109.37000274658203,109.62999725341797,109.26000213623047,109.41000366210938,2185800,REAL_YIELD,yfinance,2026-09-11T13:45:20.643760+00:00,USD,percent,yield,valid,ok
2025-05-08,102.96441650390625,108.9800033569336,109.44999694824219,108.91000366210938,109.44000244140625,1132500,REAL_YIELD,yfinance,2026-09-11T13:45:20.643760+00:00,USD,percent,yield,valid,ok
2025-05-09,103.05890655517578,109.08000183105469,109.33000183105469,109.01000213623047,109.18000030517578,867200,REAL_YIELD,yfinance,2026-09-11T13:45:20.643760+00:00,USD,percent,yield,valid,ok
2025-05-12,102.25582122802734,108.2300033569336,108.66999816894531,108.20999908447266,108.48999786376953,1481000,REAL_YIELD,yfinance,2026-09-11T13:45:20.643760+00:00,USD,percent,yield,valid,ok
2025-05-13,102.50147247314453,108.48999786376953,108.48999786376953,108.08000183105469,108.22000122070312,2724200,REAL_YIELD,yfinance,2026-09-11T13:45:20.643760+00:00,USD,percent,yield,valid,ok
2025-05-14,102.39754486083984,108.37999725341797,108.5,108.27999877929688,108.48999786376953,1815200,REAL_YIELD,yfinance,2026-09-11T13:45:20.643760+00:00,USD,percent,yield,valid,ok
2025-05-15,102.69042205810547,108.69000244140625,108.77999877929688,108.38999938964844,108.51000213623047,1668000,REAL_YIELD,yfinance,2026-09-11T13:45:20.643760+00:00,USD,percent,yield,valid,ok
2025-05-16,102.86994171142578,108.87999725341797,109.0,108.75,108.9800033569336,1120900,REAL_YIELD,yfinance,2026-09-11T13:45:20.643760+00:00,USD,percent,yield,valid,ok
2025-05-19,102.87940216064453,108.88999938964844,108.94999694824219,108.4000015258789,108.44999694824219,2179300,REAL_YIELD,yfinance,2026-09-11T13:45:20.643760+00:00,USD,percent,yield,valid,ok
2025-05-20,102.72821807861328,108.7300033569336,108.79000091552734,108.4800033569336,108.62000274658203,1851600,REAL_YIELD,yfinance,2026-09-11T13:45:20.643760+00:00,USD,percent,yield,valid,ok
2025-05-21,102.17080688476562,108.13999938964844,108.56999969482422,108.06999969482422,108.47000122070312,1870000,REAL_YIELD,yfinance,2026-09-11T13:45:20.643760+00:00,USD,percent,yield,valid,ok
2025-05-22,102.4731216430664,108.45999908447266,108.4800033569336,107.9800033569336,108.05000305175781,2654500,REAL_YIELD,yfinance,2026-09-11T13:45:20.643760+00:00,USD,percent,yield,valid,ok
2025-05-23,102.56761169433594,108.55999755859375,108.66000366210938,108.44000244140625,108.62000274658203,1596900,REAL_YIELD,yfinance,2026-09-11T13:45:20.643760+00:00,USD,percent,yield,valid,ok
2025-05-27,102.8604965209961,108.87000274658203,108.95999908447266,108.66999816894531,108.75,2875500,REAL_YIELD,yfinance,2026-09-11T13:45:20.643760+00:00,USD,percent,yield,valid,ok
2025-05-28,102.62431335449219,108.62000274658203,108.79000091552734,108.52999877929688,108.70999908447266,2367900,REAL_YIELD,yfinance,2026-09-11T13:45:20.643760+00:00,USD,percent,yield,valid,ok
2025-05-29,102.91717529296875,108.93000030517578,108.97000122070312,108.6500015258789,108.69999694824219,1714500,REAL_YIELD,yfinance,2026-09-11T13:45:20.643760+00:00,USD,percent,yield,valid,ok
2025-05-30,103.25731658935547,109.29000091552734,109.36000061035156,108.9000015258789,108.95999908447266,3950200,REAL_YIELD,yfinance,2026-09-11T13:45:20.643760+00:00,USD,percent,yield,valid,ok
2025-06-02,102.90969848632812,108.6500015258789,108.80000305175781,108.4800033569336,108.63999938964844,2797100,REAL_YIELD,yfinance,2026-09-11T13:45:20.643760+00:00,USD,percent,yield,valid,ok
2025-06-03,102.81498718261719,108.55000305175781,108.83999633789062,108.44000244140625,108.77999877929688,3669800,REAL_YIELD,yfinance,2026-09-11T13:45:20.643760+00:00,USD,percent,yield,valid,ok
2025-06-04,103.2127914428711,108.97000122070312,109.06999969482422,108.72000122070312,108.77999877929688,2432200,REAL_YIELD,yfinance,2026-09-11T13:45:20.643760+00:00,USD,percent,yield,valid,ok
2025-06-05,102.90969848632812,108.6500015258789,109.08999633789062,108.62999725341797,109.0199966430664,2596700,REAL_YIELD,yfinance,2026-09-11T13:45:20.643760+00:00,USD,percent,yield,valid,ok
2025-06-06,102.36033630371094,108.06999969482422,108.58000183105469,108.06999969482422,108.41999816894531,2031700,REAL_YIELD,yfinance,2026-09-11T13:45:20.643760+00:00,USD,percent,yield,valid,ok
2025-06-09,102.5024185180664,108.22000122070312,108.3499984741211,108.08000183105469,108.13999938964844,2846000,REAL_YIELD,yfinance,2026-09-11T13:45:20.643760+00:00,USD,percent,yield,valid,ok
2025-06-10,102.54976654052734,108.2699966430664,108.44999694824219,108.19000244140625,108.44000244140625,1757100,REAL_YIELD,yfinance,2026-09-11T13:45:20.643760+00:00,USD,percent,yield,valid,ok
2025-06-11,102.72026062011719,108.44999694824219,108.54000091552734,108.18000030517578,108.25,1820500,REAL_YIELD,yfinance,2026-09-11T13:45:20.643760+00:00,USD,percent,yield,valid,ok
2025-06-12,103.01387786865234,108.76000213623047,108.83999633789062,108.6500015258789,108.75,2207700,REAL_YIELD,yfinance,2026-09-11T13:45:20.643760+00:00,USD,percent,yield,valid,ok
2025-06-13,102.86234283447266,108.5999984741211,109.04000091552734,108.37999725341797,109.04000091552734,1633700,REAL_YIELD,yfinance,2026-09-11T13:45:20.643760+00:00,USD,percent,yield,valid,ok
2025-06-16,102.72026062011719,108.44999694824219,108.76000213623047,108.44000244140625,108.5,1684500,REAL_YIELD,yfinance,2026-09-11T13:45:20.643760+00:00,USD,percent,yield,valid,ok
2025-06-17,103.26014709472656,109.0199966430664,109.05999755859375,108.56999969482422,108.68000030517578,3579200,REAL_YIELD,yfinance,2026-09-11T13:45:20.643760+00:00,USD,percent,yield,valid,ok
2025-06-18,103.33592224121094,109.0999984741211,109.22000122070312,108.9800033569336,109.16000366210938,2168800,REAL_YIELD,yfinance,2026-09-11T13:45:20.643760+00:00,USD,percent,yield,valid,ok
2025-06-20,103.51587677001953,109.29000091552734,109.37999725341797,108.93000030517578,108.98999786376953,1740800,REAL_YIELD,yfinance,2026-09-11T13:45:20.643760+00:00,USD,percent,yield,valid,ok
2025-06-23,103.60111999511719,109.37999725341797,109.77999877929688,109.37999725341797,109.5,2846600,REAL_YIELD,yfinance,2026-09-11T13:45:20.643760+00:00,USD,percent,yield,valid,ok
2025-06-24,103.73373413085938,109.5199966430664,109.5999984741211,109.12999725341797,109.22000122070312,2604700,REAL_YIELD,yfinance,2026-09-11T13:45:20.643760+00:00,USD,percent,yield,valid,ok
2025-06-25,103.79057312011719,109.58000183105469,109.62999725341797,109.16000366210938,109.45999908447266,2096200,REAL_YIELD,yfinance,2026-09-11T13:45:20.643760+00:00,USD,percent,yield,valid,ok
2025-06-26,104.09366607666016,109.9000015258789,109.91999816894531,109.62000274658203,109.69999694824219,2620800,REAL_YIELD,yfinance,2026-09-11T13:45:20.643760+00:00,USD,percent,yield,valid,ok
2025-06-27,103.9610595703125,109.76000213623047,110.04000091552734,109.66999816894531,109.72000122070312,1547100,REAL_YIELD,yfinance,2026-09-11T13:45:20.643760+00:00,USD,percent,yield,valid,ok
2025-06-30,104.22628021240234,110.04000091552734,110.16000366210938,109.88999938964844,110.0,4252900,REAL_YIELD,yfinance,2026-09-11T13:45:20.643760+00:00,USD,percent,yield,valid,ok
2025-07-01,104.16925048828125,109.5999984741211,109.77999877929688,109.4800033569336,109.5999984741211,5945000,REAL_YIELD,yfinance,2026-09-11T13:45:20.643760+00:00,USD,percent,yield,valid,ok
2025-07-02,104.12171936035156,109.55000305175781,109.55999755859375,109.4000015258789,109.44999694824219,3416700,REAL_YIELD,yfinance,2026-09-11T13:45:20.643760+00:00,USD,percent,yield,valid,ok
2025-07-03,103.94112396240234,109.36000061035156,109.47000122070312,109.23999786376953,109.38999938964844,1776100,REAL_YIELD,yfinance,2026-09-11T13:45:20.643760+00:00,USD,percent,yield,valid,ok
2025-07-07,103.80806732177734,109.22000122070312,109.26000213623047,109.0999984741211,109.20999908447266,1758700,REAL_YIELD,yfinance,2026-09-11T13:45:20.643760+00:00,USD,percent,yield,valid,ok
2025-07-08,103.72251892089844,109.12999725341797,109.16000366210938,109.02999877929688,109.05000305175781,1577300,REAL_YIELD,yfinance,2026-09-11T13:45:20.643760+00:00,USD,percent,yield,valid,ok
2025-07-09,104.11221313476562,109.54000091552734,109.54000091552734,109.16000366210938,109.18000030517578,3659600,REAL_YIELD,yfinance,2026-09-11T13:45:20.643760+00:00,USD,percent,yield,valid,ok
2025-07-10,104.08368682861328,109.51000213623047,109.55000305175781,109.33999633789062,109.47000122070312,2378200,REAL_YIELD,yfinance,2026-09-11T13:45:20.643760+00:00,USD,percent,yield,valid,ok
2025-07-11,103.91260528564453,109.33000183105469,109.37000274658203,109.23999786376953,109.33999633789062,2269800,REAL_YIELD,yfinance,2026-09-11T13:45:20.643760+00:00,USD,percent,yield,valid,ok
2025-07-14,103.9791488647461,109.4000015258789,109.45999908447266,109.2300033569336,109.30000305175781,1530500,REAL_YIELD,yfinance,2026-09-11T13:45:20.643760+00:00,USD,percent,yield,valid,ok
2025-07-15,103.70352172851562,109.11000061035156,109.72000122070312,109.02999877929688,109.72000122070312,2408100,REAL_YIELD,yfinance,2026-09-11T13:45:20.643760+00:00,USD,percent,yield,valid,ok
2025-07-16,104.05518341064453,109.4800033569336,109.48999786376953,109.12000274658203,109.16000366210938,4479200,REAL_YIELD,yfinance,2026-09-11T13:45:20.643760+00:00,USD,percent,yield,valid,ok
2025-07-17,104.15023040771484,109.58000183105469,109.68000030517578,109.52999877929688,109.56999969482422,1618100,REAL_YIELD,yfinance,2026-09-11T13:45:20.643760+00:00,USD,percent,yield,valid,ok
2025-07-18,104.2642822265625,109.69999694824219,109.87999725341797,109.6500015258789,109.87000274658203,1720400,REAL_YIELD,yfinance,2026-09-11T13:45:20.643760+00:00,USD,percent,yield,valid,ok
2025-07-21,104.53042602539062,109.9800033569336,110.1500015258789,109.9000015258789,109.9800033569336,3055900,REAL_YIELD,yfinance,2026-09-11T13:45:20.643760+00:00,USD,percent,yield,valid,ok
2025-07-22,104.6254653930664,110.08000183105469,110.19000244140625,109.9800033569336,110.0,3951300,REAL_YIELD,yfinance,2026-09-11T13:45:20.643760+00:00,USD,percent,yield,valid,ok
2025-07-23,104.2167739868164,109.6500015258789,109.87999725341797,109.61000061035156,109.83999633789062,2282900,REAL_YIELD,yfinance,2026-09-11T13:45:20.643760+00:00,USD,percent,yield,valid,ok
2025-07-24,104.29280853271484,109.7300033569336,109.81999969482422,109.30000305175781,109.5199966430664,2321000,REAL_YIELD,yfinance,2026-09-11T13:45:20.643760+00:00,USD,percent,yield,valid,ok
2025-07-25,104.3878402709961,109.83000183105469,109.88999938964844,109.6500015258789,109.7300033569336,1093400,REAL_YIELD,yfinance,2026-09-11T13:45:20.643760+00:00,USD,percent,yield,valid,ok
2025-07-28,104.2547836303711,109.69000244140625,109.83999633789062,109.66999816894531,109.70999908447266,1656400,REAL_YIELD,yfinance,2026-09-11T13:45:20.643760+00:00,USD,percent,yield,valid,ok
2025-07-29,104.81554412841797,110.27999877929688,110.27999877929688,109.80999755859375,109.81999969482422,2326800,REAL_YIELD,yfinance,2026-09-11T13:45:20.643760+00:00,USD,percent,yield,valid,ok
2025-07-30,104.40684509277344,109.8499984741211,110.23999786376953,109.80999755859375,110.05000305175781,3846800,REAL_YIELD,yfinance,2026-09-11T13:45:20.643760+00:00,USD,percent,yield,valid,ok
2025-07-31,104.23576354980469,109.66999816894531,110.08000183105469,109.66000366210938,109.98999786376953,3608800,REAL_YIELD,yfinance,2026-09-11T13:45:20.643760+00:00,USD,percent,yield,valid,ok
2025-08-01,104.96367645263672,110.16999816894531,110.19999694824219,109.80000305175781,110.0199966430664,3766800,REAL_YIELD,yfinance,2026-09-11T13:45:20.643760+00:00,USD,percent,yield,valid,ok
2025-08-04,105.26853942871094,110.48999786376953,110.58000183105469,110.19999694824219,110.25,3014900,REAL_YIELD,yfinance,2026-09-11T13:45:20.643760+00:00,USD,percent,yield,valid,ok
2025-08-05,105.17326354980469,110.38999938964844,110.52999877929688,110.37000274658203,110.4000015258789,1800300,REAL_YIELD,yfinance,2026-09-11T13:45:20.643760+00:00,USD,percent,yield,valid,ok
2025-08-06,105.0875244140625,110.30000305175781,110.44999694824219,110.08000183105469,110.30000305175781,1856200,REAL_YIELD,yfinance,2026-09-11T13:45:20.643760+00:00,USD,percent,yield,valid,ok
2025-08-07,105.20185089111328,110.41999816894531,110.41999816894531,110.2300033569336,110.33999633789062,1606300,REAL_YIELD,yfinance,2026-09-11T13:45:20.643760+00:00,USD,percent,yield,valid,ok
2025-08-08,105.13514709472656,110.3499984741211,110.41999816894531,110.12999725341797,110.26000213623047,1831600,REAL_YIELD,yfinance,2026-09-11T13:45:20.643760+00:00,USD,percent,yield,valid,ok
2025-08-11,105.13514709472656,110.3499984741211,110.52999877929688,110.3499984741211,110.43000030517578,1624700,REAL_YIELD,yfinance,2026-09-11T13:45:20.643760+00:00,USD,percent,yield,valid,ok
2025-08-12,104.95413970947266,110.16000366210938,110.2300033569336,109.94999694824219,110.02999877929688,2526100,REAL_YIELD,yfinance,2026-09-11T13:45:20.643760+00:00,USD,percent,yield,valid,ok
2025-08-13,105.35427856445312,110.58000183105469,110.6500015258789,110.48999786376953,110.5,1598200,REAL_YIELD,yfinance,2026-09-11T13:45:20.643760+00:00,USD,percent,yield,valid,ok
2025-08-14,105.03988647460938,110.25,110.48999786376953,110.23999786376953,110.44999694824219,2203400,REAL_YIELD,yfinance,2026-09-11T13:45:20.643760+00:00,USD,percent,yield,valid,ok
2025-08-15,104.8398208618164,110.04000091552734,110.27999877929688,109.94999694824219,110.23999786376953,1745900,REAL_YIELD,yfinance,2026-09-11T13:45:20.643760+00:00,USD,percent,yield,valid,ok
2025-08-18,104.72547149658203,109.91999816894531,110.05999755859375,109.79000091552734,110.05999755859375,1721300,REAL_YIELD,yfinance,2026-09-11T13:45:20.643760+00:00,USD,percent,yield,valid,ok
2025-08-19,104.83028411865234,110.02999877929688,110.11000061035156,110.01000213623047,110.02999877929688,2263600,REAL_YIELD,yfinance,2026-09-11T13:45:20.643760+00:00,USD,percent,yield,valid,ok
2025-08-20,104.94461059570312,110.1500015258789,110.26000213623047,110.05000305175781,110.05000305175781,2369300,REAL_YIELD,yfinance,2026-09-11T13:45:20.643760+00:00,USD,percent,yield,valid,ok
2025-08-21,104.96367645263672,110.16999816894531,110.22000122070312,109.93000030517578,110.0999984741211,3563000,REAL_YIELD,yfinance,2026-09-11T13:45:20.643760+00:00,USD,percent,yield,valid,ok
2025-08-22,105.67822265625,110.91999816894531,110.94999694824219,110.2699966430664,110.30000305175781,3388300,REAL_YIELD,yfinance,2026-09-11T13:45:20.643760+00:00,USD,percent,yield,valid,ok
2025-08-25,105.4781494140625,110.70999908447266,110.81999969482422,110.66999816894531,110.73999786376953,4332700,REAL_YIELD,yfinance,2026-09-11T13:45:20.643760+00:00,USD,percent,yield,valid,ok
2025-08-26,105.72586059570312,110.97000122070312,111.02999877929688,110.69999694824219,110.76000213623047,5345700,REAL_YIELD,yfinance,2026-09-11T13:45:20.643760+00:00,USD,percent,yield,valid,ok
2025-08-27,105.96405029296875,111.22000122070312,111.2699966430664,110.88999938964844,110.95999908447266,2106700,REAL_YIELD,yfinance,2026-09-11T13:45:20.643760+00:00,USD,percent,yield,valid,ok
2025-08-28,106.03073120117188,111.29000091552734,111.3499984741211,111.19999694824219,111.23999786376953,3876100,REAL_YIELD,yfinance,2026-09-11T13:45:20.643760+00:00,USD,percent,yield,valid,ok
2025-08-29,105.9164047241211,111.16999816894531,111.33999633789062,111.16000366210938,111.31999969482422,2847300,REAL_YIELD,yfinance,2026-09-11T13:45:20.643760+00:00,USD,percent,yield,valid,ok
2025-09-02,105.72228240966797,110.55000305175781,110.5999984741211,110.44000244140625,110.4800033569336,5710700,REAL_YIELD,yfinance,2026-09-11T13:45:20.643760+00:00,USD,percent,yield,valid,ok
2025-09-03,105.96136474609375,110.80000305175781,110.91999816894531,110.54000091552734,110.55000305175781,4699700,REAL_YIELD,yfinance,2026-09-11T13:45:20.643760+00:00,USD,percent,yield,valid,ok
2025-09-04,106.1239242553711,110.97000122070312,110.98999786376953,110.77999877929688,110.91000366210938,3919500,REAL_YIELD,yfinance,2026-09-11T13:45:20.643760+00:00,USD,percent,yield,valid,ok
2025-09-05,106.59252166748047,111.45999908447266,111.45999908447266,111.33000183105469,111.37000274658203,4068800,REAL_YIELD,yfinance,2026-09-11T13:45:20.643760+00:00,USD,percent,yield,valid,ok
2025-09-08,106.81249237060547,111.69000244140625,111.72000122070312,111.55000305175781,111.63999938964844,3818200,REAL_YIELD,yfinance,2026-09-11T13:45:20.643760+00:00,USD,percent,yield,valid,ok
2025-09-09,106.60209655761719,111.47000122070312,111.76000213623047,111.44999694824219,111.66999816894531,4938800,REAL_YIELD,yfinance,2026-09-11T13:45:20.643760+00:00,USD,percent,yield,valid,ok
2025-09-10,106.76467895507812,111.63999938964844,111.79000091552734,111.4800033569336,111.56999969482422,4601200,REAL_YIELD,yfinance,2026-09-11T13:45:20.643760+00:00,USD,percent,yield,valid,ok
2025-09-11,106.93681335449219,111.81999969482422,111.95999908447266,111.76000213623047,111.7699966430664,4158700,REAL_YIELD,yfinance,2026-09-11T13:45:20.643760+00:00,USD,percent,yield,valid,ok
2025-09-12,106.7933578491211,111.66999816894531,111.72000122070312,111.56999969482422,111.69999694824219,2049100,REAL_YIELD,yfinance,2026-09-11T13:45:20.643760+00:00,USD,percent,yield,valid,ok
2025-09-15,106.89856719970703,111.77999877929688,111.88999938964844,111.73999786376953,111.73999786376953,3587000,REAL_YIELD,yfinance,2026-09-11T13:45:20.643760+00:00,USD,percent,yield,valid,ok
2025-09-16,106.99418640136719,111.87999725341797,111.95999908447266,111.80000305175781,111.86000061035156,5346500,REAL_YIELD,yfinance,2026-09-11T13:45:20.643760+00:00,USD,percent,yield,valid,ok
2025-09-17,106.92725372314453,111.80999755859375,112.26000213623047,111.66000366210938,111.94000244140625,5676100,REAL_YIELD,yfinance,2026-09-11T13:45:20.643760+00:00,USD,percent,yield,valid,ok
2025-09-18,106.63078308105469,111.5,111.70999908447266,111.33000183105469,111.56999969482422,4223100,REAL_YIELD,yfinance,2026-09-11T13:45:20.643760+00:00,USD,percent,yield,valid,ok
2025-09-19,106.57340240478516,111.44000244140625,111.54000091552734,111.30999755859375,111.4800033569336,1336600,REAL_YIELD,yfinance,2026-09-11T13:45:20.643760+00:00,USD,percent,yield,valid,ok
2025-09-22,106.31520080566406,111.16999816894531,111.36000061035156,111.1500015258789,111.33000183105469,2076400,REAL_YIELD,yfinance,2026-09-11T13:45:20.643760+00:00,USD,percent,yield,valid,ok
2025-09-23,106.60209655761719,111.47000122070312,111.47000122070312,111.19999694824219,111.30000305175781,2856900,REAL_YIELD,yfinance,2026-09-11T13:45:20.643760+00:00,USD,percent,yield,valid,ok
2025-09-24,106.41082763671875,111.2699966430664,111.43000030517578,111.2300033569336,111.41000366210938,2236400,REAL_YIELD,yfinance,2026-09-11T13:45:20.643760+00:00,USD,percent,yield,valid,ok
2025-09-25,106.23869323730469,111.08999633789062,111.16999816894531,110.94000244140625,111.11000061035156,4019900,REAL_YIELD,yfinance,2026-09-11T13:45:20.643760+00:00,USD,percent,yield,valid,ok
2025-09-26,106.25782012939453,111.11000061035156,111.29000091552734,111.01000213623047,111.16000366210938,2790000,REAL_YIELD,yfinance,2026-09-11T13:45:20.643760+00:00,USD,percent,yield,valid,ok
2025-09-29,106.39170837402344,111.25,111.30000305175781,111.16000366210938,111.20999908447266,2524800,REAL_YIELD,yfinance,2026-09-11T13:45:20.643760+00:00,USD,percent,yield,valid,ok
2025-09-30,106.36302185058594,111.22000122070312,111.4000015258789,111.18000030517578,111.26000213623047,2985100,REAL_YIELD,yfinance,2026-09-11T13:45:20.643760+00:00,USD,percent,yield,valid,ok
2025-10-01,106.5527114868164,111.22000122070312,111.36000061035156,111.11000061035156,111.30000305175781,3796100,REAL_YIELD,yfinance,2026-09-11T13:45:20.643760+00:00,USD,percent,yield,valid,ok
2025-10-02,106.50480651855469,111.16999816894531,111.30999755859375,111.1500015258789,111.19999694824219,3162400,REAL_YIELD,yfinance,2026-09-11T13:45:20.643760+00:00,USD,percent,yield,valid,ok
2025-10-03,106.38984680175781,111.05000305175781,111.29000091552734,111.04000091552734,111.26000213623047,2184000,REAL_YIELD,yfinance,2026-09-11T13:45:20.643760+00:00,USD,percent,yield,valid,ok
2025-10-06,106.20781707763672,110.86000061035156,111.05999755859375,110.83999633789062,110.91999816894531,2262400,REAL_YIELD,yfinance,2026-09-11T13:45:20.643760+00:00,USD,percent,yield,valid,ok
2025-10-07,106.50480651855469,111.16999816894531,111.23999786376953,110.94999694824219,110.98999786376953,2714900,REAL_YIELD,yfinance,2026-09-11T13:45:20.643760+00:00,USD,percent,yield,valid,ok
2025-10-08,106.58145141601562,111.25,111.37999725341797,111.20999908447266,111.37000274658203,2273300,REAL_YIELD,yfinance,2026-09-11T13:45:20.643760+00:00,USD,percent,yield,valid,ok
2025-10-09,106.4569091796875,111.12000274658203,111.2699966430664,111.08999633789062,111.23999786376953,2491400,REAL_YIELD,yfinance,2026-09-11T13:45:20.643760+00:00,USD,percent,yield,valid,ok
2025-10-10,106.83053588867188,111.51000213623047,111.66000366210938,111.37000274658203,111.41999816894531,4018900,REAL_YIELD,yfinance,2026-09-11T13:45:20.643760+00:00,USD,percent,yield,valid,ok
2025-10-13,107.09878540039062,111.79000091552734,111.79000091552734,111.44999694824219,111.55999755859375,2206300,REAL_YIELD,yfinance,2026-09-11T13:45:20.643760+00:00,USD,percent,yield,valid,ok
2025-10-14,106.98381805419922,111.66999816894531,111.76000213623047,111.56999969482422,111.5999984741211,4469200,REAL_YIELD,yfinance,2026-09-11T13:45:20.643760+00:00,USD,percent,yield,valid,ok
2025-10-15,106.95508575439453,111.63999938964844,111.88999938964844,111.51000213623047,111.80999755859375,3018700,REAL_YIELD,yfinance,2026-09-11T13:45:20.643760+00:00,USD,percent,yield,valid,ok
2025-10-16,107.20417022705078,111.9000015258789,111.91999816894531,111.54000091552734,111.56999969482422,2687300,REAL_YIELD,yfinance,2026-09-11T13:45:20.643760+00:00,USD,percent,yield,valid,ok
2025-10-17,106.993408203125,111.68000030517578,111.91999816894531,111.6500015258789,111.91000366210938,1739700,REAL_YIELD,yfinance,2026-09-11T13:45:20.643760+00:00,USD,percent,yield,valid,ok
2025-10-20,107.08921813964844,111.77999877929688,111.80000305175781,111.69999694824219,111.7699966430664,2108500,REAL_YIELD,yfinance,2026-09-11T13:45:20.643760+00:00,USD,percent,yield,valid,ok
2025-10-21,107.31913757324219,112.0199966430664,112.11000061035156,112.0,112.04000091552734,2702400,REAL_YIELD,yfinance,2026-09-11T13:45:20.643760+00:00,USD,percent,yield,valid,ok
2025-10-22,107.4915771484375,112.19999694824219,112.23999786376953,112.02999877929688,112.12000274658203,2898200,REAL_YIELD,yfinance,2026-09-11T13:45:20.643760+00:00,USD,percent,yield,valid,ok
2025-10-23,107.28082275390625,111.9800033569336,112.16999816894531,111.94000244140625,112.11000061035156,2645900,REAL_YIELD,yfinance,2026-09-11T13:45:20.643760+00:00,USD,percent,yield,valid,ok
2025-10-24,107.27123260498047,111.97000122070312,112.0199966430664,111.76000213623047,111.91000366210938,1706700,REAL_YIELD,yfinance,2026-09-11T13:45:20.643760+00:00,USD,percent,yield,valid,ok
2025-10-27,107.24249267578125,111.94000244140625,111.9800033569336,111.77999877929688,111.91999816894531,2753600,REAL_YIELD,yfinance,2026-09-11T13:45:20.643760+00:00,USD,percent,yield,valid,ok
2025-10-28,107.3287124633789,112.02999877929688,112.04000091552734,111.91000366210938,111.94000244140625,2608700,REAL_YIELD,yfinance,2026-09-11T13:45:20.643760+00:00,USD,percent,yield,valid,ok
2025-10-29,106.76347351074219,111.44000244140625,112.04000091552734,111.38999938964844,111.93000030517578,2976500,REAL_YIELD,yfinance,2026-09-11T13:45:20.643760+00:00,USD,percent,yield,valid,ok
2025-10-30,106.5335464477539,111.19999694824219,111.4000015258789,111.1500015258789,111.16000366210938,3977100,REAL_YIELD,yfinance,2026-09-11T13:45:20.643760+00:00,USD,percent,yield,valid,ok
2025-10-31,106.70598602294922,111.37999725341797,111.41000366210938,111.26000213623047,111.31999969482422,2249300,REAL_YIELD,yfinance,2026-09-11T13:45:20.643760+00:00,USD,percent,yield,valid,ok
2025-11-03,106.63006591796875,110.94000244140625,111.02999877929688,110.83999633789062,110.94000244140625,3887200,REAL_YIELD,yfinance,2026-09-11T13:45:20.643760+00:00,USD,percent,yield,valid,ok
2025-11-04,106.67813110351562,110.98999786376953,111.08999633789062,110.93000030517578,110.95999908447266,4858700,REAL_YIELD,yfinance,2026-09-11T13:45:20.643760+00:00,USD,percent,yield,valid,ok
2025-11-05,106.2840576171875,110.58000183105469,110.87000274658203,110.55000305175781,110.83000183105469,3908700,REAL_YIELD,yfinance,2026-09-11T13:45:20.643760+00:00,USD,percent,yield,valid,ok
2025-11-06,106.57239532470703,110.87999725341797,110.95999908447266,110.81999969482422,110.8499984741211,2394500,REAL_YIELD,yfinance,2026-09-11T13:45:20.643760+00:00,USD,percent,yield,valid,ok
2025-11-07,106.59162139892578,110.9000015258789,110.98999786376953,110.69999694824219,110.69999694824219,3097600,REAL_YIELD,yfinance,2026-09-11T13:45:20.643760+00:00,USD,percent,yield,valid,ok
2025-11-10,106.61083984375,110.91999816894531,110.94000244140625,110.81999969482422,110.87999725341797,2354200,REAL_YIELD,yfinance,2026-09-11T13:45:20.643760+00:00,USD,percent,yield,valid,ok
2025-11-11,107.04336547851562,111.37000274658203,111.37000274658203,111.08999633789062,111.1500015258789,3902000,REAL_YIELD,yfinance,2026-09-11T13:45:20.643760+00:00,USD,percent,yield,valid,ok
2025-11-12,106.81267547607422,111.12999725341797,111.23999786376953,111.08000183105469,111.1500015258789,3297900,REAL_YIELD,yfinance,2026-09-11T13:45:20.643760+00:00,USD,percent,yield,valid,ok
2025-11-13,106.57239532470703,110.87999725341797,111.08999633789062,110.87999725341797,111.0,2215500,REAL_YIELD,yfinance,2026-09-11T13:45:20.643760+00:00,USD,percent,yield,valid,ok
2025-11-14,106.44745635986328,110.75,111.12999725341797,110.7300033569336,111.08999633789062,3059200,REAL_YIELD,yfinance,2026-09-11T13:45:20.643760+00:00,USD,percent,yield,valid,ok
2025-11-17,106.46666717529297,110.7699966430664,110.87000274658203,110.76000213623047,110.8499984741211,2044000,REAL_YIELD,yfinance,2026-09-11T13:45:20.643760+00:00,USD,percent,yield,valid,ok
2025-11-18,106.5435562133789,110.8499984741211,110.9800033569336,110.7300033569336,110.91000366210938,4616900,REAL_YIELD,yfinance,2026-09-11T13:45:20.643760+00:00,USD,percent,yield,valid,ok
2025-11-19,106.40900421142578,110.70999908447266,110.91000366210938,110.68000030517578,110.88999938964844,2472400,REAL_YIELD,yfinance,2026-09-11T13:45:20.643760+00:00,USD,percent,yield,valid,ok
2025-11-20,106.45706176757812,110.76000213623047,110.91999816894531,110.6500015258789,110.83000183105469,3091600,REAL_YIELD,yfinance,2026-09-11T13:45:20.643760+00:00,USD,percent,yield,valid,ok
2025-11-21,106.70694732666016,111.0199966430664,111.05000305175781,110.87999725341797,111.04000091552734,2651000,REAL_YIELD,yfinance,2026-09-11T13:45:20.643760+00:00,USD,percent,yield,valid,ok
2025-11-24,106.75501251220703,111.06999969482422,111.13999938964844,111.0199966430664,111.13999938964844,2619500,REAL_YIELD,yfinance,2026-09-11T13:45:20.643760+00:00,USD,percent,yield,valid,ok
2025-11-25,106.9472427368164,111.2699966430664,111.30999755859375,111.04000091552734,111.05999755859375,3404200,REAL_YIELD,yfinance,2026-09-11T13:45:20.643760+00:00,USD,percent,yield,valid,ok
2025-11-26,107.17791748046875,111.51000213623047,111.51000213623047,111.13999938964844,111.27999877929688,3805900,REAL_YIELD,yfinance,2026-09-11T13:45:20.643760+00:00,USD,percent,yield,valid,ok
2025-11-28,106.93763732910156,111.26000213623047,111.5199966430664,111.2300033569336,111.4800033569336,1830000,REAL_YIELD,yfinance,2026-09-11T13:45:20.643760+00:00,USD,percent,yield,valid,ok
2025-12-01,106.51541137695312,110.5,110.68000030517578,110.5,110.62000274658203,3198500,REAL_YIELD,yfinance,2026-09-11T13:45:20.643760+00:00,USD,percent,yield,valid,ok
2025-12-02,106.54434204101562,110.52999877929688,110.62999725341797,110.51000213623047,110.52999877929688,4068000,REAL_YIELD,yfinance,2026-09-11T13:45:20.643760+00:00,USD,percent,yield,valid,ok
2025-12-03,106.78532409667969,110.77999877929688,110.80999755859375,110.62999725341797,110.66999816894531,2541200,REAL_YIELD,yfinance,2026-09-11T13:45:20.643760+00:00,USD,percent,yield,valid,ok
2025-12-04,106.64073944091797,110.62999725341797,110.69999694824219,110.5999984741211,110.69000244140625,2243300,REAL_YIELD,yfinance,2026-09-11T13:45:20.643760+00:00,USD,percent,yield,valid,ok
2025-12-05,106.46722412109375,110.44999694824219,110.70999908447266,110.44999694824219,110.69999694824219,3672300,REAL_YIELD,yfinance,2026-09-11T13:45:20.643760+00:00,USD,percent,yield,valid,ok
2025-12-08,106.25517272949219,110.2300033569336,110.44000244140625,110.1500015258789,110.44000244140625,2101000,REAL_YIELD,yfinance,2026-09-11T13:45:20.643760+00:00,USD,percent,yield,valid,ok
2025-12-09,106.12020874023438,110.08999633789062,110.37000274658203,110.08999633789062,110.33999633789062,5181700,REAL_YIELD,yfinance,2026-09-11T13:45:20.643760+00:00,USD,percent,yield,valid,ok
2025-12-10,106.46722412109375,110.44999694824219,110.47000122070312,110.0199966430664,110.02999877929688,3503000,REAL_YIELD,yfinance,2026-09-11T13:45:20.643760+00:00,USD,percent,yield,valid,ok
2025-12-11,106.41902923583984,110.4000015258789,110.68000030517578,110.36000061035156,110.62000274658203,3661200,REAL_YIELD,yfinance,2026-09-11T13:45:20.643760+00:00,USD,percent,yield,valid,ok
2025-12-12,106.25517272949219,110.2300033569336,110.23999786376953,110.12999725341797,110.18000030517578,2379100,REAL_YIELD,yfinance,2026-09-11T13:45:20.643760+00:00,USD,percent,yield,valid,ok
2025-12-15,106.17805480957031,110.1500015258789,110.41999816894531,110.1500015258789,110.3499984741211,2229400,REAL_YIELD,yfinance,2026-09-11T13:45:20.643760+00:00,USD,percent,yield,valid,ok
2025-12-16,106.19731903076172,110.16999816894531,110.26000213623047,109.98999786376953,110.01000213623047,5094500,REAL_YIELD,yfinance,2026-09-11T13:45:20.643760+00:00,USD,percent,yield,valid,ok
2025-12-17,106.31300354003906,110.29000091552734,110.30000305175781,110.12999725341797,110.1500015258789,1831100,REAL_YIELD,yfinance,2026-09-11T13:45:20.643760+00:00,USD,percent,yield,valid,ok
2025-12-18,106.51541137695312,110.5,110.51000213623047,110.19000244140625,110.33999633789062,4253800,REAL_YIELD,yfinance,2026-09-11T13:45:20.643760+00:00,USD,percent,yield,valid,ok
2025-12-19,106.30463409423828,109.94000244140625,110.0999984741211,109.87000274658203,110.0999984741211,2940500,REAL_YIELD,yfinance,2026-09-11T13:45:20.643760+00:00,USD,percent,yield,valid,ok
2025-12-22,106.1499252319336,109.77999877929688,109.88999938964844,109.7300033569336,109.87000274658203,2116000,REAL_YIELD,yfinance,2026-09-11T13:45:20.643760+00:00,USD,percent,yield,valid,ok
2025-12-23,106.19827270507812,109.83000183105469,109.87000274658203,109.56999969482422,109.58000183105469,1914900,REAL_YIELD,yfinance,2026-09-11T13:45:20.643760+00:00,USD,percent,yield,valid,ok
2025-12-24,106.420654296875,110.05999755859375,110.0999984741211,109.97000122070312,110.01000213623047,877800,REAL_YIELD,yfinance,2026-09-11T13:45:20.643760+00:00,USD,percent,yield,valid,ok
2025-12-26,106.41100311279297,110.05000305175781,110.19999694824219,109.9800033569336,110.18000030517578,1357100,REAL_YIELD,yfinance,2026-09-11T13:45:20.643760+00:00,USD,percent,yield,valid,ok
2025-12-29,106.50769805908203,110.1500015258789,110.19000244140625,110.08999633789062,110.13999938964844,1572100,REAL_YIELD,yfinance,2026-09-11T13:45:20.643760+00:00,USD,percent,yield,valid,ok
2025-12-30,106.48834991455078,110.12999725341797,110.22000122070312,110.06999969482422,110.0999984741211,1723000,REAL_YIELD,yfinance,2026-09-11T13:45:20.643760+00:00,USD,percent,yield,valid,ok
2025-12-31,106.27562713623047,109.91000366210938,110.16999816894531,109.88999938964844,109.98999786376953,2927800,REAL_YIELD,yfinance,2026-09-11T13:45:20.643760+00:00,USD,percent,yield,valid,ok
2026-01-02,106.22727966308594,109.86000061035156,110.01000213623047,109.8499984741211,110.0,2787700,REAL_YIELD,yfinance,2026-09-11T13:45:20.643760+00:00,USD,percent,yield,valid,ok
2026-01-05,106.5173568725586,110.16000366210938,110.18000030517578,109.93000030517578,109.97000122070312,2084800,REAL_YIELD,yfinance,2026-09-11T13:45:20.643760+00:00,USD,percent,yield,valid,ok
2026-01-06,106.44000244140625,110.08000183105469,110.16999816894531,109.94999694824219,110.12000274658203,3737900,REAL_YIELD,yfinance,2026-09-11T13:45:20.643760+00:00,USD,percent,yield,valid,ok
2026-01-07,106.60438537597656,110.25,110.30999755859375,110.11000061035156,110.27999877929688,3603400,REAL_YIELD,yfinance,2026-09-11T13:45:20.643760+00:00,USD,percent,yield,valid,ok
2026-01-08,106.39165496826172,110.02999877929688,110.1500015258789,110.0199966430664,110.06999969482422,2414000,REAL_YIELD,yfinance,2026-09-11T13:45:20.643760+00:00,USD,percent,yield,valid,ok
2026-01-09,106.53669738769531,110.18000030517578,110.26000213623047,110.01000213623047,110.08000183105469,2589200,REAL_YIELD,yfinance,2026-09-11T13:45:20.643760+00:00,USD,percent,yield,valid,ok
2026-01-12,106.53669738769531,110.18000030517578,110.26000213623047,110.12000274658203,110.1500015258789,1558700,REAL_YIELD,yfinance,2026-09-11T13:45:20.643760+00:00,USD,percent,yield,valid,ok
2026-01-13,106.63339233398438,110.27999877929688,110.36000061035156,110.19000244140625,110.30000305175781,2589900,REAL_YIELD,yfinance,2026-09-11T13:45:20.643760+00:00,USD,percent,yield,valid,ok
2026-01-14,106.74942779541016,110.4000015258789,110.54000091552734,110.37999725341797,110.37999725341797,1879900,REAL_YIELD,yfinance,2026-09-11T13:45:20.643760+00:00,USD,percent,yield,valid,ok
2026-01-15,106.58504486083984,110.2300033569336,110.44000244140625,110.2300033569336,110.43000030517578,2645900,REAL_YIELD,yfinance,2026-09-11T13:45:20.643760+00:00,USD,percent,yield,valid,ok
2026-01-16,106.3819808959961,110.0199966430664,110.30000305175781,110.0199966430664,110.26000213623047,2318600,REAL_YIELD,yfinance,2026-09-11T13:45:20.643760+00:00,USD,percent,yield,valid,ok
2026-01-20,106.06290435791016,109.69000244140625,109.87000274658203,109.68000030517578,109.70999908447266,2445300,REAL_YIELD,yfinance,2026-09-11T13:45:20.643760+00:00,USD,percent,yield,valid,ok
2026-01-21,106.47869110107422,110.12000274658203,110.12999725341797,109.75,109.81999969482422,4361600,REAL_YIELD,yfinance,2026-09-11T13:45:20.643760+00:00,USD,percent,yield,valid,ok
2026-01-22,106.37232208251953,110.01000213623047,110.19000244140625,109.97000122070312,110.0199966430664,4034100,REAL_YIELD,yfinance,2026-09-11T13:45:20.643760+00:00,USD,percent,yield,valid,ok
2026-01-23,106.58504486083984,110.2300033569336,110.26000213623047,110.01000213623047,110.02999877929688,5141400,REAL_YIELD,yfinance,2026-09-11T13:45:20.643760+00:00,USD,percent,yield,valid,ok
2026-01-26,106.73008728027344,110.37999725341797,110.41999816894531,110.27999877929688,110.33999633789062,2785700,REAL_YIELD,yfinance,2026-09-11T13:45:20.643760+00:00,USD,percent,yield,valid,ok
2026-01-27,106.73975372314453,110.38999938964844,110.48999786376953,110.37999725341797,110.41999816894531,2042000,REAL_YIELD,yfinance,2026-09-11T13:45:20.643760+00:00,USD,percent,yield,valid,ok
2026-01-28,106.7881088256836,110.44000244140625,110.45999908447266,110.23999786376953,110.43000030517578,2449000,REAL_YIELD,yfinance,2026-09-11T13:45:20.643760+00:00,USD,percent,yield,valid,ok
2026-01-29,106.86544799804688,110.5199966430664,110.69000244140625,110.47000122070312,110.48999786376953,2024100,REAL_YIELD,yfinance,2026-09-11T13:45:20.643760+00:00,USD,percent,yield,valid,ok
2026-01-30,106.8267822265625,110.4800033569336,110.55000305175781,110.37999725341797,110.45999908447266,2285100,REAL_YIELD,yfinance,2026-09-11T13:45:20.643760+00:00,USD,percent,yield,valid,ok
2026-02-02,106.54637145996094,110.19000244140625,110.44000244140625,110.16000366210938,110.43000030517578,4416400,REAL_YIELD,yfinance,2026-09-11T13:45:20.643760+00:00,USD,percent,yield,valid,ok
2026-02-03,106.72041320800781,110.37000274658203,110.41000366210938,110.23999786376953,110.23999786376953,1651200,REAL_YIELD,yfinance,2026-09-11T13:45:20.643760+00:00,USD,percent,yield,valid,ok
2026-02-04,106.60438537597656,110.25,110.3499984741211,110.20999908447266,110.22000122070312,4072200,REAL_YIELD,yfinance,2026-09-11T13:45:20.643760+00:00,USD,percent,yield,valid,ok
2026-02-05,106.90412902832031,110.55999755859375,110.58000183105469,110.33999633789062,110.41000366210938,2319200,REAL_YIELD,yfinance,2026-09-11T13:45:20.643760+00:00,USD,percent,yield,valid,ok
2026-02-06,107.01049041748047,110.66999816894531,110.66999816894531,110.4800033569336,110.58999633789062,2478600,REAL_YIELD,yfinance,2026-09-11T13:45:20.643760+00:00,USD,percent,yield,valid,ok
2026-02-09,107.09752655029297,110.76000213623047,110.77999877929688,110.55000305175781,110.5999984741211,2712500,REAL_YIELD,yfinance,2026-09-11T13:45:20.643760+00:00,USD,percent,yield,valid,ok
2026-02-10,107.31990814208984,110.98999786376953,111.08999633789062,110.91000366210938,111.0,2026200,REAL_YIELD,yfinance,2026-09-11T13:45:20.643760+00:00,USD,percent,yield,valid,ok
2026-02-11,107.14586639404297,110.80999755859375,111.0,110.7699966430664,110.83999633789062,1771800,REAL_YIELD,yfinance,2026-09-11T13:45:20.643760+00:00,USD,percent,yield,valid,ok
2026-02-12,107.57131958007812,111.25,111.2699966430664,110.87999725341797,110.9000015258789,2401200,REAL_YIELD,yfinance,2026-09-11T13:45:20.643760+00:00,USD,percent,yield,valid,ok
2026-02-13,107.70669555664062,111.38999938964844,111.44000244140625,111.25,111.37999725341797,4662700,REAL_YIELD,yfinance,2026-09-11T13:45:20.643760+00:00,USD,percent,yield,valid,ok
2026-02-17,107.5519790649414,111.2300033569336,111.33000183105469,111.19999694824219,111.31999969482422,1844000,REAL_YIELD,yfinance,2026-09-11T13:45:20.643760+00:00,USD,percent,yield,valid,ok
2026-02-18,107.48429870605469,111.16000366210938,111.29000091552734,111.12999725341797,111.22000122070312,1939700,REAL_YIELD,yfinance,2026-09-11T13:45:20.643760+00:00,USD,percent,yield,valid,ok
2026-02-19,107.57131958007812,111.25,111.33999633789062,111.12000274658203,111.12999725341797,2665300,REAL_YIELD,yfinance,2026-09-11T13:45:20.643760+00:00,USD,percent,yield,valid,ok
2026-02-20,107.5133056640625,111.19000244140625,111.30999755859375,110.98999786376953,111.30999755859375,3085100,REAL_YIELD,yfinance,2026-09-11T13:45:20.643760+00:00,USD,percent,yield,valid,ok
2026-02-23,107.60999298095703,111.29000091552734,111.45999908447266,111.25,111.29000091552734,2315600,REAL_YIELD,yfinance,2026-09-11T13:45:20.643760+00:00,USD,percent,yield,valid,ok
2026-02-24,107.62932586669922,111.30999755859375,111.36000061035156,111.20999908447266,111.33000183105469,1227200,REAL_YIELD,yfinance,2026-09-11T13:45:20.643760+00:00,USD,percent,yield,valid,ok
2026-02-25,107.72603607177734,111.41000366210938,111.45999908447266,111.26000213623047,111.27999877929688,1549000,REAL_YIELD,yfinance,2026-09-11T13:45:20.643760+00:00,USD,percent,yield,valid,ok
2026-02-26,108.01610565185547,111.70999908447266,111.72000122070312,111.5199966430664,111.52999877929688,1545200,REAL_YIELD,yfinance,2026-09-11T13:45:20.643760+00:00,USD,percent,yield,valid,ok
2026-02-27,108.18048095703125,111.87999725341797,111.9800033569336,111.79000091552734,111.9800033569336,2462700,REAL_YIELD,yfinance,2026-09-11T13:45:20.643760+00:00,USD,percent,yield,valid,ok
2026-03-02,107.88072967529297,111.56999969482422,111.83000183105469,111.31999969482422,111.83000183105469,3321700,REAL_YIELD,yfinance,2026-09-11T13:45:20.643760+00:00,USD,percent,yield,valid,ok
2026-03-03,107.81304931640625,111.5,111.62999725341797,111.27999877929688,111.30999755859375,2735100,REAL_YIELD,yfinance,2026-09-11T13:45:20.643760+00:00,USD,percent,yield,valid,ok
2026-03-04,107.57131958007812,111.25,111.4800033569336,111.23999786376953,111.47000122070312,1760700,REAL_YIELD,yfinance,2026-09-11T13:45:20.643760+00:00,USD,percent,yield,valid,ok
2026-03-05,107.54231262207031,111.22000122070312,111.31999969482422,111.04000091552734,111.08000183105469,2495500,REAL_YIELD,yfinance,2026-09-11T13:45:20.643760+00:00,USD,percent,yield,valid,ok
2026-03-06,107.74536895751953,111.43000030517578,111.70999908447266,111.27999877929688,111.31999969482422,2774400,REAL_YIELD,yfinance,2026-09-11T13:45:20.643760+00:00,USD,percent,yield,valid,ok
2026-03-09,107.9194107055664,111.61000061035156,111.69999694824219,111.3499984741211,111.5199966430664,4620200,REAL_YIELD,yfinance,2026-09-11T13:45:20.643760+00:00,USD,percent,yield,valid,ok
2026-03-10,107.5616455078125,111.23999786376953,111.55000305175781,111.20999908447266,111.52999877929688,2975400,REAL_YIELD,yfinance,2026-09-11T13:45:20.643760+00:00,USD,percent,yield,valid,ok
2026-03-11,107.39727020263672,111.06999969482422,111.26000213623047,111.02999877929688,111.26000213623047,2860600,REAL_YIELD,yfinance,2026-09-11T13:45:20.643760+00:00,USD,percent,yield,valid,ok
2026-03-12,107.26189422607422,110.93000030517578,111.19000244140625,110.80000305175781,111.08000183105469,2417700,REAL_YIELD,yfinance,2026-09-11T13:45:20.643760+00:00,USD,percent,yield,valid,ok
2026-03-13,107.0491714477539,110.70999908447266,110.94000244140625,110.66000366210938,110.87999725341797,2274900,REAL_YIELD,yfinance,2026-09-11T13:45:20.643760+00:00,USD,percent,yield,valid,ok
2026-03-16,107.38760375976562,111.05999755859375,111.08999633789062,110.87999725341797,111.0199966430664,2260600,REAL_YIELD,yfinance,2026-09-11T13:45:20.643760+00:00,USD,percent,yield,valid,ok
2026-03-17,107.76470184326172,111.44999694824219,111.4800033569336,111.22000122070312,111.2699966430664,1821600,REAL_YIELD,yfinance,2026-09-11T13:45:20.643760+00:00,USD,percent,yield,valid,ok
2026-03-18,107.5616455078125,111.23999786376953,111.55999755859375,111.20999908447266,111.51000213623047,3350700,REAL_YIELD,yfinance,2026-09-11T13:45:20.643760+00:00,USD,percent,yield,valid,ok
2026-03-19,107.43595123291016,111.11000061035156,111.2300033569336,110.94999694824219,111.0199966430664,4816200,REAL_YIELD,yfinance,2026-09-11T13:45:20.643760+00:00,USD,percent,yield,valid,ok
2026-03-20,106.57537841796875,110.22000122070312,110.7300033569336,110.19000244140625,110.72000122070312,4004100,REAL_YIELD,yfinance,2026-09-11T13:45:20.643760+00:00,USD,percent,yield,valid,ok
2026-03-23,106.54637145996094,110.19000244140625,110.38999938964844,110.0,110.08999633789062,5753600,REAL_YIELD,yfinance,2026-09-11T13:45:20.643760+00:00,USD,percent,yield,valid,ok
2026-03-24,106.19827270507812,109.83000183105469,110.06999969482422,109.68000030517578,109.87999725341797,4523500,REAL_YIELD,yfinance,2026-09-11T13:45:20.643760+00:00,USD,percent,yield,valid,ok
2026-03-25,106.5173568725586,110.16000366210938,110.16999816894531,109.93000030517578,110.11000061035156,4294500,REAL_YIELD,yfinance,2026-09-11T13:45:20.643760+00:00,USD,percent,yield,valid,ok
2026-03-26,106.13058471679688,109.76000213623047,110.20999908447266,109.76000213623047,110.12000274658203,3267700,REAL_YIELD,yfinance,2026-09-11T13:45:20.643760+00:00,USD,percent,yield,valid,ok
2026-03-27,106.04356384277344,109.66999816894531,109.87000274658203,109.58000183105469,109.6500015258789,3071300,REAL_YIELD,yfinance,2026-09-11T13:45:20.643760+00:00,USD,percent,yield,valid,ok
2026-03-30,106.7010726928711,110.3499984741211,110.5199966430664,110.30000305175781,110.36000061035156,3452800,REAL_YIELD,yfinance,2026-09-11T13:45:20.643760+00:00,USD,percent,yield,valid,ok
